------ 2026-05-08 00:03:00 ------
------ SDK: JetPack_6.2.2_Linux ------
00:03:00.689 - Info: [host] [ Disk Avail on Partition /dev/sda3: 35.75 GB ]00:03:00.689 - Info: Environment variable EXTRA_LOG_FILE has been set to /home/chuy/.nvsdkm/componentLogs/JetPack_6.2.2_Linux/uart.log.00:03:00.689 - Info: change working directory to /home/chuy/nvidia/nvidia_sdk/JetPack_6.2.2_Linux_JETSON_ORIN_NANO_TARGETS/Linux_for_Tegra00:03:00.689 - Info: [ Component Install Started ]00:03:00.689 - Info: current working directory is /home/chuy/nvidia/nvidia_sdk/JetPack_6.2.2_Linux_JETSON_ORIN_NANO_TARGETS/Linux_for_Tegra00:03:00.689 - Info: exec_command [host]:
**********************
flash_device() {
  set -e
  unset LC_ALL
  echo sleep 30 seconds to make sure Jetson board is connected back after pre check.
  sleep 30
  FlashOptions=$(echo "--storage nvme0n1p1 --nv-auto-config --username ortometa3djetson" | sed s/mmcblk1p1/mmcblk0p1/)
  echo sudo ./nvsdkmanager_flash.sh $FlashOptions
  sudo ./nvsdkmanager_flash.sh $FlashOptions
  echo waiting for device boot up...
  sleep 30
  if [[ '--storage nvme0n1p1 --nv-auto-config --username ortometa3djetson' == *'--nv-auto-config'* ]]; then
    echo waiting for device auto config process...
    sleep 120
  fi
  echo done.
}
collect_uart_logs flash_device $EXTRA_LOG_FILE
**********************00:03:00.689 - Info: exec_command: /home/chuy/.nvsdkm/replays/scripts/JetPack_6.2.2_Linux/NV_L4T_JETSON_LINUX_FLASH_COMP.sh00:03:01.137 - Info: sleep 30 seconds to make sure Jetson board is connected back after pre check.
00:03:31.141 - Info: sudo ./nvsdkmanager_flash.sh --storage nvme0n1p1 --nv-auto-config --username ortometa3djetson
00:03:31.163 - Info: 00:03:31.163 - Debug: User passed parameters: nvme0n1p1 --nv-auto-config --username ortometa3djetson
00:03:31.165 - Info: 00:03:31.165 - Debug: Identifying target board...
00:03:31.172 - Info: *** Checking ONLINE mode ... OK.
00:03:31.215 - Info: *** Checking target board connection ... 1 connections found.
00:03:31.260 - Info: *** Reading ECID ... FUSELEVEL=fuselevel_production hwchipid=0x23 bootauth=NS
00:03:31.270 - Info: *** Reading EEPROM ... "/home/chuy/nvidia/nvidia_sdk/JetPack_6.2.2_Linux_JETSON_ORIN_NANO_TARGETS/Linux_for_Tegra/bootloader/tegraflash.py" --chip 0x23 --applet "/home/chuy/nvidia/nvidia_sdk/JetPack_6.2.2_Linux_JETSON_ORIN_NANO_TARGETS/Linux_for_Tegra/bootloader/mb1_t234_prod.bin" --cfg readinfo_t234_min_prod.xml --dev_params tegra234-br-bct-diag-boot.dts --device_config tegra234-mb1-bct-device-p3701-0000.dts --misc_config tegra234-mb1-bct-misc-p3701-0000.dts --bins "mb2_applet applet_t234.bin" --skipuid --cmd "dump eeprom cvm cvm.bin; reboot recovery" 
00:03:31.432 - Info: Welcome to Tegra Flash
00:03:31.432 - Info: version 1.0.0
00:03:31.432 - Info: Type ? or help for help and q or quit to exit
00:03:31.432 - Info: Use ! to execute system commands
00:03:31.432 - Info:  
00:03:31.432 - Info: [   0.0288 ] tegrasign_v3.py --key None --getmode mode.txt
00:03:31.432 - Info: [   0.0290 ] Assuming zero filled SBK key
00:03:31.432 - Info: [   0.0281 ] Pre-processing config: tegra234-mb1-bct-device-p3701-0000.dts
00:03:31.432 - Info: [   0.0384 ] Pre-processing config: tegra234-mb1-bct-misc-p3701-0000.dts
00:03:31.432 - Info: [   0.0512 ] Parsing partition layout
00:03:31.432 - Info: [   0.0526 ] tegraparser_v2 --pt readinfo_t234_min_prod.xml.tmp
00:03:31.432 - Info: [   0.0543 ] Kernel DTB used: None
00:03:31.432 - Info: [   0.0543 ] WARNING: dce base dtb is not provided
00:03:31.432 - Info: 
00:03:31.432 - Info: [   0.0543 ] Parsing partition layout
00:03:31.432 - Info: [   0.0550 ] tegraparser_v2 --pt readinfo_t234_min_prod.xml.tmp
00:03:31.432 - Info: [   0.0566 ] Creating list of images to be signed
00:03:31.432 - Info: [   0.0572 ] tegrahost_v2 --chip 0x23 0 --partitionlayout readinfo_t234_min_prod.xml.bin --list images_list.xml zerosbk
00:03:31.432 - Info: [   0.0579 ] MB1: Nvheader already present is mb1_t234_prod_aligned.bin
00:03:31.433 - Info: [   0.0594 ] Header already present for mb1_t234_prod_aligned_sigheader.bin
00:03:31.439 - Info: [   0.0601 ] MB1: Nvheader already present is mb1_t234_prod_aligned.bin
00:03:31.441 - Info: [   0.0661 ] Header already present for mb1_t234_prod_aligned_sigheader.bin
00:03:31.449 - Info: [   0.0675 ] MB1: Nvheader already present is psc_bl1_t234_prod_aligned.bin
00:03:31.449 - Info: [   0.0754 ] Header already present for psc_bl1_t234_prod_aligned_sigheader.bin
00:03:31.452 - Info: [   0.0756 ] adding BCH for mb2_t234_aligned.bin
00:03:31.470 - Info: [   0.0792 ] MB1: Nvheader already present is psc_bl1_t234_prod_aligned.bin
00:03:31.470 - Info: [   0.0970 ] Header already present for psc_bl1_t234_prod_aligned_sigheader.bin
00:03:31.477 - Info: [   0.0973 ] adding BCH for mb2_t234_aligned.bin
00:03:31.506 - Info: [   0.1201 ] Filling MB1 storage info
00:03:31.506 - Info: [   0.1201 ] Parsing dev params for multi chains
00:03:31.506 - Info: [   0.1306 ] Generating br-bct
00:03:31.506 - Info: [   0.1310 ] Updating dev and MSS params in BR BCT
00:03:31.506 - Info: [   0.1310 ] tegrabct_v2 --dev_param tegra234-br-bct-diag-boot_cpp.dtb --brbct br_bct.cfg --chip 0x23 0
00:03:31.506 - Info: [   0.1317 ] Updating bl info
00:03:31.506 - Info: [   0.1320 ] tegrabct_v2 --brbct br_bct_BR.bct --chip 0x23 0 --updateblinfo readinfo_t234_min_prod.xml.bin
00:03:31.509 - Info: [   0.1325 ] WARNING: boot chain is not completed. set to 0
00:03:31.510 - Info: [   0.1337 ] Generating signatures
00:03:31.510 - Info: [   0.1347 ] tegrasign_v3.py --key None --list images_list.xml --pubkeyhash pub_key.key --sha sha512
00:03:31.510 - Info: [   0.1350 ] Assuming zero filled SBK key
00:03:31.531 - Info: [   0.1533 ] Warning: pub_key.key is not found
00:03:31.531 - Info: [   0.1528 ] Parsing dev params for multi chains
00:03:31.531 - Info: [   0.1529 ] Generating br-bct
00:03:31.531 - Info: [   0.1536 ] Updating dev and MSS params in BR BCT
00:03:31.531 - Info: [   0.1536 ] tegrabct_v2 --dev_param tegra234-br-bct-diag-boot_cpp.dtb --brbct br_bct.cfg --chip 0x23 0
00:03:31.531 - Info: [   0.1547 ] Updating bl info
00:03:31.531 - Info: [   0.1556 ] tegrabct_v2 --brbct br_bct_BR.bct --chip 0x23 0 --updateblinfo readinfo_t234_min_prod.xml.bin --updatesig images_list_signed.xml
00:03:31.531 - Info: [   0.1566 ] WARNING: boot chain is not completed. set to 0
00:03:31.534 - Info: [   0.1590 ] Generating SHA2 Hash
00:03:31.536 - Info: [   0.1616 ] Sha saved in br_bct_BR.sha
00:03:31.536 - Info: [   0.1608 ] Get Signed section of bct
00:03:31.536 - Info: [   0.1612 ] tegrabct_v2 --brbct br_bct_BR.bct --chip 0x23 0 --listbct bct_list.xml
00:03:31.536 - Info: [   0.1619 ] Signing BCT
00:03:31.536 - Info: [   0.1629 ] tegrasign_v3.py --key None --list bct_list.xml --pubkeyhash pub_key.key --sha sha512
00:03:31.536 - Info: [   0.1631 ] Assuming zero filled SBK key
00:03:31.539 - Info: [   0.1655 ] Sha saved in br_bct_BR.sha
00:03:31.539 - Info: [   0.1659 ] Warning: pub_key.key is not found
00:03:31.539 - Info: [   0.1649 ] Updating BCT with signature
00:03:31.539 - Info: [   0.1653 ] tegrabct_v2 --brbct br_bct_BR.bct --chip 0x23 0 --updatesig bct_list_signed.xml
00:03:31.539 - Info: [   0.1657 ] Offset :4608 Len :3584
00:03:31.542 - Info: [   0.1664 ] Generating SHA2 Hash
00:03:31.542 - Info: [   0.1674 ] tegrasign_v3.py --key None --list bct_list.xml --sha sha512
00:03:31.542 - Info: [   0.1676 ] Assuming zero filled SBK key
00:03:31.542 - Info: [   0.1676 ] Assuming zero filled SBK key
00:03:31.548 - Info: [   0.1734 ] Sha saved in br_bct_BR.sha
00:03:31.548 - Info: [   0.1733 ] Updating BCT with SHA2 Hash
00:03:31.548 - Info: [   0.1741 ] tegrabct_v2 --brbct br_bct_BR.bct --chip 0x23 0 --updatesha bct_list_signed.xml
00:03:31.548 - Info: [   0.1747 ] Offset :4608 Len :3584
00:03:31.548 - Info: [   0.1752 ] Offset :68 Len :8124
00:03:31.550 - Info: [   0.1757 ] Generating coldboot mb1-bct
00:03:31.550 - Info: [   0.1766 ] tegrabct_v2 --chip 0x23 0 --mb1bct mb1_cold_boot_bct.cfg --misc tegra234-mb1-bct-misc-p3701-0000_cpp.dtb --device tegra234-mb1-bct-device-p3701-0000_cpp.dtb
00:03:31.550 - Info: [   0.1771 ] MB1-BCT version: 0.13
00:03:31.552 - Info: 
00:03:31.553 - Info: [   0.1794 ] Parsing config file :tegra234-mb1-bct-device-p3701-0000_cpp.dtb 
00:03:31.556 - Info: [   0.1797 ] Added Platform Config 9 data with size :- 100
00:03:31.557 - Info: [   0.1797 ] 
00:03:31.557 - Info: [   0.1797 ] Updating mb1-bct with firmware information
00:03:31.557 - Info: [   0.1802 ] tegrabct_v2 --chip 0x23 0 --mb1bct mb1_cold_boot_bct_MB1.bct --updatefwinfo readinfo_t234_min_prod.xml.bin
00:03:31.557 - Info: [   0.1816 ] tegrahost_v2 --chip 0x23 0 --align mb1_cold_boot_bct_MB1_aligned.bct
00:03:31.557 - Info: [   0.1822 ] Generating SHA2 Hash for mb1bct
00:03:31.561 - Info: [   0.1845 ] Sha saved in mb1_cold_boot_bct_MB1_aligned.sha
00:03:31.561 - Info: [   0.1866 ] Sha saved in mb1_cold_boot_bct_MB1.sha
00:03:31.561 - Info: [   0.1864 ] tegrahost_v2 --chip 0x23 0 --magicid MBCT --appendsigheader mb1_cold_boot_bct_MB1_aligned.bct zerosbk
00:03:31.561 - Info: [   0.1874 ] adding BCH for mb1_cold_boot_bct_MB1_aligned.bct
00:03:31.565 - Info: [   0.1897 ] tegrasign_v3.py --key None --list mb1_cold_boot_bct_MB1_aligned_sigheader.bct_list.xml --pubkeyhash pub_key.key --sha sha512
00:03:31.565 - Info: [   0.1902 ] Assuming zero filled SBK key
00:03:31.569 - Info: [   0.1932 ] Warning: pub_key.key is not found
00:03:31.569 - Info: [   0.1935 ] tegrahost_v2 --chip 0x23 0 --updatesigheader mb1_cold_boot_bct_MB1_aligned_sigheader.bct.encrypt mb1_cold_boot_bct_MB1_aligned_sigheader.bct.hash zerosbk
00:03:31.569 - Info: [   0.1946 ] Generating recovery mb1-bct
00:03:31.569 - Info: [   0.1950 ] tegrabct_v2 --chip 0x23 0 --mb1bct mb1_bct.cfg --misc tegra234-mb1-bct-misc-p3701-0000_cpp.dtb --device tegra234-mb1-bct-device-p3701-0000_cpp.dtb
00:03:31.569 - Info: [   0.1954 ] MB1-BCT version: 0.13
00:03:31.570 - Info: 
00:03:31.571 - Info: [   0.1975 ] Parsing config file :tegra234-mb1-bct-device-p3701-0000_cpp.dtb 
00:03:31.571 - Info: [   0.1978 ] Added Platform Config 9 data with size :- 100
00:03:31.575 - Info: [   0.1979 ] Updating mb1-bct with firmware information
00:03:31.575 - Info: [   0.1984 ] tegrabct_v2 --chip 0x23 0 --mb1bct mb1_bct_MB1.bct --recov --updatefwinfo readinfo_t234_min_prod.xml.bin
00:03:31.575 - Info: [   0.2001 ] tegrahost_v2 --chip 0x23 0 --align mb1_bct_MB1_aligned.bct
00:03:31.575 - Info: [   0.2006 ] Generating SHA2 Hash for mb1bct
00:03:31.578 - Info: [   0.2034 ] Sha saved in mb1_bct_MB1_aligned.sha
00:03:31.584 - Info: [   0.2065 ] Sha saved in mb1_bct_MB1.sha
00:03:31.584 - Info: [   0.2068 ] tegrahost_v2 --chip 0x23 0 --magicid MBCT --appendsigheader mb1_bct_MB1_aligned.bct zerosbk
00:03:31.584 - Info: [   0.2087 ] adding BCH for mb1_bct_MB1_aligned.bct
00:03:31.584 - Info: [   0.2088 ] 
00:03:31.584 - Info: [   0.2100 ] tegrasign_v3.py --key None --list mb1_bct_MB1_aligned_sigheader.bct_list.xml --pubkeyhash pub_key.key --sha sha512
00:03:31.584 - Info: [   0.2102 ] Assuming zero filled SBK key
00:03:31.596 - Info: [   0.2121 ] Warning: pub_key.key is not found
00:03:31.596 - Info: [   0.2116 ] tegrahost_v2 --chip 0x23 0 --updatesigheader mb1_bct_MB1_aligned_sigheader.bct.encrypt mb1_bct_MB1_aligned_sigheader.bct.hash zerosbk
00:03:31.596 - Info: [   0.2127 ] Info: Skip generating mem_bct because sdram_config is not defined
00:03:31.596 - Info: [   0.2127 ] Info: Skip generating mem_bct because sdram_config is not defined
00:03:31.596 - Info: [   0.2127 ] Copying signatures
00:03:31.596 - Info: [   0.2131 ] tegrahost_v2 --chip 0x23 0 --partitionlayout readinfo_t234_min_prod.xml.bin --updatesig images_list_signed.xml
00:03:31.596 - Info: [   0.2198 ] mb1_t234_prod_aligned_sigheader.bin.encrypt filename is from images_list
00:03:31.596 - Info: [   0.2202 ] psc_bl1_t234_prod_aligned_sigheader.bin.encrypt filename is from images_list
00:03:31.596 - Info: [   0.2202 ] Boot Rom communication
00:03:31.596 - Info: [   0.2211 ] tegrarcm_v2 --new_session --chip 0x23 0 --uid --download bct_br br_bct_BR.bct --download mb1 mb1_t234_prod_aligned_sigheader.bin.encrypt --download psc_bl1 psc_bl1_t234_prod_aligned_sigheader.bin.encrypt --download bct_mb1 mb1_bct_MB1_sigheader.bct.encrypt
00:03:31.596 - Info: [   0.2218 ] BR_CID: 0x80012344705E01E35000000009FD8180
00:03:31.598 - Info: [   0.2232 ] Sending bct_br
00:03:31.598 - Info: [   0.2234 ] Sending mb1
00:03:31.608 - Info: [   0.2242 ] Sending psc_bl1
00:03:31.612 - Info: [   0.2339 ] Sending bct_mb1
00:03:31.617 - Info: [   0.2409 ] Boot Rom communication completed
00:03:31.617 - Info: [   0.2419 ] tegrahost_v2 --chip 0x23 0 --align applet_t234_aligned.bin
00:03:31.617 - Info: [   0.2433 ] tegrahost_v2 --chip 0x23 0 --magicid MB2A --appendsigheader applet_t234_aligned.bin zerosbk
00:03:31.618 - Info: [   0.2436 ] adding BCH for applet_t234_aligned.bin
00:03:31.631 - Info: [   0.2563 ] tegrasign_v3.py --key None --list applet_t234_aligned_sigheader.bin_list.xml --pubkeyhash pub_key.key --sha sha512
00:03:31.631 - Info: [   0.2565 ] Assuming zero filled SBK key
00:03:31.840 - Info: [   0.2607 ] Warning: pub_key.key is not found
00:03:31.842 - Info: [   0.2603 ] tegrahost_v2 --chip 0x23 0 --updatesigheader applet_t234_aligned_sigheader.bin.encrypt applet_t234_aligned_sigheader.bin.hash zerosbk
00:03:31.842 - Info: [   0.2618 ] Sending mb2_applet...
00:03:31.842 - Info: 
00:03:31.842 - Info: [   0.2622 ] tegrarcm_v2 --chip 0x23 0 --pollbl --download applet applet_t234_sigheader.bin.encrypt
00:03:31.843 - Info: [   0.2625 ] BL: version 1.4.0.7-t234-54845784-56c609fa last_boot_error: 0
00:03:31.846 - Info: [   0.4677 ] Sending applet
00:03:32.123 - Info: [   0.5670 ] completed
00:03:32.123 - Info: [   0.5682 ] tegrarcm_v2 --chip 0x23 0 --ismb2applet
00:03:32.123 - Info: [   0.5691 ] MB2 Applet version 01.00.0000
00:03:32.128 - Info: [   0.7507 ] tegrarcm_v2 --chip 0x23 0 --ismb2applet
00:03:32.128 - Info: [   0.7514 ] MB2 Applet version 01.00.0000
00:03:32.133 - Info: [   0.7555 ] Retrieving board information
00:03:32.133 - Info: [   0.7563 ] tegrarcm_v2 --chip 0x23 0 --oem platformdetails chip chip_info.bin
00:03:32.133 - Info: [   0.7573 ] MB2 Applet version 01.00.0000
00:03:32.139 - Info: [   0.7599 ] Saved platform info in chip_info.bin
00:03:32.139 - Info: [   0.7653 ] Chip minor revision: 1
00:03:32.139 - Info: [   0.7654 ] Bootrom revision: 0x7
00:03:32.139 - Info: [   0.7655 ] Ram code: 0x3
00:03:32.139 - Info: [   0.7655 ] Chip sku: 0xd5
00:03:32.139 - Info: [   0.7656 ] Chip Sample: prod
00:03:32.143 - Info: [   0.7665 ] Retrieving EEPROM data
00:03:32.143 - Info: [   0.7666 ] tegrarcm_v2 --oem platformdetails eeprom cvm /home/chuy/nvidia/nvidia_sdk/JetPack_6.2.2_Linux_JETSON_ORIN_NANO_TARGETS/Linux_for_Tegra/bootloader/cvm.bin --chip 0x23 0
00:03:32.143 - Info: [   0.7673 ] MB2 Applet version 01.00.0000
00:03:32.177 - Info: [   0.7704 ] Saved platform info in /home/chuy/nvidia/nvidia_sdk/JetPack_6.2.2_Linux_JETSON_ORIN_NANO_TARGETS/Linux_for_Tegra/bootloader/cvm.bin
00:03:32.185 - Info: [   0.8031 ] Rebooting to recovery mode
00:03:32.185 - Info: [   0.8045 ] tegrarcm_v2 --chip 0x23 0 --ismb2
00:03:32.185 - Info: [   0.8093 ] tegrarcm_v2 --chip 0x23 0 --ismb2applet
00:03:32.185 - Info: [   0.8097 ] MB2 Applet version 01.00.0000
00:03:32.189 - Info: [   0.8122 ] Booting to recovery mode
00:03:32.189 - Info: [   0.8127 ] tegrarcm_v2 --chip 0x23 0 --reboot recovery
00:03:32.189 - Info: [   0.8132 ] MB2 Applet version 01.00.0000
00:03:34.240 - Info: --- Reading board information succeeded.
00:03:34.247 - Info: --- Parsing chip_info.bin information succeeded.
00:03:34.247 - Info: Chip SKU(00:00:00:D5) ramcode(00:00:00:03)
00:03:34.247 - Info: Parsing module EEPROM:
00:03:34.252 - Info: --- Parsing board ID (3767) succeeded.
00:03:34.255 - Info: --- Parsing board version (301) succeeded.
00:03:34.259 - Info: --- Parsing board SKU (0003) succeeded.
00:03:34.265 - Info: --- Parsing board REV (H.1) succeeded.
00:03:34.267 - Info: jetson-orin-nano-devkit found.
00:03:34.269 - Info: 00:03:34.269 - Debug: Parsing boardid completed.
00:04:04.274 - Info: 00:04:04.274 - Info: Identified 'jetson-orin-nano-devkit' target board.
00:04:04.278 - Info: 00:04:04.277 - Debug: Checking network configuration...
00:04:04.282 - Info: 00:04:04.282 - Debug: Checking UFW status and NFS port rules...
00:04:04.378 - Info: 00:04:04.377 - Debug: UFW is not active. NFS port is accessible.
00:04:04.381 - Info: 00:04:04.380 - Debug: Checking VPN connections...
00:04:04.385 - Info: 00:04:04.385 - Debug: IPSec service is not running.
00:04:04.387 - Info: 00:04:04.386 - Debug: VPN routes none in tun|tap|ppp|vpn|gpd.
00:04:04.388 - Info: 00:04:04.388 - Debug: No VPN connection detected.
00:04:04.389 - Info: 00:04:04.389 - Info: Network configuration checks completed successfully.
00:04:06.401 - Info: Password for L4T new user ortometa3djetson: 00:04:06.413 - Info: 
00:04:06.435 - Info: 00:04:06.435 - Info: External storage specified nvme0n1p1
00:04:06.436 - Info: 00:04:06.436 - Info: Flashing Jeton Orin Nano
00:04:06.446 - Info: Please install the Secureboot package to use initrd flash for fused board
00:04:06.465 - Info: # Entry added by NVIDIA initrd flash tool
00:04:06.480 - Info: /home/chuy/nvidia/nvidia_sdk/JetPack_6.2.2_Linux_JETSON_ORIN_NANO_TARGETS/Linux_for_Tegra/tools/kernel_flash/tmp 127.0.0.1(rw,nohide,insecure,no_subtree_check,async,no_root_squash)
rpcbind: another rpcbind is already running. Aborting
00:04:06.743 - Info: Export list for localhost:
00:04:06.743 - Info: /home/chuy/nvidia/nvidia_sdk/JetPack_6.2.2_Linux_JETSON_ORIN_NANO_TARGETS/Linux_for_Tegra/tools/kernel_flash/tmp 127.0.0.1
00:04:06.748 - Info: 00:04:06.748 - Debug: Checking UFW status and NFS port rules...
00:04:06.842 - Info: 00:04:06.842 - Debug: UFW is not active. NFS port is accessible.
00:04:06.844 - Info: 00:04:06.844 - Debug: Checking VPN connections...
00:04:06.850 - Info: 00:04:06.850 - Debug: IPSec service is not running.
00:04:06.852 - Info: 00:04:06.852 - Debug: VPN routes none in tun|tap|ppp|vpn|gpd.
00:04:06.853 - Info: 00:04:06.853 - Debug: No VPN connection detected.
00:04:06.904 - Info: /home/chuy/nvidia/nvidia_sdk/JetPack_6.2.2_Linux_JETSON_ORIN_NANO_TARGETS/Linux_for_Tegra/tools/kernel_flash/l4t_initrd_flash_internal.sh --no-flash --external-device nvme0n1p1 -c tools/kernel_flash/flash_l4t_t234_nvme.xml --showlogs --network usb0 -p -C nv-auto-config -p --no-systemimg -c bootloader/generic/cfg/flash_t234_qspi.xml jetson-orin-nano-devkit internal
00:04:06.920 - Info: ************************************
00:04:06.920 - Info: *                                  *
00:04:06.920 - Info: *  Step 1: Generate flash packages *
00:04:06.920 - Info: *                                  *
00:04:06.920 - Info: ************************************
00:04:06.937 - Info: Create folder to store images to flash
00:04:06.946 - Info: Generate image for internal storage devices
00:04:06.947 - Info: /home/chuy/nvidia/nvidia_sdk/JetPack_6.2.2_Linux_JETSON_ORIN_NANO_TARGETS/Linux_for_Tegra/tools/kernel_flash/l4t_create_images_for_kernel_flash.sh: line 517: [: : integer expression expected
00:04:06.947 - Info: Generate images to be flashed
00:04:06.947 - Info: ADDITIONAL_DTB_OVERLAY="BootOrderNvme.dtbo"  /home/chuy/nvidia/nvidia_sdk/JetPack_6.2.2_Linux_JETSON_ORIN_NANO_TARGETS/Linux_for_Tegra/flash.sh --no-flash --sign  -C nv-auto-config --no-systemimg -c bootloader/generic/cfg/flash_t234_qspi.xml jetson-orin-nano-devkit internal
00:04:06.947 - Info: 
00:04:06.947 - Info: 
00:04:06.967 - Info: ###############################################################################
00:04:06.967 - Info: # L4T BSP Information:
00:04:06.967 - Info: # R36 , REVISION: 5.0
00:04:06.967 - Info: # User release: 0.0
00:04:06.967 - Info: ###############################################################################
00:04:06.971 - Info: ECID is 0x80012344705E01E35000000009FD8180
00:04:07.003 - Info: copying device_config(/home/chuy/nvidia/nvidia_sdk/JetPack_6.2.2_Linux_JETSON_ORIN_NANO_TARGETS/Linux_for_Tegra/bootloader/generic/BCT/tegra234-mb1-bct-device-p3767-0000.dts)... done.
00:04:07.004 - Info: copying misc_config(/home/chuy/nvidia/nvidia_sdk/JetPack_6.2.2_Linux_JETSON_ORIN_NANO_TARGETS/Linux_for_Tegra/bootloader/generic/BCT/tegra234-mb1-bct-misc-p3767-0000.dts)... done.
00:04:07.007 - Info: copying emc_fuse_dev_params(/home/chuy/nvidia/nvidia_sdk/JetPack_6.2.2_Linux_JETSON_ORIN_NANO_TARGETS/Linux_for_Tegra/bootloader/generic/BCT/tegra234-br-bct-diag-boot.dts)... done.
00:04:07.013 - Info: copying minratchet_config(/home/chuy/nvidia/nvidia_sdk/JetPack_6.2.2_Linux_JETSON_ORIN_NANO_TARGETS/Linux_for_Tegra/bootloader/generic/BCT/tegra234-mb1-bct-ratchet-p3767-0000.dts)... done.
00:04:07.019 - Info: Existing emcfuse(/home/chuy/nvidia/nvidia_sdk/JetPack_6.2.2_Linux_JETSON_ORIN_NANO_TARGETS/Linux_for_Tegra/bootloader/fuse_t234.xml) reused.
00:04:07.020 - Info: ./tegraflash.py --chip "0x23" --applet "/home/chuy/nvidia/nvidia_sdk/JetPack_6.2.2_Linux_JETSON_ORIN_NANO_TARGETS/Linux_for_Tegra/bootloader/mb1_t234_prod.bin" --skipuid --cfg readinfo_t234_min_prod.xml --dev_params tegra234-br-bct-diag-boot.dts --device_config tegra234-mb1-bct-device-p3767-0000.dts --misc_config tegra234-mb1-bct-misc-p3767-0000.dts --bins "mb2_applet applet_t234.bin" --minratchet_config tegra234-mb1-bct-ratchet-p3767-0000.dts --cmd "readfuses fuse_t234.bin fuse_t234.xml; dump eeprom cvm cvm.bin; dump try_custinfo custinfo_out.bin; reboot recovery" 
00:04:07.192 - Info: Welcome to Tegra Flash
00:04:07.192 - Info: version 1.0.0
00:04:07.193 - Info: Type ? or help for help and q or quit to exit
00:04:07.193 - Info: Use ! to execute system commands
00:04:07.193 - Info:  
00:04:07.193 - Info: [   0.0300 ] Reading fuses
00:04:07.193 - Info: [   0.0322 ] tegrasign_v3.py --key None --getmode mode.txt
00:04:07.193 - Info: [   0.0324 ] Assuming zero filled SBK key
00:04:07.193 - Info: [   0.0313 ] Pre-processing config: tegra234-mb1-bct-device-p3767-0000.dts
00:04:07.193 - Info: [   0.0463 ] Pre-processing config: tegra234-mb1-bct-misc-p3767-0000.dts
00:04:07.193 - Info: [   0.0596 ] Pre-processing config: tegra234-mb1-bct-ratchet-p3767-0000.dts
00:04:07.193 - Info: [   0.0692 ] Parsing partition layout
00:04:07.193 - Info: [   0.0697 ] tegraparser_v2 --pt readinfo_t234_min_prod.xml.tmp
00:04:07.193 - Info: [   0.0709 ] Kernel DTB used: None
00:04:07.193 - Info: [   0.0709 ] WARNING: dce base dtb is not provided
00:04:07.193 - Info: 
00:04:07.193 - Info: [   0.0709 ] Parsing partition layout
00:04:07.193 - Info: [   0.0713 ] tegraparser_v2 --pt readinfo_t234_min_prod.xml.tmp
00:04:07.193 - Info: [   0.0720 ] Creating list of images to be signed
00:04:07.193 - Info: [   0.0727 ] Generating ratchet blob
00:04:07.193 - Info: [   0.0727 ] Generating coldboot mb1-bct
00:04:07.193 - Info: [   0.0746 ] tegrabct_v2 --chip 0x23 0 --mb1bct mb1_cold_boot_bct.cfg --misc tegra234-mb1-bct-misc-p3767-0000_cpp.dtb --device tegra234-mb1-bct-device-p3767-0000_cpp.dtb --minratchet tegra234-mb1-bct-ratchet-p3767-0000_cpp.dtb --ratchet_blob ratchet_blob.bin
00:04:07.193 - Info: [   0.0753 ] MB1-BCT version: 0.13
00:04:07.196 - Info: 
00:04:07.196 - Info: [   0.0784 ] Parsing config file :tegra234-mb1-bct-device-p3767-0000_cpp.dtb 
00:04:07.202 - Info: [   0.0793 ] Added Platform Config 9 data with size :- 100
00:04:07.202 - Info: [   0.0793 ] 
00:04:07.202 - Info: [   0.0793 ] Parsing config file :tegra234-mb1-bct-ratchet-p3767-0000_cpp.dtb 
00:04:07.202 - Info: [   0.0793 ] 
00:04:07.202 - Info: [   0.0793 ] Updating mb1-bct with firmware information
00:04:07.202 - Info: [   0.0800 ] tegrabct_v2 --chip 0x23 0 --mb1bct mb1_cold_boot_bct_MB1.bct --updatefwinfo readinfo_t234_min_prod.xml.bin
00:04:07.202 - Info: [   0.0829 ] tegrahost_v2 --chip 0x23 0 --align mb1_cold_boot_bct_MB1_aligned.bct
00:04:07.202 - Info: [   0.0838 ] Generating SHA2 Hash for mb1bct
00:04:07.203 - Info: [   0.0862 ] Sha saved in mb1_cold_boot_bct_MB1_aligned.sha
00:04:07.204 - Info: [   0.0873 ] Sha saved in mb1_cold_boot_bct_MB1.sha
00:04:07.204 - Info: [   0.0867 ] tegrahost_v2 --chip 0x23 0 --magicid MBCT --ratchet_blob ratchet_blob.bin --appendsigheader mb1_cold_boot_bct_MB1_aligned.bct zerosbk
00:04:07.204 - Info: [   0.0872 ] adding BCH for mb1_cold_boot_bct_MB1_aligned.bct
00:04:07.209 - Info: [   0.0895 ] tegrasign_v3.py --key None --list mb1_cold_boot_bct_MB1_aligned_sigheader.bct_list.xml --pubkeyhash pub_key.key --sha sha512
00:04:07.209 - Info: [   0.0898 ] Assuming zero filled SBK key
00:04:07.215 - Info: [   0.0930 ] Warning: pub_key.key is not found
00:04:07.215 - Info: [   0.0942 ] tegrahost_v2 --chip 0x23 0 --updatesigheader mb1_cold_boot_bct_MB1_aligned_sigheader.bct.encrypt mb1_cold_boot_bct_MB1_aligned_sigheader.bct.hash zerosbk
00:04:07.215 - Info: [   0.0963 ] tegrahost_v2 --chip 0x23 0 --partitionlayout readinfo_t234_min_prod.xml.bin --ratchet_blob ratchet_blob.bin --list images_list.xml zerosbk
00:04:07.215 - Info: [   0.0968 ] MB1: Nvheader already present is mb1_t234_prod_aligned.bin
00:04:07.216 - Info: [   0.0981 ] Header already present for mb1_t234_prod_aligned_sigheader.bin
00:04:07.222 - Info: [   0.0987 ] MB1: Nvheader already present is mb1_t234_prod_aligned.bin
00:04:07.223 - Info: [   0.1052 ] Header already present for mb1_t234_prod_aligned_sigheader.bin
00:04:07.231 - Info: [   0.1056 ] MB1: Nvheader already present is psc_bl1_t234_prod_aligned.bin
00:04:07.232 - Info: [   0.1143 ] Header already present for psc_bl1_t234_prod_aligned_sigheader.bin
00:04:07.235 - Info: [   0.1146 ] adding BCH for mb2_t234_aligned.bin
00:04:07.251 - Info: [   0.1184 ] MB1: Nvheader already present is psc_bl1_t234_prod_aligned.bin
00:04:07.252 - Info: [   0.1344 ] Header already present for psc_bl1_t234_prod_aligned_sigheader.bin
00:04:07.255 - Info: [   0.1348 ] adding BCH for mb2_t234_aligned.bin
00:04:07.286 - Info: [   0.1546 ] Filling MB1 storage info
00:04:07.286 - Info: [   0.1546 ] Parsing dev params for multi chains
00:04:07.286 - Info: [   0.1656 ] Generating br-bct
00:04:07.286 - Info: [   0.1663 ] Updating dev and MSS params in BR BCT
00:04:07.286 - Info: [   0.1663 ] tegrabct_v2 --dev_param tegra234-br-bct-diag-boot_cpp.dtb --brbct br_bct.cfg --chip 0x23 0
00:04:07.286 - Info: [   0.1673 ] Updating bl info
00:04:07.286 - Info: [   0.1678 ] tegrabct_v2 --brbct br_bct_BR.bct --chip 0x23 0 --updateblinfo readinfo_t234_min_prod.xml.bin
00:04:07.286 - Info: [   0.1681 ] WARNING: boot chain is not completed. set to 0
00:04:07.288 - Info: [   0.1691 ] Generating signatures
00:04:07.288 - Info: [   0.1703 ] tegrasign_v3.py --key None --list images_list.xml --pubkeyhash pub_key.key --sha sha512
00:04:07.288 - Info: [   0.1705 ] Assuming zero filled SBK key
00:04:07.305 - Info: [   0.1865 ] Warning: pub_key.key is not found
00:04:07.305 - Info: [   0.1856 ] Parsing dev params for multi chains
00:04:07.305 - Info: [   0.1856 ] Generating br-bct
00:04:07.305 - Info: [   0.1860 ] Updating dev and MSS params in BR BCT
00:04:07.305 - Info: [   0.1860 ] tegrabct_v2 --dev_param tegra234-br-bct-diag-boot_cpp.dtb --brbct br_bct.cfg --chip 0x23 0
00:04:07.305 - Info: [   0.1867 ] Updating bl info
00:04:07.305 - Info: [   0.1871 ] tegrabct_v2 --brbct br_bct_BR.bct --chip 0x23 0 --updateblinfo readinfo_t234_min_prod.xml.bin --updatesig images_list_signed.xml
00:04:07.305 - Info: [   0.1873 ] WARNING: boot chain is not completed. set to 0
00:04:07.309 - Info: [   0.1887 ] Generating SHA2 Hash
00:04:07.312 - Info: [   0.1918 ] Sha saved in br_bct_BR.sha
00:04:07.312 - Info: [   0.1909 ] Get Signed section of bct
00:04:07.312 - Info: [   0.1917 ] tegrabct_v2 --brbct br_bct_BR.bct --chip 0x23 0 --listbct bct_list.xml
00:04:07.312 - Info: [   0.1933 ] Signing BCT
00:04:07.313 - Info: [   0.1946 ] tegrasign_v3.py --key None --list bct_list.xml --pubkeyhash pub_key.key --sha sha512
00:04:07.313 - Info: [   0.1950 ] Assuming zero filled SBK key
00:04:07.317 - Info: [   0.1988 ] Sha saved in br_bct_BR.sha
00:04:07.317 - Info: [   0.1992 ] Warning: pub_key.key is not found
00:04:07.317 - Info: [   0.1980 ] Updating BCT with signature
00:04:07.317 - Info: [   0.1987 ] tegrabct_v2 --brbct br_bct_BR.bct --chip 0x23 0 --updatesig bct_list_signed.xml
00:04:07.317 - Info: [   0.1993 ] Offset :4608 Len :3584
00:04:07.318 - Info: [   0.2000 ] Generating SHA2 Hash
00:04:07.318 - Info: [   0.2013 ] tegrasign_v3.py --key None --list bct_list.xml --sha sha512
00:04:07.318 - Info: [   0.2014 ] Assuming zero filled SBK key
00:04:07.318 - Info: [   0.2014 ] Assuming zero filled SBK key
00:04:07.321 - Info: [   0.2039 ] Sha saved in br_bct_BR.sha
00:04:07.321 - Info: [   0.2030 ] Updating BCT with SHA2 Hash
00:04:07.321 - Info: [   0.2034 ] tegrabct_v2 --brbct br_bct_BR.bct --chip 0x23 0 --updatesha bct_list_signed.xml
00:04:07.321 - Info: [   0.2037 ] Offset :4608 Len :3584
00:04:07.321 - Info: [   0.2041 ] Offset :68 Len :8124
00:04:07.325 - Info: [   0.2043 ] Generating coldboot mb1-bct
00:04:07.325 - Info: [   0.2048 ] tegrabct_v2 --chip 0x23 0 --mb1bct mb1_cold_boot_bct.cfg --misc tegra234-mb1-bct-misc-p3767-0000_cpp.dtb --device tegra234-mb1-bct-device-p3767-0000_cpp.dtb --minratchet tegra234-mb1-bct-ratchet-p3767-0000_cpp.dtb --ratchet_blob ratchet_blob.bin
00:04:07.325 - Info: [   0.2053 ] MB1-BCT version: 0.13
00:04:07.326 - Info: 
00:04:07.327 - Info: [   0.2090 ] Parsing config file :tegra234-mb1-bct-device-p3767-0000_cpp.dtb 
00:04:07.333 - Info: [   0.2099 ] Added Platform Config 9 data with size :- 100
00:04:07.333 - Info: [   0.2100 ] 
00:04:07.333 - Info: [   0.2100 ] Parsing config file :tegra234-mb1-bct-ratchet-p3767-0000_cpp.dtb 
00:04:07.333 - Info: [   0.2100 ] 
00:04:07.333 - Info: [   0.2100 ] Updating mb1-bct with firmware information
00:04:07.333 - Info: [   0.2110 ] tegrabct_v2 --chip 0x23 0 --mb1bct mb1_cold_boot_bct_MB1.bct --updatefwinfo readinfo_t234_min_prod.xml.bin
00:04:07.333 - Info: [   0.2135 ] tegrahost_v2 --chip 0x23 0 --align mb1_cold_boot_bct_MB1_aligned.bct
00:04:07.333 - Info: [   0.2142 ] Generating SHA2 Hash for mb1bct
00:04:07.334 - Info: [   0.2170 ] Sha saved in mb1_cold_boot_bct_MB1_aligned.sha
00:04:07.336 - Info: [   0.2184 ] Sha saved in mb1_cold_boot_bct_MB1.sha
00:04:07.336 - Info: [   0.2178 ] tegrahost_v2 --chip 0x23 0 --magicid MBCT --ratchet_blob ratchet_blob.bin --appendsigheader mb1_cold_boot_bct_MB1_aligned.bct zerosbk
00:04:07.336 - Info: [   0.2182 ] adding BCH for mb1_cold_boot_bct_MB1_aligned.bct
00:04:07.338 - Info: [   0.2206 ] tegrasign_v3.py --key None --list mb1_cold_boot_bct_MB1_aligned_sigheader.bct_list.xml --pubkeyhash pub_key.key --sha sha512
00:04:07.338 - Info: [   0.2208 ] Assuming zero filled SBK key
00:04:07.343 - Info: [   0.2224 ] Warning: pub_key.key is not found
00:04:07.343 - Info: [   0.2217 ] tegrahost_v2 --chip 0x23 0 --updatesigheader mb1_cold_boot_bct_MB1_aligned_sigheader.bct.encrypt mb1_cold_boot_bct_MB1_aligned_sigheader.bct.hash zerosbk
00:04:07.343 - Info: [   0.2230 ] Generating recovery mb1-bct
00:04:07.343 - Info: [   0.2247 ] tegrabct_v2 --chip 0x23 0 --mb1bct mb1_bct.cfg --misc tegra234-mb1-bct-misc-p3767-0000_cpp.dtb --device tegra234-mb1-bct-device-p3767-0000_cpp.dtb --minratchet tegra234-mb1-bct-ratchet-p3767-0000_cpp.dtb --ratchet_blob ratchet_blob.bin
00:04:07.343 - Info: [   0.2254 ] MB1-BCT version: 0.13
00:04:07.346 - Info: 
00:04:07.346 - Info: [   0.2285 ] Parsing config file :tegra234-mb1-bct-device-p3767-0000_cpp.dtb 
00:04:07.350 - Info: [   0.2289 ] Added Platform Config 9 data with size :- 100
00:04:07.350 - Info: [   0.2289 ] 
00:04:07.350 - Info: [   0.2289 ] Parsing config file :tegra234-mb1-bct-ratchet-p3767-0000_cpp.dtb 
00:04:07.350 - Info: [   0.2289 ] 
00:04:07.350 - Info: [   0.2290 ] Updating mb1-bct with firmware information
00:04:07.350 - Info: [   0.2296 ] tegrabct_v2 --chip 0x23 0 --mb1bct mb1_bct_MB1.bct --recov --updatefwinfo readinfo_t234_min_prod.xml.bin
00:04:07.350 - Info: [   0.2315 ] tegrahost_v2 --chip 0x23 0 --align mb1_bct_MB1_aligned.bct
00:04:07.350 - Info: [   0.2321 ] Generating SHA2 Hash for mb1bct
00:04:07.351 - Info: [   0.2345 ] Sha saved in mb1_bct_MB1_aligned.sha
00:04:07.353 - Info: [   0.2358 ] Sha saved in mb1_bct_MB1.sha
00:04:07.353 - Info: [   0.2353 ] tegrahost_v2 --chip 0x23 0 --magicid MBCT --ratchet_blob ratchet_blob.bin --appendsigheader mb1_bct_MB1_aligned.bct zerosbk
00:04:07.353 - Info: [   0.2357 ] adding BCH for mb1_bct_MB1_aligned.bct
00:04:07.355 - Info: [   0.2382 ] tegrasign_v3.py --key None --list mb1_bct_MB1_aligned_sigheader.bct_list.xml --pubkeyhash pub_key.key --sha sha512
00:04:07.355 - Info: [   0.2383 ] Assuming zero filled SBK key
00:04:07.368 - Info: [   0.2397 ] Warning: pub_key.key is not found
00:04:07.368 - Info: [   0.2398 ] tegrahost_v2 --chip 0x23 0 --updatesigheader mb1_bct_MB1_aligned_sigheader.bct.encrypt mb1_bct_MB1_aligned_sigheader.bct.hash zerosbk
00:04:07.368 - Info: [   0.2418 ] Info: Skip generating mem_bct because sdram_config is not defined
00:04:07.368 - Info: [   0.2418 ] Info: Skip generating mem_bct because sdram_config is not defined
00:04:07.368 - Info: [   0.2418 ] Copying signatures
00:04:07.368 - Info: [   0.2425 ] tegrahost_v2 --chip 0x23 0 --partitionlayout readinfo_t234_min_prod.xml.bin --updatesig images_list_signed.xml
00:04:07.368 - Info: [   0.2498 ] mb1_t234_prod_aligned_sigheader.bin.encrypt filename is from images_list
00:04:07.368 - Info: [   0.2499 ] psc_bl1_t234_prod_aligned_sigheader.bin.encrypt filename is from images_list
00:04:07.368 - Info: [   0.2499 ] Boot Rom communication
00:04:07.368 - Info: [   0.2504 ] tegrarcm_v2 --new_session --chip 0x23 0 --uid --download bct_br br_bct_BR.bct --download mb1 mb1_t234_prod_aligned_sigheader.bin.encrypt --download psc_bl1 psc_bl1_t234_prod_aligned_sigheader.bin.encrypt --download bct_mb1 mb1_bct_MB1_sigheader.bct.encrypt
00:04:07.369 - Info: [   0.2507 ] BR_CID: 0x80012344705E01E35000000009FD8180
00:04:07.369 - Info: [   0.2517 ] Sending bct_br
00:04:07.369 - Info: [   0.2518 ] Sending mb1
00:04:07.379 - Info: [   0.2524 ] Sending psc_bl1
00:04:07.384 - Info: [   0.2626 ] Sending bct_mb1
00:04:07.388 - Info: [   0.2682 ] Boot Rom communication completed
00:04:07.388 - Info: [   0.2692 ] tegrahost_v2 --chip 0x23 0 --align applet_t234_aligned.bin
00:04:07.388 - Info: [   0.2701 ] tegrahost_v2 --chip 0x23 0 --magicid MB2A --ratchet_blob ratchet_blob.bin --appendsigheader applet_t234_aligned.bin zerosbk
00:04:07.388 - Info: [   0.2704 ] adding BCH for applet_t234_aligned.bin
00:04:07.403 - Info: [   0.2862 ] tegrasign_v3.py --key None --list applet_t234_aligned_sigheader.bin_list.xml --pubkeyhash pub_key.key --sha sha512
00:04:07.404 - Info: [   0.2864 ] Assuming zero filled SBK key
00:04:07.614 - Info: [   0.2892 ] Warning: pub_key.key is not found
00:04:07.614 - Info: [   0.2885 ] tegrahost_v2 --chip 0x23 0 --updatesigheader applet_t234_aligned_sigheader.bin.encrypt applet_t234_aligned_sigheader.bin.hash zerosbk
00:04:07.614 - Info: [   0.2909 ] Sending mb2_applet...
00:04:07.614 - Info: 
00:04:07.614 - Info: [   0.2916 ] tegrarcm_v2 --chip 0x23 0 --pollbl --download applet applet_t234_sigheader.bin.encrypt
00:04:07.614 - Info: [   0.2923 ] BL: version 1.4.0.7-t234-54845784-56c609fa last_boot_error: 0
00:04:07.614 - Info: [   0.4969 ] Sending applet
00:04:07.900 - Info: [   0.5953 ] completed
00:04:07.900 - Info: [   0.5961 ] tegrarcm_v2 --chip 0x23 0 --ismb2applet
00:04:07.900 - Info: [   0.5966 ] MB2 Applet version 01.00.0000
00:04:07.904 - Info: [   0.7827 ] tegrarcm_v2 --chip 0x23 0 --ismb2applet
00:04:07.904 - Info: [   0.7837 ] MB2 Applet version 01.00.0000
00:04:07.916 - Info: [   0.7869 ] Parsing fuse info as per xml file
00:04:07.916 - Info: [   0.7887 ] tegraparser_v2 --chip 0x23 0 --get_fuse_names fuse_t234.xml read_fuse_names.txt
00:04:07.916 - Info: [   0.7924 ] MagicId=0x45535546 version=0x2
00:04:07.916 - Info: [   0.7924 ] 
00:04:07.916 - Info: [   0.7924 ] trying to read fuse with MB2 Applet
00:04:07.916 - Info: [   0.7936 ] tegraparser_v2 --chip 0x23 0 --read_fusetype PublicKeyHash read_fuse.bin
00:04:07.916 - Info: [   0.7955 ] tegrarcm_v2 --oem readfuses __fuse_read_scatter.bin read_fuse.bin
00:04:07.916 - Info: [   0.7963 ] MB2 Applet version 01.00.0000
00:04:07.921 - Info: [   0.7986 ] Saved read fuses in file __fuse_read_scatter.bin
00:04:07.927 - Info: [   0.8046 ] Fuse read successful
00:04:07.933 - Info: [   0.8092 ] tegraparser_v2 --chip 0x23 0 --read_fusetype PkcPubkeyHash1 read_fuse.bin
00:04:07.933 - Info: [   0.8115 ] tegrarcm_v2 --oem readfuses __fuse_read_scatter.bin read_fuse.bin
00:04:07.933 - Info: [   0.8125 ] MB2 Applet version 01.00.0000
00:04:07.941 - Info: [   0.8154 ] Saved read fuses in file __fuse_read_scatter.bin
00:04:07.943 - Info: [   0.8239 ] Fuse read successful
00:04:07.949 - Info: [   0.8268 ] tegraparser_v2 --chip 0x23 0 --read_fusetype PkcPubkeyHash2 read_fuse.bin
00:04:07.949 - Info: [   0.8290 ] tegrarcm_v2 --oem readfuses __fuse_read_scatter.bin read_fuse.bin
00:04:07.949 - Info: [   0.8300 ] MB2 Applet version 01.00.0000
00:04:07.955 - Info: [   0.8326 ] Saved read fuses in file __fuse_read_scatter.bin
00:04:07.957 - Info: [   0.8385 ] Fuse read successful
00:04:07.963 - Info: [   0.8400 ] tegraparser_v2 --chip 0x23 0 --read_fusetype BootSecurityInfo read_fuse.bin
00:04:07.963 - Info: [   0.8426 ] tegrarcm_v2 --oem readfuses __fuse_read_scatter.bin read_fuse.bin
00:04:07.963 - Info: [   0.8431 ] MB2 Applet version 01.00.0000
00:04:07.969 - Info: [   0.8460 ] Saved read fuses in file __fuse_read_scatter.bin
00:04:07.970 - Info: [   0.8520 ] Fuse read successful
00:04:07.974 - Info: [   0.8532 ] tegraparser_v2 --chip 0x23 0 --read_fusetype ArmJtagDisable read_fuse.bin
00:04:07.974 - Info: [   0.8543 ] tegrarcm_v2 --oem readfuses __fuse_read_scatter.bin read_fuse.bin
00:04:07.974 - Info: [   0.8548 ] MB2 Applet version 01.00.0000
00:04:07.980 - Info: [   0.8573 ] Saved read fuses in file __fuse_read_scatter.bin
00:04:07.981 - Info: [   0.8633 ] Fuse read successful
00:04:07.986 - Info: [   0.8647 ] tegraparser_v2 --chip 0x23 0 --read_fusetype SecurityMode read_fuse.bin
00:04:07.986 - Info: [   0.8662 ] tegrarcm_v2 --oem readfuses __fuse_read_scatter.bin read_fuse.bin
00:04:07.986 - Info: [   0.8666 ] MB2 Applet version 01.00.0000
00:04:07.992 - Info: [   0.8691 ] Saved read fuses in file __fuse_read_scatter.bin
00:04:07.993 - Info: [   0.8751 ] Fuse read successful
00:04:07.999 - Info: [   0.8772 ] tegraparser_v2 --chip 0x23 0 --read_fusetype SwReserved read_fuse.bin
00:04:07.999 - Info: [   0.8795 ] tegrarcm_v2 --oem readfuses __fuse_read_scatter.bin read_fuse.bin
00:04:07.999 - Info: [   0.8799 ] MB2 Applet version 01.00.0000
00:04:08.005 - Info: [   0.8826 ] Saved read fuses in file __fuse_read_scatter.bin
00:04:08.006 - Info: [   0.8885 ] Fuse read successful
00:04:08.013 - Info: [   0.8900 ] tegraparser_v2 --chip 0x23 0 --read_fusetype DebugAuthentication read_fuse.bin
00:04:08.013 - Info: [   0.8928 ] tegrarcm_v2 --oem readfuses __fuse_read_scatter.bin read_fuse.bin
00:04:08.013 - Info: [   0.8936 ] MB2 Applet version 01.00.0000
00:04:08.020 - Info: [   0.8964 ] Saved read fuses in file __fuse_read_scatter.bin
00:04:08.021 - Info: [   0.9031 ] Fuse read successful
00:04:08.025 - Info: [   0.9044 ] tegraparser_v2 --chip 0x23 0 --read_fusetype OdmInfo read_fuse.bin
00:04:08.025 - Info: [   0.9053 ] tegrarcm_v2 --oem readfuses __fuse_read_scatter.bin read_fuse.bin
00:04:08.025 - Info: [   0.9055 ] MB2 Applet version 01.00.0000
00:04:08.031 - Info: [   0.9084 ] Saved read fuses in file __fuse_read_scatter.bin
00:04:08.032 - Info: [   0.9145 ] Fuse read successful
00:04:08.037 - Info: [   0.9164 ] tegraparser_v2 --chip 0x23 0 --read_fusetype OdmId read_fuse.bin
00:04:08.037 - Info: [   0.9177 ] tegrarcm_v2 --oem readfuses __fuse_read_scatter.bin read_fuse.bin
00:04:08.037 - Info: [   0.9180 ] MB2 Applet version 01.00.0000
00:04:08.043 - Info: [   0.9206 ] Saved read fuses in file __fuse_read_scatter.bin
00:04:08.045 - Info: [   0.9266 ] Fuse read successful
00:04:08.050 - Info: [   0.9292 ] tegraparser_v2 --chip 0x23 0 --read_fusetype OdmLock read_fuse.bin
00:04:08.050 - Info: [   0.9304 ] tegrarcm_v2 --oem readfuses __fuse_read_scatter.bin read_fuse.bin
00:04:08.050 - Info: [   0.9307 ] MB2 Applet version 01.00.0000
00:04:08.056 - Info: [   0.9333 ] Saved read fuses in file __fuse_read_scatter.bin
00:04:08.057 - Info: [   0.9392 ] Fuse read successful
00:04:08.064 - Info: [   0.9409 ] tegraparser_v2 --chip 0x23 0 --read_fusetype ReservedOdm0 read_fuse.bin
00:04:08.064 - Info: [   0.9431 ] tegrarcm_v2 --oem readfuses __fuse_read_scatter.bin read_fuse.bin
00:04:08.064 - Info: [   0.9440 ] MB2 Applet version 01.00.0000
00:04:08.070 - Info: [   0.9469 ] Saved read fuses in file __fuse_read_scatter.bin
00:04:08.070 - Info: [   0.9528 ] Fuse read successful
00:04:08.076 - Info: [   0.9541 ] tegraparser_v2 --chip 0x23 0 --read_fusetype ReservedOdm1 read_fuse.bin
00:04:08.076 - Info: [   0.9558 ] tegrarcm_v2 --oem readfuses __fuse_read_scatter.bin read_fuse.bin
00:04:08.076 - Info: [   0.9564 ] MB2 Applet version 01.00.0000
00:04:08.082 - Info: [   0.9591 ] Saved read fuses in file __fuse_read_scatter.bin
00:04:08.083 - Info: [   0.9653 ] Fuse read successful
00:04:08.088 - Info: [   0.9669 ] tegraparser_v2 --chip 0x23 0 --read_fusetype ReservedOdm2 read_fuse.bin
00:04:08.088 - Info: [   0.9681 ] tegrarcm_v2 --oem readfuses __fuse_read_scatter.bin read_fuse.bin
00:04:08.088 - Info: [   0.9685 ] MB2 Applet version 01.00.0000
00:04:08.094 - Info: [   0.9710 ] Saved read fuses in file __fuse_read_scatter.bin
00:04:08.095 - Info: [   0.9775 ] Fuse read successful
00:04:08.100 - Info: [   0.9794 ] tegraparser_v2 --chip 0x23 0 --read_fusetype ReservedOdm3 read_fuse.bin
00:04:08.100 - Info: [   0.9804 ] tegrarcm_v2 --oem readfuses __fuse_read_scatter.bin read_fuse.bin
00:04:08.100 - Info: [   0.9807 ] MB2 Applet version 01.00.0000
00:04:08.106 - Info: [   0.9833 ] Saved read fuses in file __fuse_read_scatter.bin
00:04:08.107 - Info: [   0.9891 ] Fuse read successful
00:04:08.113 - Info: [   0.9912 ] tegraparser_v2 --chip 0x23 0 --read_fusetype ReservedOdm4 read_fuse.bin
00:04:08.113 - Info: [   0.9931 ] tegrarcm_v2 --oem readfuses __fuse_read_scatter.bin read_fuse.bin
00:04:08.113 - Info: [   0.9938 ] MB2 Applet version 01.00.0000
00:04:08.119 - Info: [   0.9964 ] Saved read fuses in file __fuse_read_scatter.bin
00:04:08.120 - Info: [   1.0024 ] Fuse read successful
00:04:08.125 - Info: [   1.0037 ] tegraparser_v2 --chip 0x23 0 --read_fusetype ReservedOdm5 read_fuse.bin
00:04:08.125 - Info: [   1.0047 ] tegrarcm_v2 --oem readfuses __fuse_read_scatter.bin read_fuse.bin
00:04:08.125 - Info: [   1.0050 ] MB2 Applet version 01.00.0000
00:04:08.131 - Info: [   1.0078 ] Saved read fuses in file __fuse_read_scatter.bin
00:04:08.131 - Info: [   1.0138 ] Fuse read successful
00:04:08.137 - Info: [   1.0156 ] tegraparser_v2 --chip 0x23 0 --read_fusetype ReservedOdm6 read_fuse.bin
00:04:08.137 - Info: [   1.0171 ] tegrarcm_v2 --oem readfuses __fuse_read_scatter.bin read_fuse.bin
00:04:08.137 - Info: [   1.0175 ] MB2 Applet version 01.00.0000
00:04:08.143 - Info: [   1.0201 ] Saved read fuses in file __fuse_read_scatter.bin
00:04:08.144 - Info: [   1.0262 ] Fuse read successful
00:04:08.149 - Info: [   1.0285 ] tegraparser_v2 --chip 0x23 0 --read_fusetype ReservedOdm7 read_fuse.bin
00:04:08.149 - Info: [   1.0295 ] tegrarcm_v2 --oem readfuses __fuse_read_scatter.bin read_fuse.bin
00:04:08.149 - Info: [   1.0298 ] MB2 Applet version 01.00.0000
00:04:08.155 - Info: [   1.0325 ] Saved read fuses in file __fuse_read_scatter.bin
00:04:08.156 - Info: [   1.0384 ] Fuse read successful
00:04:08.163 - Info: [   1.0399 ] tegraparser_v2 --chip 0x23 0 --read_fusetype Sku read_fuse.bin
00:04:08.163 - Info: [   1.0427 ] tegrarcm_v2 --oem readfuses __fuse_read_scatter.bin read_fuse.bin
00:04:08.163 - Info: [   1.0434 ] MB2 Applet version 01.00.0000
00:04:08.169 - Info: [   1.0461 ] Saved read fuses in file __fuse_read_scatter.bin
00:04:08.170 - Info: [   1.0520 ] Fuse read successful
00:04:08.174 - Info: [   1.0534 ] tegraparser_v2 --chip 0x23 0 --read_fusetype Uid read_fuse.bin
00:04:08.174 - Info: [   1.0544 ] tegrarcm_v2 --oem readfuses __fuse_read_scatter.bin read_fuse.bin
00:04:08.174 - Info: [   1.0547 ] MB2 Applet version 01.00.0000
00:04:08.180 - Info: [   1.0573 ] Saved read fuses in file __fuse_read_scatter.bin
00:04:08.181 - Info: [   1.0633 ] Fuse read successful
00:04:08.186 - Info: [   1.0647 ] tegraparser_v2 --chip 0x23 0 --read_fusetype OptEmcDisable read_fuse.bin
00:04:08.186 - Info: [   1.0663 ] tegrarcm_v2 --oem readfuses __fuse_read_scatter.bin read_fuse.bin
00:04:08.186 - Info: [   1.0668 ] MB2 Applet version 01.00.0000
00:04:08.192 - Info: [   1.0694 ] Saved read fuses in file __fuse_read_scatter.bin
00:04:08.194 - Info: [   1.0753 ] Fuse read successful
00:04:08.203 - Info: [   1.0829 ] tegrarcm_v2 --chip 0x23 0 --ismb2applet
00:04:08.203 - Info: [   1.0834 ] MB2 Applet version 01.00.0000
00:04:08.210 - Info: [   1.0865 ] Retrieving board information
00:04:08.210 - Info: [   1.0870 ] tegrarcm_v2 --chip 0x23 0 --oem platformdetails chip chip_info.bin
00:04:08.210 - Info: [   1.0875 ] MB2 Applet version 01.00.0000
00:04:08.216 - Info: [   1.0933 ] Saved platform info in chip_info.bin
00:04:08.216 - Info: [   1.0990 ] Chip minor revision: 1
00:04:08.216 - Info: [   1.0992 ] Bootrom revision: 0x7
00:04:08.216 - Info: [   1.0993 ] Ram code: 0x3
00:04:08.216 - Info: [   1.0994 ] Chip sku: 0xd5
00:04:08.216 - Info: [   1.0995 ] Chip Sample: prod
00:04:08.220 - Info: [   1.1000 ] Retrieving EEPROM data
00:04:08.220 - Info: [   1.1001 ] tegrarcm_v2 --oem platformdetails eeprom cvm /home/chuy/nvidia/nvidia_sdk/JetPack_6.2.2_Linux_JETSON_ORIN_NANO_TARGETS/Linux_for_Tegra/bootloader/cvm.bin --chip 0x23 0
00:04:08.220 - Info: [   1.1007 ] MB2 Applet version 01.00.0000
00:04:08.252 - Info: [   1.1032 ] Saved platform info in /home/chuy/nvidia/nvidia_sdk/JetPack_6.2.2_Linux_JETSON_ORIN_NANO_TARGETS/Linux_for_Tegra/bootloader/cvm.bin
00:04:08.264 - Info: [   1.1418 ] tegrarcm_v2 --chip 0x23 0 --ismb2applet
00:04:08.264 - Info: [   1.1438 ] MB2 Applet version 01.00.0000
00:04:08.268 - Info: [   1.1468 ] Dumping customer Info
00:04:08.268 - Info: [   1.1479 ] tegrarcm_v2 --chip 0x23 0 --oem dump bct tmp.bct
00:04:08.268 - Info: [   1.1484 ] MB2 Applet version 01.00.0000
00:04:08.287 - Info: [   1.1509 ] Saved bct in tmp.bct
00:04:08.289 - Info: [   1.1714 ] tegrabct_v2 --brbct tmp.bct --chip 0x23 0 --custinfo /home/chuy/nvidia/nvidia_sdk/JetPack_6.2.2_Linux_JETSON_ORIN_NANO_TARGETS/Linux_for_Tegra/bootloader/custinfo_out.bin
00:04:08.299 - Info: [   1.1718 ] Customer[   1.1722 ]  data saved in /home/chuy/nvidia/nvidia_sdk/JetPack_6.2.2_Linux_JETSON_ORIN_NANO_TARGETS/Linux_for_Tegra/bootloader/custinfo_out.bin successfully
00:04:08.299 - Info: [   1.1722 ] Rebooting to recovery mode
00:04:08.299 - Info: [   1.1741 ] tegrarcm_v2 --chip 0x23 0 --ismb2
00:04:08.299 - Info: [   1.1785 ] tegrarcm_v2 --chip 0x23 0 --ismb2applet
00:04:08.299 - Info: [   1.1792 ] MB2 Applet version 01.00.0000
00:04:08.303 - Info: [   1.1819 ] Booting to recovery mode
00:04:08.303 - Info: [   1.1829 ] tegrarcm_v2 --chip 0x23 0 --reboot recovery
00:04:08.303 - Info: [   1.1835 ] MB2 Applet version 01.00.0000
00:04:10.359 - Info: Board ID(3767) version(301) sku(0003) revision(H.1)
00:04:10.359 - Info: Preset RAMCODE is 3
00:04:10.370 - Info: Chip SKU(00:00:00:D5) ramcode(3) fuselevel(fuselevel_production) board_FAB(301)
00:04:10.564 - Info: Copy /home/chuy/nvidia/nvidia_sdk/JetPack_6.2.2_Linux_JETSON_ORIN_NANO_TARGETS/Linux_for_Tegra/kernel/dtb/tegra234-p3768-0000+p3767-0003-nv.dtb to /home/chuy/nvidia/nvidia_sdk/JetPack_6.2.2_Linux_JETSON_ORIN_NANO_TARGETS/Linux_for_Tegra/kernel/dtb/tegra234-p3768-0000+p3767-0003-nv.dtb.rec
00:04:10.575 - Info: Generated UUID fb8fd56d-c214-49d2-b512-cce56b0877e0 for mounting root APP partition.
00:04:10.581 - Info: copying bctfile(/home/chuy/nvidia/nvidia_sdk/JetPack_6.2.2_Linux_JETSON_ORIN_NANO_TARGETS/Linux_for_Tegra/bootloader/generic/BCT/tegra234-p3767-0001-sdram-l4t.dts)... done.
00:04:10.584 - Info: copying minratchet_config(/home/chuy/nvidia/nvidia_sdk/JetPack_6.2.2_Linux_JETSON_ORIN_NANO_TARGETS/Linux_for_Tegra/bootloader/generic/BCT/tegra234-mb1-bct-ratchet-p3767-0000.dts)... done.
00:04:10.586 - Info: copying device_config(/home/chuy/nvidia/nvidia_sdk/JetPack_6.2.2_Linux_JETSON_ORIN_NANO_TARGETS/Linux_for_Tegra/bootloader/generic/BCT/tegra234-mb1-bct-device-p3767-0000.dts)... done.
00:04:10.588 - Info: copying misc_config(/home/chuy/nvidia/nvidia_sdk/JetPack_6.2.2_Linux_JETSON_ORIN_NANO_TARGETS/Linux_for_Tegra/bootloader/generic/BCT/tegra234-mb1-bct-misc-p3767-0000.dts)... done.
00:04:10.592 - Info: copying pinmux_config(/home/chuy/nvidia/nvidia_sdk/JetPack_6.2.2_Linux_JETSON_ORIN_NANO_TARGETS/Linux_for_Tegra/bootloader/generic/BCT/tegra234-mb1-bct-pinmux-p3767-dp-a03.dtsi)... done.
00:04:10.595 - Info: copying gpioint_config(/home/chuy/nvidia/nvidia_sdk/JetPack_6.2.2_Linux_JETSON_ORIN_NANO_TARGETS/Linux_for_Tegra/bootloader/generic/BCT/tegra234-mb1-bct-gpioint-p3767-0000.dts)... done.
00:04:10.597 - Info: copying pmic_config(/home/chuy/nvidia/nvidia_sdk/JetPack_6.2.2_Linux_JETSON_ORIN_NANO_TARGETS/Linux_for_Tegra/bootloader/generic/BCT/tegra234-mb1-bct-pmic-p3767-0000-a02.dts)... done.
00:04:10.599 - Info: copying pmc_config(/home/chuy/nvidia/nvidia_sdk/JetPack_6.2.2_Linux_JETSON_ORIN_NANO_TARGETS/Linux_for_Tegra/bootloader/generic/BCT/tegra234-mb1-bct-padvoltage-p3767-dp-a03.dtsi)... done.
00:04:10.602 - Info: copying deviceprod_config(/home/chuy/nvidia/nvidia_sdk/JetPack_6.2.2_Linux_JETSON_ORIN_NANO_TARGETS/Linux_for_Tegra/bootloader/generic/BCT/tegra234-mb1-bct-cprod-p3767-0000.dts)... done.
00:04:10.604 - Info: copying prod_config(/home/chuy/nvidia/nvidia_sdk/JetPack_6.2.2_Linux_JETSON_ORIN_NANO_TARGETS/Linux_for_Tegra/bootloader/generic/BCT/tegra234-mb1-bct-prod-p3767-0000.dts)... done.
00:04:10.607 - Info: copying scr_config(/home/chuy/nvidia/nvidia_sdk/JetPack_6.2.2_Linux_JETSON_ORIN_NANO_TARGETS/Linux_for_Tegra/bootloader/generic/BCT/tegra234-mb2-bct-scr-p3767-0000.dts)... done.
00:04:10.610 - Info: copying wb0sdram(/home/chuy/nvidia/nvidia_sdk/JetPack_6.2.2_Linux_JETSON_ORIN_NANO_TARGETS/Linux_for_Tegra/bootloader/generic/BCT/tegra234-p3767-0001-wb0sdram-l4t.dts)... done.
00:04:10.614 - Info: copying bootrom_config(/home/chuy/nvidia/nvidia_sdk/JetPack_6.2.2_Linux_JETSON_ORIN_NANO_TARGETS/Linux_for_Tegra/bootloader/generic/BCT/tegra234-mb1-bct-reset-p3767-0000.dts)... done.
00:04:10.618 - Info: Existing uphylane_config(/home/chuy/nvidia/nvidia_sdk/JetPack_6.2.2_Linux_JETSON_ORIN_NANO_TARGETS/Linux_for_Tegra/bootloader/tegra234-mb1-bct-uphylane-si.dtsi) reused.
00:04:10.621 - Info: copying dev_params(/home/chuy/nvidia/nvidia_sdk/JetPack_6.2.2_Linux_JETSON_ORIN_NANO_TARGETS/Linux_for_Tegra/bootloader/generic/BCT/tegra234-br-bct-p3767-0000-l4t.dts)... done.
00:04:10.626 - Info: copying dev_params_b(/home/chuy/nvidia/nvidia_sdk/JetPack_6.2.2_Linux_JETSON_ORIN_NANO_TARGETS/Linux_for_Tegra/bootloader/generic/BCT/tegra234-br-bct_b-p3767-0000-l4t.dts)... done.
00:04:10.631 - Info: copying mb2bct_cfg(/home/chuy/nvidia/nvidia_sdk/JetPack_6.2.2_Linux_JETSON_ORIN_NANO_TARGETS/Linux_for_Tegra/bootloader/generic/BCT/tegra234-mb2-bct-misc-p3767-0000.dts)... done.
00:04:10.637 - Info: Existing pscfwfile(/home/chuy/nvidia/nvidia_sdk/JetPack_6.2.2_Linux_JETSON_ORIN_NANO_TARGETS/Linux_for_Tegra/bootloader/pscfw_t234_prod.bin) reused.
00:04:10.643 - Info: Existing pscbl1file(/home/chuy/nvidia/nvidia_sdk/JetPack_6.2.2_Linux_JETSON_ORIN_NANO_TARGETS/Linux_for_Tegra/bootloader/psc_bl1_t234_prod.bin) reused.
00:04:10.649 - Info: Existing mtsmcefile(/home/chuy/nvidia/nvidia_sdk/JetPack_6.2.2_Linux_JETSON_ORIN_NANO_TARGETS/Linux_for_Tegra/bootloader/mce_flash_o10_cr_prod.bin) reused.
00:04:10.655 - Info: Existing tscfwfile(/home/chuy/nvidia/nvidia_sdk/JetPack_6.2.2_Linux_JETSON_ORIN_NANO_TARGETS/Linux_for_Tegra/bootloader/tsec_t234.bin) reused.
00:04:10.662 - Info: Existing mb2applet(/home/chuy/nvidia/nvidia_sdk/JetPack_6.2.2_Linux_JETSON_ORIN_NANO_TARGETS/Linux_for_Tegra/bootloader/applet_t234.bin) reused.
00:04:10.674 - Info: Existing bootloader(/home/chuy/nvidia/nvidia_sdk/JetPack_6.2.2_Linux_JETSON_ORIN_NANO_TARGETS/Linux_for_Tegra/bootloader/mb2_t234.bin) reused.
00:04:10.728 - Info: copying initrd(/home/chuy/nvidia/nvidia_sdk/JetPack_6.2.2_Linux_JETSON_ORIN_NANO_TARGETS/Linux_for_Tegra/bootloader/l4t_initrd.img)... done.
00:04:10.729 - Info: bl is uefi
00:04:11.579 - Info: Making Boot image... done.
00:04:11.580 - Info: Not signing of boot.img
00:04:11.582 - Info: Making recovery ramdisk for recovery image...
00:04:11.582 - Info: Re-generating recovery ramdisk for recovery image...
00:04:11.955 - Info: /home/chuy/nvidia/nvidia_sdk/JetPack_6.2.2_Linux_JETSON_ORIN_NANO_TARGETS/Linux_for_Tegra/bootloader/ramdisk_tmp /home/chuy/nvidia/nvidia_sdk/JetPack_6.2.2_Linux_JETSON_ORIN_NANO_TARGETS/Linux_for_Tegra/bootloader /home/chuy/nvidia/nvidia_sdk/JetPack_6.2.2_Linux_JETSON_ORIN_NANO_TARGETS/Linux_for_Tegra
00:04:12.142 - Info: 73771 blocks
00:04:12.555 - Info: _BASE_KERNEL_VERSION=5.15.185-tegra
00:04:24.191 - Info: 95490 blocks
00:04:24.225 - Info: Making Recovery image...
00:04:25.092 - Info: copying recdtbfile(/home/chuy/nvidia/nvidia_sdk/JetPack_6.2.2_Linux_JETSON_ORIN_NANO_TARGETS/Linux_for_Tegra/kernel/dtb/tegra234-p3768-0000+p3767-0003-nv.dtb.rec)... done.
00:04:25.095 - Info: 20+0 records in
00:04:25.095 - Info: 20+0 records out
00:04:25.095 - Info: 20 bytes copied, 0.000232219 s, 86.1 kB/s
00:04:25.131 - Info: Existing sosfile(/home/chuy/nvidia/nvidia_sdk/JetPack_6.2.2_Linux_JETSON_ORIN_NANO_TARGETS/Linux_for_Tegra/bootloader/mb1_t234_prod.bin) reused.
00:04:25.136 - Info: Existing tegraboot(/home/chuy/nvidia/nvidia_sdk/JetPack_6.2.2_Linux_JETSON_ORIN_NANO_TARGETS/Linux_for_Tegra/bootloader/mb2_t234.bin) reused.
00:04:25.143 - Info: Existing cpu_bootloader(/home/chuy/nvidia/nvidia_sdk/JetPack_6.2.2_Linux_JETSON_ORIN_NANO_TARGETS/Linux_for_Tegra/bootloader/mb2_t234.bin) reused.
00:04:25.149 - Info: Existing mb2blfile(/home/chuy/nvidia/nvidia_sdk/JetPack_6.2.2_Linux_JETSON_ORIN_NANO_TARGETS/Linux_for_Tegra/bootloader/mb2_t234.bin) reused.
00:04:25.154 - Info: Existing xusbfile(/home/chuy/nvidia/nvidia_sdk/JetPack_6.2.2_Linux_JETSON_ORIN_NANO_TARGETS/Linux_for_Tegra/bootloader/xusb_t234_prod.bin) reused.
00:04:25.172 - Info: Existing pvafile(/home/chuy/nvidia/nvidia_sdk/JetPack_6.2.2_Linux_JETSON_ORIN_NANO_TARGETS/Linux_for_Tegra/bootloader/nvpva_020.fw) reused.
00:04:25.249 - Info: Existing dcefile(/home/chuy/nvidia/nvidia_sdk/JetPack_6.2.2_Linux_JETSON_ORIN_NANO_TARGETS/Linux_for_Tegra/bootloader/display-t234-dce.bin) reused.
00:04:25.256 - Info: Existing nvdecfile(/home/chuy/nvidia/nvidia_sdk/JetPack_6.2.2_Linux_JETSON_ORIN_NANO_TARGETS/Linux_for_Tegra/bootloader/nvdec_t234_prod.fw) reused.
00:04:25.263 - Info: Existing psc_rf(/home/chuy/nvidia/nvidia_sdk/JetPack_6.2.2_Linux_JETSON_ORIN_NANO_TARGETS/Linux_for_Tegra/bootloader/psc_rf_t234_prod.bin) reused.
00:04:25.268 - Info: Existing mb2_rf(/home/chuy/nvidia/nvidia_sdk/JetPack_6.2.2_Linux_JETSON_ORIN_NANO_TARGETS/Linux_for_Tegra/bootloader/mb2rf_t234.bin) reused.
00:04:25.275 - Info: Existing mb1file(/home/chuy/nvidia/nvidia_sdk/JetPack_6.2.2_Linux_JETSON_ORIN_NANO_TARGETS/Linux_for_Tegra/bootloader/mb1_t234_prod.bin) reused.
00:04:25.286 - Info: Existing bpffile(/home/chuy/nvidia/nvidia_sdk/JetPack_6.2.2_Linux_JETSON_ORIN_NANO_TARGETS/Linux_for_Tegra/bootloader/bpmp_t234-TE950M-A1_prod.bin) reused.
00:04:25.290 - Info: copying bpfdtbfile(/home/chuy/nvidia/nvidia_sdk/JetPack_6.2.2_Linux_JETSON_ORIN_NANO_TARGETS/Linux_for_Tegra/bootloader/generic/tegra234-bpmp-3767-0003-3509-a02.dtb)... done.
00:04:25.299 - Info: Existing camerafw(/home/chuy/nvidia/nvidia_sdk/JetPack_6.2.2_Linux_JETSON_ORIN_NANO_TARGETS/Linux_for_Tegra/bootloader/camera-rtcpu-t234-rce.img) reused.
00:04:25.303 - Info: Existing apefile(/home/chuy/nvidia/nvidia_sdk/JetPack_6.2.2_Linux_JETSON_ORIN_NANO_TARGETS/Linux_for_Tegra/bootloader/adsp-fw.bin) reused.
00:04:25.311 - Info: Existing spefile(/home/chuy/nvidia/nvidia_sdk/JetPack_6.2.2_Linux_JETSON_ORIN_NANO_TARGETS/Linux_for_Tegra/bootloader/spe_t234.bin) reused.
00:04:25.317 - Info: Existing wb0boot(/home/chuy/nvidia/nvidia_sdk/JetPack_6.2.2_Linux_JETSON_ORIN_NANO_TARGETS/Linux_for_Tegra/bootloader/sc7_t234_prod.bin) reused.
00:04:25.333 - Info: Existing tosfile(/home/chuy/nvidia/nvidia_sdk/JetPack_6.2.2_Linux_JETSON_ORIN_NANO_TARGETS/Linux_for_Tegra/bootloader/tos-optee_t234.img) reused.
00:04:25.337 - Info: Existing eksfile(/home/chuy/nvidia/nvidia_sdk/JetPack_6.2.2_Linux_JETSON_ORIN_NANO_TARGETS/Linux_for_Tegra/bootloader/eks_t234.img) reused.
00:04:25.340 - Info: copying dtbfile(/home/chuy/nvidia/nvidia_sdk/JetPack_6.2.2_Linux_JETSON_ORIN_NANO_TARGETS/Linux_for_Tegra/kernel/dtb/tegra234-p3768-0000+p3767-0003-nv.dtb)... done.
00:04:25.343 - Info: Copying nv_boot_control.conf to rootfs
00:04:25.363 - Info: Skip generating system.img
00:04:25.363 - Info: Not signing of kernel-dtb
00:04:25.387 - Info: Existing tbcfile(/home/chuy/nvidia/nvidia_sdk/JetPack_6.2.2_Linux_JETSON_ORIN_NANO_TARGETS/Linux_for_Tegra/bootloader/uefi_jetson.bin) reused.
00:04:25.409 - Info: Existing rcm_tbcfile(/home/chuy/nvidia/nvidia_sdk/JetPack_6.2.2_Linux_JETSON_ORIN_NANO_TARGETS/Linux_for_Tegra/bootloader/uefi_jetson.bin) reused.
00:04:25.410 - Info: Skip generating EFI system partition image.
00:04:25.414 - Info: copying tbcdtbfile(/home/chuy/nvidia/nvidia_sdk/JetPack_6.2.2_Linux_JETSON_ORIN_NANO_TARGETS/Linux_for_Tegra/kernel/dtb/tegra234-p3768-0000+p3767-0003-nv.dtb)... done.
00:04:25.682 - Info: copying cfgfile(/home/chuy/nvidia/nvidia_sdk/JetPack_6.2.2_Linux_JETSON_ORIN_NANO_TARGETS/Linux_for_Tegra/bootloader/generic/cfg/flash_t234_qspi.xml) to flash.xml... done.
00:04:25.694 - Info: Existing flashapp(/home/chuy/nvidia/nvidia_sdk/JetPack_6.2.2_Linux_JETSON_ORIN_NANO_TARGETS/Linux_for_Tegra/bootloader/tegraflash.py) reused.
00:04:25.714 - Info: copying overlay_dtb(/home/chuy/nvidia/nvidia_sdk/JetPack_6.2.2_Linux_JETSON_ORIN_NANO_TARGETS/Linux_for_Tegra/kernel/dtb/L4TConfiguration.dtbo)... done.
00:04:25.726 - Info: copying overlay_dtb(/home/chuy/nvidia/nvidia_sdk/JetPack_6.2.2_Linux_JETSON_ORIN_NANO_TARGETS/Linux_for_Tegra/kernel/dtb/tegra234-carveouts.dtbo)... done.
00:04:25.736 - Info: copying overlay_dtb(/home/chuy/nvidia/nvidia_sdk/JetPack_6.2.2_Linux_JETSON_ORIN_NANO_TARGETS/Linux_for_Tegra/kernel/dtb/tegra-optee.dtbo)... done.
00:04:25.743 - Info: copying overlay_dtb(/home/chuy/nvidia/nvidia_sdk/JetPack_6.2.2_Linux_JETSON_ORIN_NANO_TARGETS/Linux_for_Tegra/kernel/dtb/tegra234-p3768-0000+p3767-0000-dynamic.dtbo)... done.
00:04:25.750 - Info: copying overlay_dtb(/home/chuy/nvidia/nvidia_sdk/JetPack_6.2.2_Linux_JETSON_ORIN_NANO_TARGETS/Linux_for_Tegra/kernel/dtb/BootOrderNvme.dtbo)... done.
00:04:25.752 - Info: /home/chuy/nvidia/nvidia_sdk/JetPack_6.2.2_Linux_JETSON_ORIN_NANO_TARGETS/Linux_for_Tegra/bootloader/L4TConfiguration_updated.dts: Warning (unit_address_vs_reg): Node /fragment@0 has a unit name, but no reg property
00:04:25.759 - Info: /home/chuy/nvidia/nvidia_sdk/JetPack_6.2.2_Linux_JETSON_ORIN_NANO_TARGETS/Linux_for_Tegra/bootloader/L4TConfiguration.dtbo: Warning (unit_address_vs_reg): Node /fragment@0 has a unit name, but no reg property
00:04:25.772 - Info: ./tegraflash.py --bl uefi_jetson_with_dtb.bin --odmdata gbe-uphy-config-8,hsstp-lane-map-3,hsio-uphy-config-0 --overlay_dtb L4TConfiguration.dtbo,tegra234-carveouts.dtbo,tegra-optee.dtbo,tegra234-p3768-0000+p3767-0000-dynamic.dtbo,BootOrderNvme.dtbo --bldtb tegra234-p3768-0000+p3767-0003-nv.dtb --applet mb1_t234_prod.bin --cmd "sign" --cfg flash.xml --chip "0x23" --concat_cpubl_bldtb --cpubl uefi_jetson.bin --cpubl_rcm uefi_jetson.bin --minratchet_config tegra234-mb1-bct-ratchet-p3767-0000.dts --device_config tegra234-mb1-bct-device-p3767-0000.dts --misc_config tegra234-mb1-bct-misc-p3767-0000.dts --pinmux_config tegra234-mb1-bct-pinmux-p3767-dp-a03.dtsi --gpioint_config tegra234-mb1-bct-gpioint-p3767-0000.dts --pmic_config tegra234-mb1-bct-pmic-p3767-0000-a02.dts --pmc_config tegra234-mb1-bct-padvoltage-p3767-dp-a03.dtsi --deviceprod_config tegra234-mb1-bct-cprod-p3767-0000.dts --prod_config tegra234-mb1-bct-prod-p3767-0000.dts --scr_config tegra234-mb2-bct-scr-p3767-0000.dts --wb0sdram_config tegra234-p3767-0001-wb0sdram-l4t.dts --br_cmd_config tegra234-mb1-bct-reset-p3767-0000.dts --uphy tegra234-mb1-bct-uphylane-si.dtsi --dev_params tegra234-br-bct-p3767-0000-l4t.dts,tegra234-br-bct_b-p3767-0000-l4t.dts --mb2bct_cfg tegra234-mb2-bct-misc-p3767-0000.dts --bins "psc_fw pscfw_t234_prod.bin; mts_mce mce_flash_o10_cr_prod.bin; tsec_fw tsec_t234.bin; mb2_applet applet_t234.bin; mb2_bootloader mb2_t234.bin; xusb_fw xusb_t234_prod.bin; pva_fw nvpva_020.fw; dce_fw display-t234-dce.bin; nvdec nvdec_t234_prod.fw; bpmp_fw bpmp_t234-TE950M-A1_prod.bin; bpmp_fw_dtb tegra234-bpmp-3767-0003-3509-a02.dtb; rce_fw camera-rtcpu-t234-rce.img; ape_fw adsp-fw.bin; spe_fw spe_t234.bin; tos tos-optee_t234.img; eks eks_t234.img" --sdram_config tegra234-p3767-0001-sdram-l4t.dts --cust_info custinfo_out.bin --bct_backup --boot_chain A --ramcode 3 
00:04:27.342 - Info: Welcome to Tegra Flash
00:04:27.342 - Info: version 1.0.0
00:04:27.342 - Info: Type ? or help for help and q or quit to exit
00:04:27.342 - Info: Use ! to execute system commands
00:04:27.342 - Info:  
00:04:27.342 - Info: [   0.0334 ] tegrasign_v3.py --key None --getmode mode.txt
00:04:27.342 - Info: [   0.0337 ] Assuming zero filled SBK key
00:04:27.342 - Info: [   0.0327 ] Parsing partition layout
00:04:27.342 - Info: [   0.0335 ] tegraparser_v2 --pt flash.xml.tmp
00:04:27.342 - Info: [   0.0394 ] Change tegra234-bpmp-3767-0003-3509-a02.dtb to tegra234-bpmp-3767-0003-3509-a02_with_odm.dtb
00:04:27.342 - Info: [   0.0394 ] Change tegra234-bpmp-3767-0003-3509-a02.dtb to tegra234-bpmp-3767-0003-3509-a02_with_odm.dtb
00:04:27.342 - Info: [   0.1240 ] /usr/bin/python3 dtbcheck.py -c t234 -o tegra234-bpmp-3767-0003-3509-a02_with_odm.dtb tegra234-bpmp-3767-0003-3509-a02_with_odm_tmp.dtb
00:04:27.342 - Info: [   0.5830 ] Concatenating L4TConfiguration.dtbo,tegra234-carveouts.dtbo,tegra-optee.dtbo,tegra234-p3768-0000+p3767-0000-dynamic.dtbo,BootOrderNvme.dtbo to tegra234-p3768-0000+p3767-0003-nv_with_odm_overlay.dtb.updated
00:04:27.342 - Info: [   0.5835 ] Concatenating bl dtb to cpubl binary
00:04:27.342 - Info: [   0.5869 ] Concatenating bl dtb:(tegra234-p3768-0000+p3767-0003-nv_with_odm_overlay.dtb.updated), to cpubl binary: uefi_jetson.bin
00:04:27.342 - Info: [   0.5907 ] MB2 binary: mb2_t234.bin
00:04:27.342 - Info: [   0.5908 ] Pre-processing mb2bct config: tegra234-mb2-bct-misc-p3767-0000.dts
00:04:27.342 - Info: [   0.6081 ] Pre-processing mb2bct config: tegra234-mb2-bct-scr-p3767-0000.dts
00:04:27.342 - Info: [   1.4777 ] Generating coldboot mb2-bct
00:04:27.342 - Info: [   1.4778 ] tegrabct_v2 --chip 0x23 0 --mb2bct mb2_cold_boot_bct.cfg --mb2bctcfg tegra234-mb2-bct-misc-p3767-0000_cpp.dtb --scr tegra234-mb2-bct-scr-p3767-0000_cpp.dtb
00:04:27.342 - Info: [   1.4795 ] WARNING: unknown property 'tfc_version'
00:04:27.342 - Info: [   1.4803 ] WARNING: unknown property 'addr_header_version'
00:04:31.128 - Info: [   1.4948 ] Updating mb2-bct with storage information
00:04:31.128 - Info: [   1.4956 ] tegrabct_v2 --chip 0x23 0 --mb2bct mb2_cold_boot_bct_MB2.bct --updatestorageinfo flash.xml.bin
00:04:31.128 - Info: [   1.4979 ] Concatenating mb2-bct to mb2 binary
00:04:31.128 - Info: [   1.4979 ] mb2_bin_file = mb2_t234.bin
00:04:31.128 - Info: [   1.4979 ] mb2_bct_file = mb2_cold_boot_bct_MB2.bct
00:04:31.128 - Info: [   1.5038 ] DCE binary: display-t234-dce.bin
00:04:31.128 - Info: [   1.5038 ] Kernel DTB used: tegra234-p3768-0000+p3767-0003-nv_with_odm_overlay.dtb.updated
00:04:31.128 - Info: [   1.5038 ] Concatenating kernel-dtb to dce-fw binary
00:04:31.128 - Info: [   1.5039 ] dce_bin = display-t234-dce.bin
00:04:31.128 - Info: [   1.5039 ] kernel_dtb = tegra234-p3768-0000+p3767-0003-nv_with_odm_overlay.dtb.updated
00:04:31.128 - Info: [   1.5039 ] dce_with_dtb = display-t234-dce_with_tegra234-p3768-0000+p3767-0003-nv_with_odm_overlay.dtb.bin
00:04:31.128 - Info: [   1.5106 ] Update display-t234-dce_with_tegra234-p3768-0000+p3767-0003-nv_with_odm_overlay.dtb.bin to dce_fw partitions
00:04:31.128 - Info: [   1.5150 ] Parsing partition layout
00:04:31.128 - Info: [   1.5162 ] tegraparser_v2 --pt flash.xml.tmp
00:04:31.128 - Info: [   1.5182 ] Creating list of images to be signed
00:04:31.128 - Info: [   1.5190 ] Generating ratchet blob
00:04:31.128 - Info: [   1.5190 ] Pre-processing config: tegra234-mb1-bct-reset-p3767-0000.dts
00:04:31.128 - Info: [   1.5266 ] Pre-processing config: tegra234-mb1-bct-device-p3767-0000.dts
00:04:31.128 - Info: [   1.5374 ] Pre-processing config: tegra234-mb1-bct-cprod-p3767-0000.dts
00:04:31.128 - Info: [   1.5451 ] Pre-processing config: tegra234-mb1-bct-gpioint-p3767-0000.dts
00:04:31.128 - Info: [   1.5560 ] Pre-processing config: tegra234-mb1-bct-misc-p3767-0000.dts
00:04:31.128 - Info: [   1.5698 ] Pre-processing config: tegra234-mb1-bct-pinmux-p3767-dp-a03.dtsi
00:04:31.128 - Info: [   1.5875 ] Pre-processing config: tegra234-mb1-bct-padvoltage-p3767-dp-a03.dtsi
00:04:31.128 - Info: [   1.5960 ] Pre-processing config: tegra234-mb1-bct-pmic-p3767-0000-a02.dts
00:04:31.128 - Info: [   1.6060 ] Pre-processing config: tegra234-mb1-bct-prod-p3767-0000.dts
00:04:31.128 - Info: [   1.6158 ] Pre-processing config: tegra234-p3767-0001-sdram-l4t.dts
00:04:31.128 - Info: [   3.4917 ] Pre-processing config: tegra234-mb1-bct-uphylane-si.dtsi
00:04:31.128 - Info: [   3.5018 ] Pre-processing config: tegra234-p3767-0001-wb0sdram-l4t.dts
00:04:31.128 - Info: [   5.2553 ] Pre-processing config: tegra234-mb1-bct-ratchet-p3767-0000.dts
00:04:31.128 - Info: [   5.2639 ] Generating coldboot mb1-bct
00:04:31.128 - Info: [   5.2646 ] tegrabct_v2 --chip 0x23 0 --mb1bct mb1_cold_boot_bct.cfg --misc tegra234-mb1-bct-misc-p3767-0000_cpp.dtb --wb0sdram tegra234-p3767-0001-wb0sdram-l4t_cpp.dtb --pinmux tegra234-mb1-bct-pinmux-p3767-dp-a03_cpp.dtb --pmc tegra234-mb1-bct-padvoltage-p3767-dp-a03_cpp.dtb --pmic tegra234-mb1-bct-pmic-p3767-0000-a02_cpp.dtb --brcommand tegra234-mb1-bct-reset-p3767-0000_cpp.dtb --prod tegra234-mb1-bct-prod-p3767-0000_cpp.dtb --gpioint tegra234-mb1-bct-gpioint-p3767-0000_cpp.dtb --uphy tegra234-mb1-bct-uphylane-si_cpp.dtb --device tegra234-mb1-bct-device-p3767-0000_cpp.dtb --deviceprod tegra234-mb1-bct-cprod-p3767-0000_cpp.dtb --minratchet tegra234-mb1-bct-ratchet-p3767-0000_cpp.dtb --ratchet_blob ratchet_blob.bin
00:04:31.128 - Info: [   5.2654 ] MB1-BCT version: 0.13
00:04:31.129 - Info: 
00:04:31.129 - Info: [   5.2687 ] Parsing config file :tegra234-mb1-bct-pinmux-p3767-dp-a03_cpp.dtb 
00:04:31.133 - Info: [   5.2692 ] Added Platform Config 0 data with size :- 2416
00:04:31.133 - Info: 
00:04:31.133 - Info: [   5.2720 ] Parsing config file :tegra234-mb1-bct-padvoltage-p3767-dp-a03_cpp.dtb 
00:04:31.133 - Info: [   5.2723 ] WARNING: unknown node 'g2'
00:04:31.133 - Info: [   5.2725 ] WARNING: unknown node 'g2'
00:04:31.133 - Info: [   5.2726 ] WARNING: unknown node 'g9'
00:04:31.133 - Info: [   5.2727 ] WARNING: unknown node 'g9'
00:04:31.133 - Info: [   5.2728 ] Added Platform Config 2 data with size :- 24
00:04:31.137 - Info: [   5.2731 ] 
00:04:31.137 - Info: [   5.2731 ] Parsing config file :tegra234-mb1-bct-pmic-p3767-0000-a02_cpp.dtb 
00:04:31.137 - Info: [   5.2731 ] Added Platform Config 4 data with size :- 288
00:04:31.137 - Info: [   5.2731 ] 
00:04:31.137 - Info: [   5.2731 ] Parsing config file :tegra234-mb1-bct-reset-p3767-0000_cpp.dtb 
00:04:31.137 - Info: [   5.2731 ] Added Platform Config 3 data with size :- 52
00:04:31.137 - Info: [   5.2731 ] 
00:04:31.137 - Info: [   5.2731 ] Parsing config file :tegra234-mb1-bct-prod-p3767-0000_cpp.dtb 
00:04:31.137 - Info: [   5.2731 ] WARNING: unknown property 'major'
00:04:31.137 - Info: [   5.2731 ] WARNING: unknown property 'minor'
00:04:31.137 - Info: [   5.2731 ] Added Platform Config 5 data with size :- 512
00:04:31.137 - Info: [   5.2731 ] 
00:04:31.137 - Info: [   5.2731 ] Parsing config file :tegra234-mb1-bct-gpioint-p3767-0000_cpp.dtb 
00:04:31.137 - Info: [   5.2731 ] WARNING: unknown property 'major'
00:04:31.137 - Info: [   5.2731 ] WARNING: unknown property 'minor'
00:04:31.137 - Info: [   5.2731 ] Added Platform Config 7 data with size :- 380
00:04:31.137 - Info: [   5.2731 ] 
00:04:31.137 - Info: [   5.2731 ] Parsing config file :tegra234-mb1-bct-uphylane-si_cpp.dtb 
00:04:31.137 - Info: [   5.2731 ] Added Platform Config 8 data with size :- 24
00:04:31.137 - Info: [   5.2731 ] 
00:04:31.137 - Info: [   5.2731 ] Parsing config file :tegra234-mb1-bct-device-p3767-0000_cpp.dtb 
00:04:31.137 - Info: [   5.2731 ] Added Platform Config 9 data with size :- 100
00:04:31.137 - Info: [   5.2731 ] 
00:04:31.137 - Info: [   5.2731 ] Parsing config file :tegra234-mb1-bct-cprod-p3767-0000_cpp.dtb 
00:04:31.137 - Info: [   5.2731 ] ModuleCount 0 NumProdNames 0
00:04:31.137 - Info: [   5.2731 ] Added Platform Config 6 data with size :- 16
00:04:31.137 - Info: [   5.2731 ] 
00:04:31.137 - Info: [   5.2731 ] Parsing config file :tegra234-mb1-bct-ratchet-p3767-0000_cpp.dtb 
00:04:31.137 - Info: [   5.2731 ] 
00:04:31.137 - Info: [   5.2732 ] Updating mb1-bct with firmware information
00:04:31.137 - Info: [   5.2737 ] tegrabct_v2 --chip 0x23 0 --mb1bct mb1_cold_boot_bct_MB1.bct --updatefwinfo flash.xml.bin
00:04:31.137 - Info: [   5.2752 ] tegrahost_v2 --chip 0x23 0 --align mb1_cold_boot_bct_MB1_aligned.bct
00:04:31.137 - Info: [   5.2757 ] Generating SHA2 Hash for mb1bct
00:04:31.138 - Info: [   5.2780 ] Sha saved in mb1_cold_boot_bct_MB1_aligned.sha
00:04:31.140 - Info: [   5.2793 ] Sha saved in mb1_cold_boot_bct_MB1.sha
00:04:31.140 - Info: [   5.2786 ] tegrahost_v2 --chip 0x23 0 --magicid MBCT --ratchet_blob ratchet_blob.bin --appendsigheader mb1_cold_boot_bct_MB1_aligned.bct zerosbk
00:04:31.140 - Info: [   5.2798 ] adding BCH for mb1_cold_boot_bct_MB1_aligned.bct
00:04:31.150 - Info: [   5.2824 ] tegrasign_v3.py --key None --list mb1_cold_boot_bct_MB1_aligned_sigheader.bct_list.xml --pubkeyhash pub_key.key --sha sha512
00:04:31.150 - Info: [   5.2825 ] Assuming zero filled SBK key
00:04:31.150 - Info: [   5.2865 ] Warning: pub_key.key is not found
00:04:31.150 - Info: [   5.2862 ] tegrahost_v2 --chip 0x23 0 --updatesigheader mb1_cold_boot_bct_MB1_aligned_sigheader.bct.encrypt mb1_cold_boot_bct_MB1_aligned_sigheader.bct.hash zerosbk
00:04:31.150 - Info: [   5.2880 ] tegrahost_v2 --chip 0x23 0 --partitionlayout flash.xml.bin --ratchet_blob ratchet_blob.bin --list images_list.xml zerosbk
00:04:31.150 - Info: [   5.2888 ] MB1: Nvheader already present is mb1_t234_prod_aligned.bin
00:04:31.151 - Info: [   5.2903 ] Header already present for mb1_t234_prod_aligned_sigheader.bin
00:04:31.158 - Info: [   5.2907 ] MB1: Nvheader already present is psc_bl1_t234_prod_aligned.bin
00:04:31.158 - Info: [   5.2980 ] Header already present for psc_bl1_t234_prod_aligned_sigheader.bin
00:04:31.163 - Info: [   5.2982 ] Header already present for tsec_t234_aligned.bin
00:04:31.168 - Info: [   5.3031 ] Header already present for nvdec_t234_prod_aligned.fw
00:04:31.176 - Info: [   5.3077 ] adding BCH for mb2_t234_with_mb2_cold_boot_bct_MB2_aligned.bin
00:04:31.197 - Info: [   5.3165 ] adding BCH for xusb_t234_prod_aligned.bin
00:04:31.207 - Info: [   5.3372 ] Header already present for bpmp_t234-TE950M-A1_prod_aligned.bin
00:04:31.232 - Info: [   5.3470 ] adding BCH for tegra234-bpmp-3767-0003-3509-a02_with_odm_aligned.dtb
00:04:31.246 - Info: [   5.3717 ] Header already present for pscfw_t234_prod_aligned.bin
00:04:31.252 - Info: [   5.3860 ] Header already present for mce_flash_o10_cr_prod_aligned.bin
00:04:31.257 - Info: [   5.3922 ] Header already present for sc7_t234_prod.bin
00:04:31.263 - Info: [   5.3968 ] Header already present for psc_rf_t234_prod_aligned.bin
00:04:31.266 - Info: [   5.4035 ] adding BCH for mb2rf_t234_aligned.bin
00:04:31.366 - Info: [   5.4062 ] INFO: compressing uefi_jetson_with_dtb_aligned.bin
00:04:31.379 - Info: [   5.5058 ] INFO: complete compression, uefi_jetson_with_dtb_aligned.bin, ratio = 90%
00:04:31.458 - Info: [   5.5191 ] adding BCH for uefi_jetson_with_dtb_aligned_blob_w_bin_aligned.bin
00:04:31.540 - Info: [   5.5985 ] adding BCH for tos-optee_t234_aligned.img
00:04:31.620 - Info: [   5.6794 ] adding BCH for eks_t234_aligned.img
00:04:31.893 - Info: [   5.7603 ] INFO: compressing display-t234-dce_with_tegra234-p3768-0000+p3767-0003-nv_with_odm_overlay.dtb_aligned.bin
00:04:31.927 - Info: [   6.0334 ] INFO: complete compression, display-t234-dce_with_tegra234-p3768-0000+p3767-0003-nv_with_odm_overlay.dtb_aligned.bin, ratio = 6%
00:04:31.952 - Info: [   6.0675 ] adding BCH for display-t234-dce_with_tegra234-p3768-0000+p3767-0003-nv_with_odm_overlay.dtb_aligned_blob_w_bin_aligned.bin
00:04:31.970 - Info: [   6.0919 ] adding BCH for spe_t234_aligned.bin
00:04:31.983 - Info: [   6.1099 ] adding BCH for camera-rtcpu-t234-rce_aligned.img
00:04:32.003 - Info: [   6.1234 ] adding BCH for adsp-fw_aligned.bin
00:04:32.063 - Info: [   6.1431 ] INFO: compressing nvpva_020_aligned.fw
00:04:32.067 - Info: [   6.2032 ] INFO: complete compression, nvpva_020_aligned.fw, ratio = 2%
00:04:32.070 - Info: [   6.2073 ] adding BCH for nvpva_020_aligned_blob_w_bin_aligned.fw
00:04:32.072 - Info: [   6.2098 ] MB1: Nvheader already present is mb1_t234_prod_aligned.bin
00:04:32.073 - Info: [   6.2123 ] Header already present for mb1_t234_prod_aligned_sigheader.bin
00:04:32.080 - Info: [   6.2127 ] MB1: Nvheader already present is psc_bl1_t234_prod_aligned.bin
00:04:32.080 - Info: [   6.2203 ] Header already present for psc_bl1_t234_prod_aligned_sigheader.bin
00:04:32.084 - Info: [   6.2205 ] Header already present for tsec_t234_aligned.bin
00:04:32.089 - Info: [   6.2239 ] Header already present for nvdec_t234_prod_aligned.fw
00:04:32.098 - Info: [   6.2289 ] adding BCH for mb2_t234_with_mb2_cold_boot_bct_MB2_aligned.bin
00:04:32.116 - Info: [   6.2383 ] adding BCH for xusb_t234_prod_aligned.bin
00:04:32.128 - Info: [   6.2560 ] Header already present for bpmp_t234-TE950M-A1_prod_aligned.bin
00:04:32.150 - Info: [   6.2685 ] adding BCH for tegra234-bpmp-3767-0003-3509-a02_with_odm_aligned.dtb
00:04:32.164 - Info: [   6.2897 ] Header already present for pscfw_t234_prod_aligned.bin
00:04:32.170 - Info: [   6.3039 ] Header already present for mce_flash_o10_cr_prod_aligned.bin
00:04:32.175 - Info: [   6.3101 ] Header already present for sc7_t234_prod.bin
00:04:32.181 - Info: [   6.3155 ] Header already present for psc_rf_t234_prod_aligned.bin
00:04:32.184 - Info: [   6.3210 ] adding BCH for mb2rf_t234_aligned.bin
00:04:32.277 - Info: [   6.3240 ] INFO: compressing uefi_jetson_with_dtb_aligned.bin
00:04:32.285 - Info: [   6.4173 ] INFO: complete compression, uefi_jetson_with_dtb_aligned.bin, ratio = 90%
00:04:32.359 - Info: [   6.4253 ] adding BCH for uefi_jetson_with_dtb_aligned_blob_w_bin_aligned.bin
00:04:32.439 - Info: [   6.4993 ] adding BCH for tos-optee_t234_aligned.img
00:04:32.528 - Info: [   6.5793 ] adding BCH for eks_t234_aligned.img
00:04:32.860 - Info: [   6.6683 ] INFO: compressing display-t234-dce_with_tegra234-p3768-0000+p3767-0003-nv_with_odm_overlay.dtb_aligned.bin
00:04:32.896 - Info: [   7.0002 ] INFO: complete compression, display-t234-dce_with_tegra234-p3768-0000+p3767-0003-nv_with_odm_overlay.dtb_aligned.bin, ratio = 6%
00:04:32.923 - Info: [   7.0355 ] adding BCH for display-t234-dce_with_tegra234-p3768-0000+p3767-0003-nv_with_odm_overlay.dtb_aligned_blob_w_bin_aligned.bin
00:04:32.940 - Info: [   7.0629 ] adding BCH for spe_t234_aligned.bin
00:04:32.953 - Info: [   7.0806 ] adding BCH for camera-rtcpu-t234-rce_aligned.img
00:04:32.973 - Info: [   7.0934 ] adding BCH for adsp-fw_aligned.bin
00:04:33.033 - Info: [   7.1123 ] INFO: compressing nvpva_020_aligned.fw
00:04:33.038 - Info: [   7.1736 ] INFO: complete compression, nvpva_020_aligned.fw, ratio = 2%
00:04:33.042 - Info: [   7.1778 ] adding BCH for nvpva_020_aligned_blob_w_bin_aligned.fw
00:04:33.486 - Info: [   7.1857 ] Filling MB1 storage info
00:04:33.486 - Info: [   7.1857 ] Parsing dev params for multi chains
00:04:33.486 - Info: [   7.1941 ] Generating br-bct
00:04:33.486 - Info: [   7.1956 ] Updating dev and MSS params in BR BCT
00:04:33.486 - Info: [   7.1956 ] tegrabct_v2 --dev_param tegra234-br-bct-p3767-0000-l4t_cpp.dtb --sdram tegra234-p3767-0001-sdram-l4t_cpp.dtb --brbct br_bct.cfg --chip 0x23 0
00:04:33.486 - Info: [   7.3733 ] Updating bl info
00:04:33.486 - Info: [   7.3738 ] tegrabct_v2 --brbct br_bct_BR.bct --chip 0x23 0 --updateblinfo flash.xml.bin
00:04:33.486 - Info: [   7.3865 ] Generating br-bct
00:04:33.486 - Info: [   7.3873 ] Updating dev and MSS params in BR BCT
00:04:33.486 - Info: [   7.3874 ] tegrabct_v2 --dev_param tegra234-br-bct_b-p3767-0000-l4t_cpp.dtb --sdram tegra234-p3767-0001-sdram-l4t_cpp.dtb --brbct br_bct.cfg --chip 0x23 0
00:04:33.486 - Info: [   7.5605 ] Updating bl info
00:04:33.486 - Info: [   7.5611 ] tegrabct_v2 --brbct br_bct_BR.bct --chip 0x23 0 --updateblinfo flash.xml.bin
00:04:33.486 - Info: [   7.5636 ] Generating BCT backup image
00:04:33.486 - Info: [   7.5636 ] dd if=/dev/zero of=bct_backup.img bs=1 count=32768
00:04:33.486 - Info: [   7.5647 ] 32768+0 records in
00:04:33.487 - Info: [   7.6264 ] 32768+0 records out
00:04:33.505 - Info: [   7.6266 ] 32768 bytes (33 kB, 32 KiB) copied, 0.0608585 s, 538 kB/s
00:04:33.505 - Info: [   7.6266 ] 
00:04:33.505 - Info: [   7.6266 ] Concatenating BCT for chain A to bct_backup.img
00:04:33.505 - Info: 
00:04:33.505 - Info: [   7.6266 ] dd if=br_bct_BR.bct of=bct_backup.img bs=1 seek=0 conv=notrunc
00:04:33.505 - Info: [   7.6272 ] 8192+0 records in
00:04:33.523 - Info: [   7.6452 ] 8192+0 records out
00:04:33.523 - Info: [   7.6452 ] 8192 bytes (8.2 kB, 8.0 KiB) copied, 0.0172008 s, 476 kB/s
00:04:33.523 - Info: [   7.6452 ] 
00:04:33.523 - Info: [   7.6453 ] Concatenating BCT for chain B to bct_backup.img
00:04:33.523 - Info: 
00:04:33.523 - Info: [   7.6453 ] dd if=br_bct_b_BR.bct of=bct_backup.img bs=1 seek=16384 conv=notrunc
00:04:33.523 - Info: [   7.6460 ] 8192+0 records in
00:04:33.531 - Info: [   7.6634 ] 8192+0 records out
00:04:33.531 - Info: [   7.6634 ] 8192 bytes (8.2 kB, 8.0 KiB) copied, 0.0162953 s, 503 kB/s
00:04:33.531 - Info: [   7.6634 ] 
00:04:33.531 - Info: [   7.6634 ] Generating signatures
00:04:33.531 - Info: [   7.6647 ] tegrasign_v3.py --key None --list images_list.xml --pubkeyhash pub_key.key --sha sha512
00:04:33.531 - Info: [   7.6660 ] Assuming zero filled SBK key
00:04:33.840 - Info: [   7.7927 ] Warning: pub_key.key is not found
00:04:33.840 - Info: [   7.7942 ] Parsing dev params for multi chains
00:04:33.840 - Info: [   7.7942 ] Generating br-bct
00:04:33.840 - Info: [   7.7978 ] Updating dev and MSS params in BR BCT
00:04:33.840 - Info: [   7.7979 ] tegrabct_v2 --dev_param tegra234-br-bct-p3767-0000-l4t_cpp.dtb --sdram tegra234-p3767-0001-sdram-l4t_cpp.dtb --brbct br_bct.cfg --chip 0x23 0
00:04:33.840 - Info: [   7.9747 ] Updating customer data section
00:04:33.840 - Info: [   7.9751 ] tegrabct_v2 --chip 0x23 0 --brbct br_bct_BR.bct --update_custinfo custinfo_out.bin
00:04:33.840 - Info: [   7.9759 ] Updating bl info
00:04:33.840 - Info: [   7.9763 ] tegrabct_v2 --brbct br_bct_BR.bct --chip 0x23 0 --updateblinfo flash.xml.bin --updatesig images_list_signed.xml
00:04:33.840 - Info: [   7.9785 ] Generating SHA2 Hash
00:04:33.846 - Info: [   7.9813 ] Sha saved in br_bct_BR.sha
00:04:33.846 - Info: [   7.9802 ] Get Signed section of bct
00:04:33.846 - Info: [   7.9827 ] tegrabct_v2 --brbct br_bct_BR.bct --chip 0x23 0 --listbct bct_list.xml
00:04:33.846 - Info: [   7.9838 ] Signing BCT
00:04:33.846 - Info: [   7.9851 ] tegrasign_v3.py --key None --list bct_list.xml --pubkeyhash pub_key.key --sha sha512
00:04:33.846 - Info: [   7.9853 ] Assuming zero filled SBK key
00:04:33.851 - Info: [   7.9903 ] Sha saved in br_bct_BR.sha
00:04:33.851 - Info: [   7.9908 ] Warning: pub_key.key is not found
00:04:33.851 - Info: [   7.9895 ] Updating BCT with signature
00:04:33.851 - Info: [   7.9901 ] tegrabct_v2 --brbct br_bct_BR.bct --chip 0x23 0 --updatesig bct_list_signed.xml
00:04:33.851 - Info: [   7.9905 ] Offset :4608 Len :3584
00:04:33.853 - Info: [   7.9911 ] Generating SHA2 Hash
00:04:33.853 - Info: [   7.9924 ] tegrasign_v3.py --key None --list bct_list.xml --sha sha512
00:04:33.853 - Info: [   7.9927 ] Assuming zero filled SBK key
00:04:33.853 - Info: [   7.9927 ] Assuming zero filled SBK key
00:04:33.858 - Info: [   7.9963 ] Sha saved in br_bct_BR.sha
00:04:33.858 - Info: [   7.9956 ] Updating BCT with SHA2 Hash
00:04:33.858 - Info: [   7.9961 ] tegrabct_v2 --brbct br_bct_BR.bct --chip 0x23 0 --updatesha bct_list_signed.xml
00:04:33.858 - Info: [   7.9970 ] Offset :4608 Len :3584
00:04:33.858 - Info: [   7.9975 ] Offset :68 Len :8124
00:04:34.032 - Info: [   7.9984 ] Generating br-bct
00:04:34.032 - Info: [   7.9992 ] Updating dev and MSS params in BR BCT
00:04:34.032 - Info: [   7.9993 ] tegrabct_v2 --dev_param tegra234-br-bct_b-p3767-0000-l4t_cpp.dtb --sdram tegra234-p3767-0001-sdram-l4t_cpp.dtb --brbct br_bct.cfg --chip 0x23 0
00:04:34.032 - Info: [   8.1658 ] Updating customer data section
00:04:34.032 - Info: [   8.1664 ] tegrabct_v2 --chip 0x23 0 --brbct br_bct_BR.bct --update_custinfo custinfo_out.bin
00:04:34.032 - Info: [   8.1682 ] Updating bl info
00:04:34.032 - Info: [   8.1689 ] tegrabct_v2 --brbct br_bct_BR.bct --chip 0x23 0 --updateblinfo flash.xml.bin --updatesig images_list_signed.xml
00:04:34.032 - Info: [   8.1714 ] Generating SHA2 Hash
00:04:34.035 - Info: [   8.1736 ] Sha saved in br_bct_BR.sha
00:04:34.035 - Info: [   8.1725 ] Get Signed section of bct
00:04:34.035 - Info: [   8.1729 ] tegrabct_v2 --brbct br_bct_BR.bct --chip 0x23 0 --listbct bct_list.xml
00:04:34.035 - Info: [   8.1739 ] Signing BCT
00:04:34.035 - Info: [   8.1752 ] tegrasign_v3.py --key None --list bct_list.xml --pubkeyhash pub_key.key --sha sha512
00:04:34.035 - Info: [   8.1753 ] Assuming zero filled SBK key
00:04:34.038 - Info: [   8.1778 ] Sha saved in br_bct_BR.sha
00:04:34.038 - Info: [   8.1781 ] Warning: pub_key.key is not found
00:04:34.038 - Info: [   8.1769 ] Updating BCT with signature
00:04:34.038 - Info: [   8.1773 ] tegrabct_v2 --brbct br_bct_BR.bct --chip 0x23 0 --updatesig bct_list_signed.xml
00:04:34.038 - Info: [   8.1778 ] Offset :4608 Len :3584
00:04:34.040 - Info: [   8.1785 ] Generating SHA2 Hash
00:04:34.040 - Info: [   8.1798 ] tegrasign_v3.py --key None --list bct_list.xml --sha sha512
00:04:34.040 - Info: [   8.1800 ] Assuming zero filled SBK key
00:04:34.040 - Info: [   8.1800 ] Assuming zero filled SBK key
00:04:34.046 - Info: [   8.1844 ] Sha saved in br_bct_BR.sha
00:04:34.046 - Info: [   8.1836 ] Updating BCT with SHA2 Hash
00:04:34.046 - Info: [   8.1846 ] tegrabct_v2 --brbct br_bct_BR.bct --chip 0x23 0 --updatesha bct_list_signed.xml
00:04:34.046 - Info: [   8.1857 ] Offset :4608 Len :3584
00:04:34.046 - Info: [   8.1863 ] Offset :68 Len :8124
00:04:34.112 - Info: [   8.1867 ] Generating BCT backup image
00:04:34.112 - Info: [   8.1868 ] dd if=/dev/zero of=bct_backup.img bs=1 count=32768
00:04:34.112 - Info: [   8.1877 ] 32768+0 records in
00:04:34.134 - Info: [   8.2502 ] 32768+0 records out
00:04:34.134 - Info: [   8.2503 ] 32768 bytes (33 kB, 32 KiB) copied, 0.0614886 s, 533 kB/s
00:04:34.134 - Info: [   8.2503 ] 
00:04:34.134 - Info: [   8.2503 ] Concatenating BCT for chain A to bct_backup.img
00:04:34.134 - Info: 
00:04:34.134 - Info: [   8.2503 ] dd if=br_bct_BR.bct of=bct_backup.img bs=1 seek=0 conv=notrunc
00:04:34.134 - Info: [   8.2529 ] 8192+0 records in
00:04:34.134 - Info: [   8.2741 ] 8192+0 records out
00:04:34.135 - Info: [   8.2742 ] 8192 bytes (8.2 kB, 8.0 KiB) copied, 0.0225863 s, 363 kB/s
00:04:34.156 - Info: [   8.2752 ] Concatenating BCT for chain B to bct_backup.img
00:04:34.156 - Info: 
00:04:34.156 - Info: [   8.2752 ] dd if=br_bct_b_BR.bct of=bct_backup.img bs=1 seek=16384 conv=notrunc
00:04:34.156 - Info: [   8.2786 ] 8192+0 records in
00:04:34.156 - Info: [   8.2964 ] 8192+0 records out
00:04:34.157 - Info: [   8.2965 ] 8192 bytes (8.2 kB, 8.0 KiB) copied, 0.0203176 s, 403 kB/s
00:04:34.163 - Info: [   8.2998 ] Generating coldboot mb1-bct
00:04:34.164 - Info: [   8.3007 ] tegrabct_v2 --chip 0x23 0 --mb1bct mb1_cold_boot_bct.cfg --misc tegra234-mb1-bct-misc-p3767-0000_cpp.dtb --wb0sdram tegra234-p3767-0001-wb0sdram-l4t_cpp.dtb --pinmux tegra234-mb1-bct-pinmux-p3767-dp-a03_cpp.dtb --pmc tegra234-mb1-bct-padvoltage-p3767-dp-a03_cpp.dtb --pmic tegra234-mb1-bct-pmic-p3767-0000-a02_cpp.dtb --brcommand tegra234-mb1-bct-reset-p3767-0000_cpp.dtb --prod tegra234-mb1-bct-prod-p3767-0000_cpp.dtb --gpioint tegra234-mb1-bct-gpioint-p3767-0000_cpp.dtb --uphy tegra234-mb1-bct-uphylane-si_cpp.dtb --device tegra234-mb1-bct-device-p3767-0000_cpp.dtb --deviceprod tegra234-mb1-bct-cprod-p3767-0000_cpp.dtb --minratchet tegra234-mb1-bct-ratchet-p3767-0000_cpp.dtb --ratchet_blob ratchet_blob.bin
00:04:34.164 - Info: [   8.3035 ] MB1-BCT version: 0.13
00:04:34.166 - Info: 
00:04:34.166 - Info: [   8.3047 ] Parsing config file :tegra234-mb1-bct-pinmux-p3767-dp-a03_cpp.dtb 
00:04:34.169 - Info: [   8.3052 ] Added Platform Config 0 data with size :- 2416
00:04:34.169 - Info: 
00:04:34.170 - Info: [   8.3094 ] Parsing config file :tegra234-mb1-bct-padvoltage-p3767-dp-a03_cpp.dtb 
00:04:34.170 - Info: [   8.3098 ] WARNING: unknown node 'g2'
00:04:34.171 - Info: [   8.3106 ] WARNING: unknown node 'g2'
00:04:34.171 - Info: [   8.3107 ] WARNING: unknown node 'g9'
00:04:34.171 - Info: [   8.3108 ] WARNING: unknown node 'g9'
00:04:34.171 - Info: [   8.3110 ] Added Platform Config 2 data with size :- 24
00:04:34.171 - Info: 
00:04:34.171 - Info: [   8.3112 ] Parsing config file :tegra234-mb1-bct-pmic-p3767-0000-a02_cpp.dtb 
00:04:34.172 - Info: [   8.3115 ] Added Platform Config 4 data with size :- 288
00:04:34.172 - Info: 
00:04:34.172 - Info: [   8.3118 ] Parsing config file :tegra234-mb1-bct-reset-p3767-0000_cpp.dtb 
00:04:34.172 - Info: [   8.3121 ] Added Platform Config 3 data with size :- 52
00:04:34.172 - Info: 
00:04:34.173 - Info: [   8.3123 ] Parsing config file :tegra234-mb1-bct-prod-p3767-0000_cpp.dtb 
00:04:34.173 - Info: [   8.3126 ] WARNING: unknown property 'major'
00:04:34.173 - Info: [   8.3128 ] WARNING: unknown property 'minor'
00:04:34.174 - Info: [   8.3130 ] Added Platform Config 5 data with size :- 512
00:04:34.174 - Info: 
00:04:34.175 - Info: [   8.3133 ] Parsing config file :tegra234-mb1-bct-gpioint-p3767-0000_cpp.dtb 
00:04:34.187 - Info: [   8.3149 ] WARNING: unknown property 'major'
00:04:34.187 - Info: [   8.3149 ] WARNING: unknown property 'minor'
00:04:34.187 - Info: [   8.3150 ] Added Platform Config 7 data with size :- 380
00:04:34.187 - Info: [   8.3150 ] 
00:04:34.187 - Info: [   8.3150 ] Parsing config file :tegra234-mb1-bct-uphylane-si_cpp.dtb 
00:04:34.187 - Info: [   8.3150 ] Added Platform Config 8 data with size :- 24
00:04:34.187 - Info: [   8.3150 ] 
00:04:34.187 - Info: [   8.3150 ] Parsing config file :tegra234-mb1-bct-device-p3767-0000_cpp.dtb 
00:04:34.187 - Info: [   8.3150 ] Added Platform Config 9 data with size :- 100
00:04:34.187 - Info: [   8.3150 ] 
00:04:34.187 - Info: [   8.3150 ] Parsing config file :tegra234-mb1-bct-cprod-p3767-0000_cpp.dtb 
00:04:34.187 - Info: [   8.3150 ] ModuleCount 0 NumProdNames 0
00:04:34.187 - Info: [   8.3150 ] Added Platform Config 6 data with size :- 16
00:04:34.187 - Info: [   8.3150 ] 
00:04:34.187 - Info: [   8.3150 ] Parsing config file :tegra234-mb1-bct-ratchet-p3767-0000_cpp.dtb 
00:04:34.187 - Info: [   8.3150 ] 
00:04:34.187 - Info: [   8.3150 ] Updating mb1-bct with firmware information
00:04:34.187 - Info: [   8.3168 ] tegrabct_v2 --chip 0x23 0 --mb1bct mb1_cold_boot_bct_MB1.bct --updatefwinfo flash.xml.bin
00:04:34.187 - Info: [   8.3236 ] tegrahost_v2 --chip 0x23 0 --align mb1_cold_boot_bct_MB1_aligned.bct
00:04:34.187 - Info: [   8.3247 ] Generating SHA2 Hash for mb1bct
00:04:34.192 - Info: [   8.3282 ] Sha saved in mb1_cold_boot_bct_MB1_aligned.sha
00:04:34.195 - Info: [   8.3333 ] Sha saved in mb1_cold_boot_bct_MB1.sha
00:04:34.195 - Info: [   8.3329 ] tegrahost_v2 --chip 0x23 0 --magicid MBCT --ratchet_blob ratchet_blob.bin --appendsigheader mb1_cold_boot_bct_MB1_aligned.bct zerosbk
00:04:34.195 - Info: [   8.3335 ] adding BCH for mb1_cold_boot_bct_MB1_aligned.bct
00:04:34.198 - Info: [   8.3364 ] tegrasign_v3.py --key None --list mb1_cold_boot_bct_MB1_aligned_sigheader.bct_list.xml --pubkeyhash pub_key.key --sha sha512
00:04:34.198 - Info: [   8.3366 ] Assuming zero filled SBK key
00:04:34.201 - Info: [   8.3393 ] Warning: pub_key.key is not found
00:04:34.201 - Info: [   8.3388 ] tegrahost_v2 --chip 0x23 0 --updatesigheader mb1_cold_boot_bct_MB1_aligned_sigheader.bct.encrypt mb1_cold_boot_bct_MB1_aligned_sigheader.bct.hash zerosbk
00:04:34.201 - Info: [   8.3403 ] Generating recovery mb1-bct
00:04:34.201 - Info: [   8.3409 ] tegrabct_v2 --chip 0x23 0 --mb1bct mb1_bct.cfg --misc tegra234-mb1-bct-misc-p3767-0000_cpp.dtb --wb0sdram tegra234-p3767-0001-wb0sdram-l4t_cpp.dtb --pinmux tegra234-mb1-bct-pinmux-p3767-dp-a03_cpp.dtb --pmc tegra234-mb1-bct-padvoltage-p3767-dp-a03_cpp.dtb --pmic tegra234-mb1-bct-pmic-p3767-0000-a02_cpp.dtb --brcommand tegra234-mb1-bct-reset-p3767-0000_cpp.dtb --prod tegra234-mb1-bct-prod-p3767-0000_cpp.dtb --gpioint tegra234-mb1-bct-gpioint-p3767-0000_cpp.dtb --uphy tegra234-mb1-bct-uphylane-si_cpp.dtb --device tegra234-mb1-bct-device-p3767-0000_cpp.dtb --deviceprod tegra234-mb1-bct-cprod-p3767-0000_cpp.dtb --minratchet tegra234-mb1-bct-ratchet-p3767-0000_cpp.dtb --ratchet_blob ratchet_blob.bin
00:04:34.201 - Info: [   8.3413 ] MB1-BCT version: 0.13
00:04:34.203 - Info: 
00:04:34.204 - Info: [   8.3433 ] Parsing config file :tegra234-mb1-bct-pinmux-p3767-dp-a03_cpp.dtb 
00:04:34.208 - Info: [   8.3437 ] Added Platform Config 0 data with size :- 2416
00:04:34.208 - Info: 
00:04:34.208 - Info: [   8.3471 ] Parsing config file :tegra234-mb1-bct-padvoltage-p3767-dp-a03_cpp.dtb 
00:04:34.208 - Info: [   8.3475 ] WARNING: unknown node 'g2'
00:04:34.208 - Info: [   8.3476 ] WARNING: unknown node 'g2'
00:04:34.208 - Info: [   8.3478 ] WARNING: unknown node 'g9'
00:04:34.208 - Info: [   8.3479 ] WARNING: unknown node 'g9'
00:04:34.208 - Info: [   8.3481 ] Added Platform Config 2 data with size :- 24
00:04:34.208 - Info: 
00:04:34.208 - Info: [   8.3483 ] Parsing config file :tegra234-mb1-bct-pmic-p3767-0000-a02_cpp.dtb 
00:04:34.214 - Info: [   8.3485 ] Added Platform Config 4 data with size :- 288
00:04:34.214 - Info: [   8.3485 ] 
00:04:34.214 - Info: [   8.3485 ] Parsing config file :tegra234-mb1-bct-reset-p3767-0000_cpp.dtb 
00:04:34.214 - Info: [   8.3485 ] Added Platform Config 3 data with size :- 52
00:04:34.214 - Info: [   8.3485 ] 
00:04:34.214 - Info: [   8.3485 ] Parsing config file :tegra234-mb1-bct-prod-p3767-0000_cpp.dtb 
00:04:34.214 - Info: [   8.3485 ] WARNING: unknown property 'major'
00:04:34.214 - Info: [   8.3485 ] WARNING: unknown property 'minor'
00:04:34.214 - Info: [   8.3485 ] Added Platform Config 5 data with size :- 512
00:04:34.214 - Info: [   8.3485 ] 
00:04:34.214 - Info: [   8.3485 ] Parsing config file :tegra234-mb1-bct-gpioint-p3767-0000_cpp.dtb 
00:04:34.214 - Info: [   8.3485 ] WARNING: unknown property 'major'
00:04:34.214 - Info: [   8.3485 ] WARNING: unknown property 'minor'
00:04:34.214 - Info: [   8.3485 ] Added Platform Config 7 data with size :- 380
00:04:34.214 - Info: [   8.3485 ] 
00:04:34.214 - Info: [   8.3485 ] Parsing config file :tegra234-mb1-bct-uphylane-si_cpp.dtb 
00:04:34.214 - Info: [   8.3485 ] Added Platform Config 8 data with size :- 24
00:04:34.214 - Info: [   8.3485 ] 
00:04:34.214 - Info: [   8.3485 ] Parsing config file :tegra234-mb1-bct-device-p3767-0000_cpp.dtb 
00:04:34.214 - Info: [   8.3485 ] Added Platform Config 9 data with size :- 100
00:04:34.214 - Info: [   8.3485 ] 
00:04:34.214 - Info: [   8.3485 ] Parsing config file :tegra234-mb1-bct-cprod-p3767-0000_cpp.dtb 
00:04:34.214 - Info: [   8.3485 ] ModuleCount 0 NumProdNames 0
00:04:34.214 - Info: [   8.3485 ] Added Platform Config 6 data with size :- 16
00:04:34.214 - Info: [   8.3485 ] 
00:04:34.214 - Info: [   8.3485 ] Parsing config file :tegra234-mb1-bct-ratchet-p3767-0000_cpp.dtb 
00:04:34.214 - Info: [   8.3485 ] 
00:04:34.214 - Info: [   8.3486 ] Updating mb1-bct with firmware information
00:04:34.214 - Info: [   8.3492 ] tegrabct_v2 --chip 0x23 0 --mb1bct mb1_bct_MB1.bct --recov --updatefwinfo flash.xml.bin
00:04:34.214 - Info: [   8.3522 ] tegrahost_v2 --chip 0x23 0 --align mb1_bct_MB1_aligned.bct
00:04:34.214 - Info: [   8.3527 ] Generating SHA2 Hash for mb1bct
00:04:34.215 - Info: [   8.3550 ] Sha saved in mb1_bct_MB1_aligned.sha
00:04:34.217 - Info: [   8.3567 ] Sha saved in mb1_bct_MB1.sha
00:04:34.217 - Info: [   8.3561 ] tegrahost_v2 --chip 0x23 0 --magicid MBCT --ratchet_blob ratchet_blob.bin --appendsigheader mb1_bct_MB1_aligned.bct zerosbk
00:04:34.217 - Info: [   8.3566 ] adding BCH for mb1_bct_MB1_aligned.bct
00:04:34.219 - Info: [   8.3591 ] tegrasign_v3.py --key None --list mb1_bct_MB1_aligned_sigheader.bct_list.xml --pubkeyhash pub_key.key --sha sha512
00:04:34.219 - Info: [   8.3592 ] Assuming zero filled SBK key
00:04:34.409 - Info: [   8.3608 ] Warning: pub_key.key is not found
00:04:34.409 - Info: [   8.3601 ] tegrahost_v2 --chip 0x23 0 --updatesigheader mb1_bct_MB1_aligned_sigheader.bct.encrypt mb1_bct_MB1_aligned_sigheader.bct.hash zerosbk
00:04:34.409 - Info: [   8.3611 ] Generating coldboot mem-bct
00:04:34.409 - Info: [   8.3616 ] tegrabct_v2 --chip 0x23 0 --sdram tegra234-p3767-0001-sdram-l4t_cpp.dtb --wb0sdram tegra234-p3767-0001-wb0sdram-l4t_cpp.dtb --membct tegra234-p3767-0001-sdram-l4t_cpp_1.bct tegra234-p3767-0001-sdram-l4t_cpp_2.bct tegra234-p3767-0001-sdram-l4t_cpp_3.bct tegra234-p3767-0001-sdram-l4t_cpp_4.bct
00:04:34.409 - Info: [   8.3646 ]  packing sdram params with Wb0 file tegra234-p3767-0001-wb0sdram-l4t_cpp.dtb
00:04:34.409 - Info: [   8.5470 ] Packing sdram param for instance[0]
00:04:34.409 - Info: [   8.5472 ] Packing sdram param for instance[1]
00:04:34.409 - Info: [   8.5476 ] Packing sdram param for instance[2]
00:04:34.409 - Info: [   8.5478 ] Packing sdram param for instance[3]
00:04:34.409 - Info: [   8.5481 ] Packing sdram param for instance[4]
00:04:34.409 - Info: [   8.5483 ] Packing sdram param for instance[5]
00:04:34.409 - Info: [   8.5485 ] Packing sdram param for instance[6]
00:04:34.409 - Info: [   8.5488 ] Packing sdram param for instance[7]
00:04:34.409 - Info: [   8.5490 ] Packing sdram param for instance[8]
00:04:34.412 - Info: [   8.5492 ] Packing sdram param for instance[9]
00:04:34.413 - Info: [   8.5525 ] Packing sdram param for instance[10]
00:04:34.413 - Info: [   8.5527 ] Packing sdram param for instance[11]
00:04:34.413 - Info: [   8.5528 ] Packing sdram param for instance[12]
00:04:34.413 - Info: [   8.5530 ] Packing sdram param for instance[13]
00:04:34.413 - Info: [   8.5531 ] Packing sdram param for instance[14]
00:04:34.413 - Info: [   8.5532 ] Packing sdram param for instance[15]
00:04:34.569 - Info: [   8.7070 ] Getting sector size from pt
00:04:34.569 - Info: [   8.7076 ] tegraparser_v2 --getsectorsize flash.xml.bin sector_info.bin
00:04:34.569 - Info: [   8.7082 ] BlockSize read from layout is 0x200
00:04:34.569 - Info: 
00:04:34.569 - Info: [   8.7087 ] tegrahost_v2 --chip 0x23 0 --blocksize 512 --magicid MEMB --addsigheader_multi tegra234-p3767-0001-sdram-l4t_cpp_1.bct tegra234-p3767-0001-sdram-l4t_cpp_2.bct tegra234-p3767-0001-sdram-l4t_cpp_3.bct tegra234-p3767-0001-sdram-l4t_cpp_4.bct --ratchet_blob ratchet_blob.bin
00:04:34.569 - Info: [   8.7090 ] Binary 0 length is 58752
00:04:34.571 - Info: [   8.7093 ] Binary 0 align length is 58880
00:04:34.571 - Info: [   8.7110 ] Binary 1 length is 58752
00:04:34.575 - Info: [   8.7111 ] Binary 1 align length is 58880
00:04:34.576 - Info: [   8.7148 ] Binary 2 length is 58752
00:04:34.576 - Info: [   8.7149 ] Binary 2 align length is 58880
00:04:34.576 - Info: [   8.7151 ] Binary 3 length is 58752
00:04:34.577 - Info: [   8.7152 ] Binary 3 align length is 58880
00:04:34.577 - Info: [   8.7167 ] Buffer length is 235520
00:04:34.577 - Info: [   8.7168 ] adding BCH for tegra234-p3767-0001-sdram-l4t_cpp_1.bct
00:04:34.577 - Info: [   8.7170 ] new length is 243712
00:04:34.581 - Info: [   8.7192 ] tegrahost_v2 --chip 0x23 0 --align mem_coldboot_aligned.bct
00:04:34.581 - Info: [   8.7201 ] tegrahost_v2 --chip 0x23 0 --magicid MEMB --ratchet_blob ratchet_blob.bin --appendsigheader mem_coldboot_aligned.bct zerosbk
00:04:34.581 - Info: [   8.7204 ] Header already present for mem_coldboot_aligned.bct
00:04:34.584 - Info: [   8.7230 ] tegrasign_v3.py --key None --list mem_coldboot_aligned_sigheader.bct_list.xml --pubkeyhash pub_key.key --sha sha512
00:04:34.584 - Info: [   8.7233 ] Assuming zero filled SBK key
00:04:34.759 - Info: [   8.7261 ] Warning: pub_key.key is not found
00:04:34.760 - Info: [   8.7254 ] tegrahost_v2 --chip 0x23 0 --updatesigheader mem_coldboot_aligned_sigheader.bct.encrypt mem_coldboot_aligned_sigheader.bct.hash zerosbk
00:04:34.760 - Info: [   8.7268 ] Generating recovery mem-bct
00:04:34.760 - Info: [   8.7272 ] tegrabct_v2 --chip 0x23 0 --sdram tegra234-p3767-0001-sdram-l4t_cpp.dtb --wb0sdram tegra234-p3767-0001-wb0sdram-l4t_cpp.dtb --membct tegra234-p3767-0001-sdram-l4t_cpp_1.bct tegra234-p3767-0001-sdram-l4t_cpp_2.bct tegra234-p3767-0001-sdram-l4t_cpp_3.bct tegra234-p3767-0001-sdram-l4t_cpp_4.bct
00:04:34.760 - Info: [   8.7295 ]  packing sdram params with Wb0 file tegra234-p3767-0001-wb0sdram-l4t_cpp.dtb
00:04:34.760 - Info: [   8.8980 ] Packing sdram param for instance[0]
00:04:34.760 - Info: [   8.8982 ] Packing sdram param for instance[1]
00:04:34.760 - Info: [   8.8985 ] Packing sdram param for instance[2]
00:04:34.760 - Info: [   8.8988 ] Packing sdram param for instance[3]
00:04:34.760 - Info: [   8.8990 ] Packing sdram param for instance[4]
00:04:34.760 - Info: [   8.8993 ] Packing sdram param for instance[5]
00:04:34.762 - Info: [   8.8995 ] Packing sdram param for instance[6]
00:04:34.762 - Info: [   8.8999 ] Packing sdram param for instance[7]
00:04:34.762 - Info: [   8.9001 ] Packing sdram param for instance[8]
00:04:34.762 - Info: [   8.9003 ] Packing sdram param for instance[9]
00:04:34.762 - Info: [   8.9005 ] Packing sdram param for instance[10]
00:04:34.762 - Info: [   8.9008 ] Packing sdram param for instance[11]
00:04:34.762 - Info: [   8.9010 ] Packing sdram param for instance[12]
00:04:34.762 - Info: [   8.9012 ] Packing sdram param for instance[13]
00:04:34.762 - Info: [   8.9013 ] Packing sdram param for instance[14]
00:04:34.762 - Info: [   8.9015 ] Packing sdram param for instance[15]
00:04:34.932 - Info: [   9.0699 ] Generating mem_bct based on ramcode group number
00:04:34.932 - Info: [   9.0699 ] Got ramcode 3 from the command line
00:04:34.932 - Info: [   9.0699 ] Using ramcode group number 0
00:04:34.932 - Info: [   9.0699 ] Disabled BPMP dtb trim, using default dtb
00:04:34.932 - Info: [   9.0699 ] 
00:04:34.932 - Info: [   9.0706 ] tegrahost_v2 --chip 0x23 0 --align mem_rcm_aligned.bct
00:04:34.932 - Info: [   9.0719 ] tegrahost_v2 --chip 0x23 0 --magicid MEM0 --ratchet_blob ratchet_blob.bin --appendsigheader mem_rcm_aligned.bct zerosbk
00:04:34.932 - Info: [   9.0722 ] adding BCH for mem_rcm_aligned.bct
00:04:34.940 - Info: [   9.0779 ] tegrasign_v3.py --key None --list mem_rcm_aligned_sigheader.bct_list.xml --pubkeyhash pub_key.key --sha sha512
00:04:34.940 - Info: [   9.0781 ] Assuming zero filled SBK key
00:04:34.950 - Info: [   9.0851 ] Warning: pub_key.key is not found
00:04:34.950 - Info: [   9.0851 ] tegrahost_v2 --chip 0x23 0 --updatesigheader mem_rcm_aligned_sigheader.bct.encrypt mem_rcm_aligned_sigheader.bct.hash zerosbk
00:04:34.950 - Info: [   9.0868 ] Generating all 4 mem_bct for ramcode group (0..3)
00:04:34.950 - Info: [   9.0868 ] Disabled BPMP dtb trim, using default dtb
00:04:34.950 - Info: [   9.0868 ] 
00:04:34.950 - Info: [   9.0876 ] tegrahost_v2 --chip 0x23 0 --align mem_rcm_0_aligned.bct
00:04:34.950 - Info: [   9.0891 ] tegrahost_v2 --chip 0x23 0 --magicid MEM0 --ratchet_blob ratchet_blob.bin --appendsigheader mem_rcm_0_aligned.bct zerosbk
00:04:34.950 - Info: [   9.0898 ] adding BCH for mem_rcm_0_aligned.bct
00:04:34.965 - Info: [   9.0955 ] tegrasign_v3.py --key None --list mem_rcm_0_aligned_sigheader.bct_list.xml --pubkeyhash pub_key.key --sha sha512
00:04:34.965 - Info: [   9.0957 ] Assuming zero filled SBK key
00:04:34.965 - Info: [   9.0980 ] Warning: pub_key.key is not found
00:04:34.965 - Info: [   9.0983 ] tegrahost_v2 --chip 0x23 0 --updatesigheader mem_rcm_0_aligned_sigheader.bct.encrypt mem_rcm_0_aligned_sigheader.bct.hash zerosbk
00:04:34.965 - Info: [   9.1009 ] Disabled BPMP dtb trim, using default dtb
00:04:34.965 - Info: [   9.1010 ] 
00:04:34.965 - Info: [   9.1022 ] tegrahost_v2 --chip 0x23 0 --align mem_rcm_1_aligned.bct
00:04:34.965 - Info: [   9.1046 ] tegrahost_v2 --chip 0x23 0 --magicid MEM1 --ratchet_blob ratchet_blob.bin --appendsigheader mem_rcm_1_aligned.bct zerosbk
00:04:34.965 - Info: [   9.1052 ] adding BCH for mem_rcm_1_aligned.bct
00:04:34.970 - Info: [   9.1098 ] tegrasign_v3.py --key None --list mem_rcm_1_aligned_sigheader.bct_list.xml --pubkeyhash pub_key.key --sha sha512
00:04:34.970 - Info: [   9.1100 ] Assuming zero filled SBK key
00:04:34.977 - Info: [   9.1117 ] Warning: pub_key.key is not found
00:04:34.977 - Info: [   9.1110 ] tegrahost_v2 --chip 0x23 0 --updatesigheader mem_rcm_1_aligned_sigheader.bct.encrypt mem_rcm_1_aligned_sigheader.bct.hash zerosbk
00:04:34.977 - Info: [   9.1125 ] Disabled BPMP dtb trim, using default dtb
00:04:34.977 - Info: [   9.1125 ] 
00:04:34.977 - Info: [   9.1133 ] tegrahost_v2 --chip 0x23 0 --align mem_rcm_2_aligned.bct
00:04:34.977 - Info: [   9.1151 ] tegrahost_v2 --chip 0x23 0 --magicid MEM2 --ratchet_blob ratchet_blob.bin --appendsigheader mem_rcm_2_aligned.bct zerosbk
00:04:34.977 - Info: [   9.1160 ] adding BCH for mem_rcm_2_aligned.bct
00:04:34.982 - Info: [   9.1213 ] tegrasign_v3.py --key None --list mem_rcm_2_aligned_sigheader.bct_list.xml --pubkeyhash pub_key.key --sha sha512
00:04:34.982 - Info: [   9.1218 ] Assuming zero filled SBK key
00:04:34.992 - Info: [   9.1240 ] Warning: pub_key.key is not found
00:04:34.992 - Info: [   9.1242 ] tegrahost_v2 --chip 0x23 0 --updatesigheader mem_rcm_2_aligned_sigheader.bct.encrypt mem_rcm_2_aligned_sigheader.bct.hash zerosbk
00:04:34.992 - Info: [   9.1261 ] Disabled BPMP dtb trim, using default dtb
00:04:34.992 - Info: [   9.1261 ] 
00:04:34.992 - Info: [   9.1285 ] tegrahost_v2 --chip 0x23 0 --align mem_rcm_3_aligned.bct
00:04:34.992 - Info: [   9.1307 ] tegrahost_v2 --chip 0x23 0 --magicid MEM3 --ratchet_blob ratchet_blob.bin --appendsigheader mem_rcm_3_aligned.bct zerosbk
00:04:34.992 - Info: [   9.1313 ] adding BCH for mem_rcm_3_aligned.bct
00:04:34.997 - Info: [   9.1369 ] tegrasign_v3.py --key None --list mem_rcm_3_aligned_sigheader.bct_list.xml --pubkeyhash pub_key.key --sha sha512
00:04:34.997 - Info: [   9.1371 ] Assuming zero filled SBK key
00:04:35.071 - Info: [   9.1391 ] Warning: pub_key.key is not found
00:04:35.071 - Info: [   9.1388 ] tegrahost_v2 --chip 0x23 0 --updatesigheader mem_rcm_3_aligned_sigheader.bct.encrypt mem_rcm_3_aligned_sigheader.bct.hash zerosbk
00:04:35.071 - Info: [   9.1401 ] Copying signatures
00:04:35.071 - Info: [   9.1406 ] tegrahost_v2 --chip 0x23 0 --partitionlayout flash.xml.bin --updatesig images_list_signed.xml
00:04:35.071 - Info: [   9.2100 ] tegraparser_v2 --generategpt --pt flash.xml.bin
00:04:35.071 - Info: [   9.2103 ] gpt_secondary_3_0.bin:
00:04:35.071 - Info: [   9.2108 ] partition_id	partition_name			      StartingLba	EndingLba
00:04:35.073 - Info: [   9.2110 ]            1	BCT                                 	       0	    2047
00:04:35.073 - Info: [   9.2114 ]            2	A_mb1                               	    2048	    3071
00:04:35.073 - Info: [   9.2117 ]            3	A_psc_bl1                           	    3072	    3583
00:04:35.073 - Info: [   9.2121 ]            4	A_MB1_BCT                           	    3584	    3839
00:04:35.073 - Info: [   9.2125 ]            5	A_MEM_BCT                           	    3840	    4351
00:04:35.073 - Info: [   9.2128 ]            6	A_tsec-fw                           	    4352	    6399
00:04:35.074 - Info: [   9.2132 ]            7	A_nvdec                             	    6400	    8447
00:04:35.075 - Info: [   9.2144 ]            8	A_mb2                               	    8448	    9471
00:04:35.075 - Info: [   9.2149 ]            9	A_xusb-fw                           	    9472	    9983
00:04:35.076 - Info: [   9.2155 ]           10	A_bpmp-fw                           	    9984	   13055
00:04:35.076 - Info: [   9.2160 ]           11	A_bpmp-fw-dtb                       	   13056	   21247
00:04:35.077 - Info: [   9.2165 ]           12	A_psc-fw                            	   21248	   22783
00:04:35.077 - Info: [   9.2169 ]           13	A_mts-mce                           	   22784	   23807
00:04:35.078 - Info: [   9.2173 ]           14	A_sc7                               	   23808	   24191
00:04:35.078 - Info: [   9.2178 ]           15	A_pscrf                             	   24192	   24575
00:04:35.079 - Info: [   9.2182 ]           16	A_mb2rf                             	   24576	   24831
00:04:35.079 - Info: [   9.2186 ]           17	A_cpu-bootloader                    	   24832	   31999
00:04:35.079 - Info: [   9.2189 ]           18	A_secure-os                         	   32000	   40191
00:04:35.079 - Info: [   9.2191 ]           19	A_smm-fw                            	   40192	   44287
00:04:35.080 - Info: [   9.2193 ]           20	A_eks                               	   44288	   44799
00:04:35.082 - Info: [   9.2197 ]           21	A_dce-fw                            	   44800	   55039
00:04:35.082 - Info: [   9.2197 ]           22	A_spe-fw                            	   55040	   56191
00:04:35.082 - Info: [   9.2197 ]           23	A_rce-fw                            	   56192	   58239
00:04:35.082 - Info: [   9.2197 ]           24	A_adsp-fw                           	   58240	   62335
00:04:35.082 - Info: [   9.2197 ]           25	A_pva-fw                            	   62336	   62847
00:04:35.082 - Info: [   9.2197 ]           26	A_reserved_on_boot                  	   62848	   65023
00:04:35.083 - Info: [   9.2197 ]           27	B_mb1                               	   65024	   66047
00:04:35.083 - Info: [   9.2197 ]           28	B_psc_bl1                           	   66048	   66559
00:04:35.083 - Info: [   9.2197 ]           29	B_MB1_BCT                           	   66560	   66815
00:04:35.083 - Info: [   9.2197 ]           30	B_MEM_BCT                           	   66816	   67327
00:04:35.083 - Info: [   9.2197 ]           31	B_tsec-fw                           	   67328	   69375
00:04:35.083 - Info: [   9.2197 ]           32	B_nvdec                             	   69376	   71423
00:04:35.083 - Info: [   9.2197 ]           33	B_mb2                               	   71424	   72447
00:04:35.083 - Info: [   9.2197 ]           34	B_xusb-fw                           	   72448	   72959
00:04:35.083 - Info: [   9.2197 ]           35	B_bpmp-fw                           	   72960	   76031
00:04:35.083 - Info: [   9.2197 ]           36	B_bpmp-fw-dtb                       	   76032	   84223
00:04:35.083 - Info: [   9.2197 ]           37	B_psc-fw                            	   84224	   85759
00:04:35.083 - Info: [   9.2197 ]           38	B_mts-mce                           	   85760	   86783
00:04:35.083 - Info: [   9.2197 ]           39	B_sc7                               	   86784	   87167
00:04:35.083 - Info: [   9.2197 ]           40	B_pscrf                             	   87168	   87551
00:04:35.083 - Info: [   9.2197 ]           41	B_mb2rf                             	   87552	   87807
00:04:35.083 - Info: [   9.2197 ]           42	B_cpu-bootloader                    	   87808	   94975
00:04:35.083 - Info: [   9.2197 ]           43	B_secure-os                         	   94976	  103167
00:04:35.083 - Info: [   9.2197 ]           44	B_smm-fw                            	  103168	  107263
00:04:35.083 - Info: [   9.2197 ]           45	B_eks                               	  107264	  107775
00:04:35.083 - Info: [   9.2197 ]           46	B_dce-fw                            	  107776	  118015
00:04:35.083 - Info: [   9.2197 ]           47	B_spe-fw                            	  118016	  119167
00:04:35.083 - Info: [   9.2197 ]           48	B_rce-fw                            	  119168	  121215
00:04:35.083 - Info: [   9.2197 ]           49	B_adsp-fw                           	  121216	  125311
00:04:35.083 - Info: [   9.2197 ]           50	B_pva-fw                            	  125312	  125823
00:04:35.083 - Info: [   9.2197 ]           51	B_reserved_on_boot                  	  125824	  127999
00:04:35.083 - Info: [   9.2197 ]           52	uefi_variables                      	  128000	  128511
00:04:35.083 - Info: [   9.2197 ]           53	uefi_ftw                            	  128512	  129535
00:04:35.083 - Info: [   9.2197 ]           54	reserved                            	  129536	  129919
00:04:35.083 - Info: [   9.2197 ]           55	worm                                	  129920	  130303
00:04:35.083 - Info: [   9.2198 ]           56	BCT-boot-chain_backup               	  130304	  130431
00:04:35.083 - Info: [   9.2198 ]           57	reserved_partition                  	  130432	  130559
00:04:35.083 - Info: [   9.2198 ]           58	secondary_gpt_backup                	  130560	  130687
00:04:35.083 - Info: [   9.2198 ]           59	B_VER                               	  130688	  130815
00:04:35.083 - Info: [   9.2198 ]           60	A_VER                               	  130816	  130943
00:04:35.083 - Info: [   9.2198 ] 
00:04:35.083 - Info: [   9.2214 ] Get magic id
00:04:35.083 - Info: [   9.2221 ] tegraparser_v2 --get_magic psc_fw
00:04:35.083 - Info: [   9.2224 ] PFWP
00:04:35.086 - Info: [   9.2226 ] partition type psc_fw, magic id = PFWP
00:04:35.086 - Info: [   9.2237 ] tegrahost_v2 --chip 0x23 0 --align pscfw_t234_prod_aligned.bin
00:04:35.086 - Info: [   9.2250 ] tegrahost_v2 --chip 0x23 0 --magicid PFWP --ratchet_blob ratchet_blob.bin --appendsigheader pscfw_t234_prod_aligned.bin zerosbk
00:04:35.086 - Info: [   9.2255 ] Header already present for pscfw_t234_prod_aligned.bin
00:04:35.096 - Info: [   9.2354 ] tegrasign_v3.py --key None --list pscfw_t234_prod_aligned_sigheader.bin_list.xml --pubkeyhash pub_key.key --sha sha512
00:04:35.096 - Info: [   9.2358 ] Assuming zero filled SBK key
00:04:35.101 - Info: [   9.2381 ] Warning: pub_key.key is not found
00:04:35.101 - Info: [   9.2377 ] tegrahost_v2 --chip 0x23 0 --updatesigheader pscfw_t234_prod_aligned_sigheader.bin.encrypt pscfw_t234_prod_aligned_sigheader.bin.hash zerosbk
00:04:35.101 - Info: [   9.2397 ] Get magic id
00:04:35.101 - Info: [   9.2402 ] tegraparser_v2 --get_magic mts_mce
00:04:35.101 - Info: [   9.2405 ] MTSM
00:04:35.103 - Info: [   9.2407 ] partition type mts_mce, magic id = MTSM
00:04:35.104 - Info: [   9.2418 ] tegrahost_v2 --chip 0x23 0 --align mce_flash_o10_cr_prod_aligned.bin
00:04:35.104 - Info: [   9.2430 ] tegrahost_v2 --chip 0x23 0 --magicid MTSM --ratchet_blob ratchet_blob.bin --appendsigheader mce_flash_o10_cr_prod_aligned.bin zerosbk
00:04:35.104 - Info: [   9.2434 ] Header already present for mce_flash_o10_cr_prod_aligned.bin
00:04:35.112 - Info: [   9.2512 ] tegrasign_v3.py --key None --list mce_flash_o10_cr_prod_aligned_sigheader.bin_list.xml --pubkeyhash pub_key.key --sha sha512
00:04:35.112 - Info: [   9.2515 ] Assuming zero filled SBK key
00:04:35.116 - Info: [   9.2538 ] Warning: pub_key.key is not found
00:04:35.116 - Info: [   9.2532 ] tegrahost_v2 --chip 0x23 0 --updatesigheader mce_flash_o10_cr_prod_aligned_sigheader.bin.encrypt mce_flash_o10_cr_prod_aligned_sigheader.bin.hash zerosbk
00:04:35.116 - Info: [   9.2549 ] Get magic id
00:04:35.116 - Info: [   9.2555 ] tegraparser_v2 --get_magic tsec_fw
00:04:35.116 - Info: [   9.2559 ] TSEC
00:04:35.119 - Info: [   9.2561 ] partition type tsec_fw, magic id = TSEC
00:04:35.119 - Info: [   9.2573 ] tegrahost_v2 --chip 0x23 0 --align tsec_t234_aligned.bin
00:04:35.119 - Info: [   9.2584 ] tegrahost_v2 --chip 0x23 0 --magicid TSEC --ratchet_blob ratchet_blob.bin --appendsigheader tsec_t234_aligned.bin zerosbk
00:04:35.119 - Info: [   9.2588 ] Header already present for tsec_t234_aligned.bin
00:04:35.127 - Info: [   9.2669 ] tegrasign_v3.py --key None --list tsec_t234_aligned_sigheader.bin_list.xml --pubkeyhash pub_key.key --sha sha512
00:04:35.127 - Info: [   9.2671 ] Assuming zero filled SBK key
00:04:35.132 - Info: [   9.2697 ] Warning: pub_key.key is not found
00:04:35.132 - Info: [   9.2693 ] tegrahost_v2 --chip 0x23 0 --updatesigheader tsec_t234_aligned_sigheader.bin.encrypt tsec_t234_aligned_sigheader.bin.hash zerosbk
00:04:35.132 - Info: [   9.2707 ] Get magic id
00:04:35.132 - Info: [   9.2713 ] tegraparser_v2 --get_magic mb2_applet
00:04:35.132 - Info: [   9.2718 ] MB2A
00:04:35.135 - Info: [   9.2720 ] partition type mb2_applet, magic id = MB2A
00:04:35.135 - Info: [   9.2734 ] tegrahost_v2 --chip 0x23 0 --align applet_t234_aligned.bin
00:04:35.135 - Info: [   9.2745 ] tegrahost_v2 --chip 0x23 0 --magicid MB2A --ratchet_blob ratchet_blob.bin --appendsigheader applet_t234_aligned.bin zerosbk
00:04:35.135 - Info: [   9.2749 ] adding BCH for applet_t234_aligned.bin
00:04:35.151 - Info: [   9.2906 ] tegrasign_v3.py --key None --list applet_t234_aligned_sigheader.bin_list.xml --pubkeyhash pub_key.key --sha sha512
00:04:35.151 - Info: [   9.2908 ] Assuming zero filled SBK key
00:04:35.158 - Info: [   9.2929 ] Warning: pub_key.key is not found
00:04:35.158 - Info: [   9.2923 ] tegrahost_v2 --chip 0x23 0 --updatesigheader applet_t234_aligned_sigheader.bin.encrypt applet_t234_aligned_sigheader.bin.hash zerosbk
00:04:35.158 - Info: [   9.2943 ] Generating recovery mb2-bct
00:04:35.158 - Info: [   9.2943 ] tegrabct_v2 --chip 0x23 0 --mb2bct mb2_bct.cfg --recov --mb2bctcfg tegra234-mb2-bct-misc-p3767-0000_cpp.dtb --scr tegra234-mb2-bct-scr-p3767-0000_cpp.dtb
00:04:35.158 - Info: [   9.2958 ] WARNING: unknown property 'tfc_version'
00:04:35.158 - Info: [   9.2977 ] WARNING: unknown property 'addr_header_version'
00:04:35.182 - Info: [   9.3127 ] Updating mb2-bct with storage information for RCM
00:04:35.182 - Info: [   9.3135 ] tegrabct_v2 --chip 0x23 0 --mb2bct mb2_bct_MB2.bct --updatestorageinfo flash.xml.bin
00:04:35.182 - Info: [   9.3158 ] Concatenating mb2-bct to mb2 binary
00:04:35.182 - Info: [   9.3158 ] mb2_bin_file = mb2_t234.bin
00:04:35.182 - Info: [   9.3158 ] mb2_bct_file = mb2_bct_MB2.bct
00:04:35.182 - Info: [   9.3166 ] Get magic id
00:04:35.182 - Info: [   9.3181 ] tegraparser_v2 --get_magic mb2_bootloader
00:04:35.182 - Info: [   9.3191 ] MB2B
00:04:35.182 - Info: [   9.3191 ] 
00:04:35.182 - Info: [   9.3191 ] partition type mb2_bootloader, magic id = MB2B
00:04:35.183 - Info: [   9.3200 ] tegrahost_v2 --chip 0x23 0 --align mb2_t234_with_mb2_bct_MB2_aligned.bin
00:04:35.183 - Info: [   9.3209 ] tegrahost_v2 --chip 0x23 0 --magicid MB2B --ratchet_blob ratchet_blob.bin --appendsigheader mb2_t234_with_mb2_bct_MB2_aligned.bin zerosbk
00:04:35.183 - Info: [   9.3215 ] adding BCH for mb2_t234_with_mb2_bct_MB2_aligned.bin
00:04:35.203 - Info: [   9.3423 ] tegrasign_v3.py --key None --list mb2_t234_with_mb2_bct_MB2_aligned_sigheader.bin_list.xml --pubkeyhash pub_key.key --sha sha512
00:04:35.203 - Info: [   9.3426 ] Assuming zero filled SBK key
00:04:35.216 - Info: [   9.3452 ] Warning: pub_key.key is not found
00:04:35.216 - Info: [   9.3445 ] tegrahost_v2 --chip 0x23 0 --updatesigheader mb2_t234_with_mb2_bct_MB2_aligned_sigheader.bin.encrypt mb2_t234_with_mb2_bct_MB2_aligned_sigheader.bin.hash zerosbk
00:04:35.216 - Info: [   9.3497 ] Get magic id
00:04:35.216 - Info: [   9.3512 ] tegraparser_v2 --get_magic xusb_fw
00:04:35.216 - Info: [   9.3526 ] XUSB
00:04:35.216 - Info: [   9.3526 ] 
00:04:35.216 - Info: [   9.3527 ] partition type xusb_fw, magic id = XUSB
00:04:35.216 - Info: [   9.3539 ] tegrahost_v2 --chip 0x23 0 --align xusb_t234_prod_aligned.bin
00:04:35.216 - Info: [   9.3549 ] tegrahost_v2 --chip 0x23 0 --magicid XUSB --ratchet_blob ratchet_blob.bin --appendsigheader xusb_t234_prod_aligned.bin zerosbk
00:04:35.216 - Info: [   9.3554 ] adding BCH for xusb_t234_prod_aligned.bin
00:04:35.227 - Info: [   9.3669 ] tegrasign_v3.py --key None --list xusb_t234_prod_aligned_sigheader.bin_list.xml --pubkeyhash pub_key.key --sha sha512
00:04:35.227 - Info: [   9.3671 ] Assuming zero filled SBK key
00:04:35.232 - Info: [   9.3699 ] Warning: pub_key.key is not found
00:04:35.232 - Info: [   9.3695 ] tegrahost_v2 --chip 0x23 0 --updatesigheader xusb_t234_prod_aligned_sigheader.bin.encrypt xusb_t234_prod_aligned_sigheader.bin.hash zerosbk
00:04:35.232 - Info: [   9.3714 ] Get magic id
00:04:35.232 - Info: [   9.3718 ] tegraparser_v2 --get_magic pva_fw
00:04:35.232 - Info: [   9.3721 ] PVAF
00:04:35.239 - Info: [   9.3723 ] partition type pva_fw, magic id = PVAF
00:04:35.239 - Info: [   9.3761 ] tegrahost_v2 --chip 0x23 0 --align nvpva_020_aligned.fw
00:04:35.239 - Info: [   9.3770 ] tegrahost_v2 --chip 0x23 0 --magicid PVAF --ratchet_blob ratchet_blob.bin --appendsigheader nvpva_020_aligned.fw zerosbk
00:04:35.240 - Info: [   9.3772 ] adding BCH for nvpva_020_aligned.fw
00:04:35.342 - Info: [   9.4802 ] tegrasign_v3.py --key None --list nvpva_020_aligned_sigheader.fw_list.xml --pubkeyhash pub_key.key --sha sha512
00:04:35.342 - Info: [   9.4804 ] Assuming zero filled SBK key
00:04:35.398 - Info: [   9.4879 ] Warning: pub_key.key is not found
00:04:35.398 - Info: [   9.4873 ] tegrahost_v2 --chip 0x23 0 --updatesigheader nvpva_020_aligned_sigheader.fw.encrypt nvpva_020_aligned_sigheader.fw.hash zerosbk
00:04:35.398 - Info: [   9.4934 ] Kernel DTB used: tegra234-p3768-0000+p3767-0003-nv_with_odm_overlay.dtb.updated
00:04:35.398 - Info: [   9.4934 ] Concatenating kernel-dtb to dce-fw binary
00:04:35.398 - Info: [   9.4934 ] dce_bin = display-t234-dce.bin
00:04:35.398 - Info: [   9.4934 ] kernel_dtb = tegra234-p3768-0000+p3767-0003-nv_with_odm_overlay.dtb.updated
00:04:35.398 - Info: [   9.4934 ] dce_with_dtb = display-t234-dce_with_tegra234-p3768-0000+p3767-0003-nv_with_odm_overlay.dtb.bin
00:04:35.398 - Info: [   9.5365 ] Get magic id
00:04:35.398 - Info: [   9.5376 ] tegraparser_v2 --get_magic dce_fw
00:04:35.398 - Info: [   9.5381 ] DCEF
00:04:35.429 - Info: [   9.5383 ] partition type dce_fw, magic id = DCEF
00:04:35.429 - Info: [   9.5537 ] tegrahost_v2 --chip 0x23 0 --align display-t234-dce_with_tegra234-p3768-0000+p3767-0003-nv_with_odm_overlay.dtb_aligned.bin
00:04:35.429 - Info: [   9.5549 ] tegrahost_v2 --chip 0x23 0 --magicid DCEF --ratchet_blob ratchet_blob.bin --appendsigheader display-t234-dce_with_tegra234-p3768-0000+p3767-0003-nv_with_odm_overlay.dtb_aligned.bin zerosbk
00:04:35.430 - Info: [   9.5554 ] adding BCH for display-t234-dce_with_tegra234-p3768-0000+p3767-0003-nv_with_odm_overlay.dtb_aligned.bin
00:04:35.935 - Info: [  10.0664 ] tegrasign_v3.py --key None --list display-t234-dce_with_tegra234-p3768-0000+p3767-0003-nv_with_odm_overlay.dtb_aligned_sigheader.bin_list.xml --pubkeyhash pub_key.key --sha sha512
00:04:35.935 - Info: [  10.0668 ] Assuming zero filled SBK key
00:04:36.032 - Info: [  10.1077 ] Warning: pub_key.key is not found
00:04:36.032 - Info: [  10.1072 ] tegrahost_v2 --chip 0x23 0 --updatesigheader display-t234-dce_with_tegra234-p3768-0000+p3767-0003-nv_with_odm_overlay.dtb_aligned_sigheader.bin.encrypt display-t234-dce_with_tegra234-p3768-0000+p3767-0003-nv_with_odm_overlay.dtb_aligned_sigheader.bin.hash zerosbk
00:04:36.032 - Info: [  10.1706 ] Get magic id
00:04:36.032 - Info: [  10.1711 ] tegraparser_v2 --get_magic nvdec
00:04:36.032 - Info: [  10.1715 ] NDEC
00:04:36.035 - Info: [  10.1718 ] partition type nvdec, magic id = NDEC
00:04:36.035 - Info: [  10.1733 ] tegrahost_v2 --chip 0x23 0 --align nvdec_t234_prod_aligned.fw
00:04:36.035 - Info: [  10.1744 ] tegrahost_v2 --chip 0x23 0 --magicid NDEC --ratchet_blob ratchet_blob.bin --appendsigheader nvdec_t234_prod_aligned.fw zerosbk
00:04:36.035 - Info: [  10.1747 ] Header already present for nvdec_t234_prod_aligned.fw
00:04:36.044 - Info: [  10.1836 ] tegrasign_v3.py --key None --list nvdec_t234_prod_aligned_sigheader.fw_list.xml --pubkeyhash pub_key.key --sha sha512
00:04:36.044 - Info: [  10.1839 ] Assuming zero filled SBK key
00:04:36.050 - Info: [  10.1871 ] Warning: pub_key.key is not found
00:04:36.050 - Info: [  10.1865 ] tegrahost_v2 --chip 0x23 0 --updatesigheader nvdec_t234_prod_aligned_sigheader.fw.encrypt nvdec_t234_prod_aligned_sigheader.fw.hash zerosbk
00:04:36.050 - Info: [  10.1886 ] Get magic id
00:04:36.050 - Info: [  10.1892 ] tegraparser_v2 --get_magic bpmp_fw
00:04:36.050 - Info: [  10.1896 ] BPMF
00:04:36.054 - Info: [  10.1898 ] partition type bpmp_fw, magic id = BPMF
00:04:36.054 - Info: [  10.1918 ] tegrahost_v2 --chip 0x23 0 --align bpmp_t234-TE950M-A1_prod_aligned.bin
00:04:36.054 - Info: [  10.1926 ] tegrahost_v2 --chip 0x23 0 --magicid BPMF --ratchet_blob ratchet_blob.bin --appendsigheader bpmp_t234-TE950M-A1_prod_aligned.bin zerosbk
00:04:36.054 - Info: [  10.1929 ] Header already present for bpmp_t234-TE950M-A1_prod_aligned.bin
00:04:36.080 - Info: [  10.2201 ] tegrasign_v3.py --key None --list bpmp_t234-TE950M-A1_prod_aligned_sigheader.bin_list.xml --pubkeyhash pub_key.key --sha sha512
00:04:36.081 - Info: [  10.2203 ] Assuming zero filled SBK key
00:04:36.090 - Info: [  10.2248 ] Warning: pub_key.key is not found
00:04:36.090 - Info: [  10.2242 ] tegrahost_v2 --chip 0x23 0 --updatesigheader bpmp_t234-TE950M-A1_prod_aligned_sigheader.bin.encrypt bpmp_t234-TE950M-A1_prod_aligned_sigheader.bin.hash zerosbk
00:04:36.090 - Info: [  10.2274 ] Using bpmp-dtb concatenated with odmdata
00:04:36.090 - Info: [  10.2274 ] Get magic id
00:04:36.090 - Info: [  10.2282 ] tegraparser_v2 --get_magic bpmp_fw_dtb
00:04:36.090 - Info: [  10.2289 ] BPMD
00:04:36.096 - Info: [  10.2292 ] partition type bpmp_fw_dtb, magic id = BPMD
00:04:36.096 - Info: [  10.2317 ] tegrahost_v2 --chip 0x23 0 --align tegra234-bpmp-3767-0003-3509-a02_with_odm_aligned.dtb
00:04:36.096 - Info: [  10.2336 ] tegrahost_v2 --chip 0x23 0 --magicid BPMD --ratchet_blob ratchet_blob.bin --appendsigheader tegra234-bpmp-3767-0003-3509-a02_with_odm_aligned.dtb zerosbk
00:04:36.096 - Info: [  10.2351 ] adding BCH for tegra234-bpmp-3767-0003-3509-a02_with_odm_aligned.dtb
00:04:36.110 - Info: [  10.2491 ] tegrasign_v3.py --key None --list tegra234-bpmp-3767-0003-3509-a02_with_odm_aligned_sigheader.dtb_list.xml --pubkeyhash pub_key.key --sha sha512
00:04:36.111 - Info: [  10.2493 ] Assuming zero filled SBK key
00:04:36.116 - Info: [  10.2528 ] Warning: pub_key.key is not found
00:04:36.116 - Info: [  10.2525 ] tegrahost_v2 --chip 0x23 0 --updatesigheader tegra234-bpmp-3767-0003-3509-a02_with_odm_aligned_sigheader.dtb.encrypt tegra234-bpmp-3767-0003-3509-a02_with_odm_aligned_sigheader.dtb.hash zerosbk
00:04:36.116 - Info: [  10.2541 ] Get magic id
00:04:36.116 - Info: [  10.2549 ] tegraparser_v2 --get_magic rce_fw
00:04:36.116 - Info: [  10.2556 ] RCEF
00:04:36.119 - Info: [  10.2558 ] partition type rce_fw, magic id = RCEF
00:04:36.119 - Info: [  10.2572 ] tegrahost_v2 --chip 0x23 0 --align camera-rtcpu-t234-rce_aligned.img
00:04:36.119 - Info: [  10.2581 ] tegrahost_v2 --chip 0x23 0 --magicid RCEF --ratchet_blob ratchet_blob.bin --appendsigheader camera-rtcpu-t234-rce_aligned.img zerosbk
00:04:36.119 - Info: [  10.2584 ] adding BCH for camera-rtcpu-t234-rce_aligned.img
00:04:36.140 - Info: [  10.2784 ] tegrasign_v3.py --key None --list camera-rtcpu-t234-rce_aligned_sigheader.img_list.xml --pubkeyhash pub_key.key --sha sha512
00:04:36.140 - Info: [  10.2785 ] Assuming zero filled SBK key
00:04:36.147 - Info: [  10.2814 ] Warning: pub_key.key is not found
00:04:36.147 - Info: [  10.2812 ] tegrahost_v2 --chip 0x23 0 --updatesigheader camera-rtcpu-t234-rce_aligned_sigheader.img.encrypt camera-rtcpu-t234-rce_aligned_sigheader.img.hash zerosbk
00:04:36.147 - Info: [  10.2855 ] Get magic id
00:04:36.147 - Info: [  10.2863 ] tegraparser_v2 --get_magic ape_fw
00:04:36.147 - Info: [  10.2866 ] APEF
00:04:36.150 - Info: [  10.2868 ] partition type ape_fw, magic id = APEF
00:04:36.150 - Info: [  10.2878 ] tegrahost_v2 --chip 0x23 0 --align adsp-fw_aligned.bin
00:04:36.150 - Info: [  10.2896 ] tegrahost_v2 --chip 0x23 0 --magicid APEF --ratchet_blob ratchet_blob.bin --appendsigheader adsp-fw_aligned.bin zerosbk
00:04:36.150 - Info: [  10.2901 ] adding BCH for adsp-fw_aligned.bin
00:04:36.160 - Info: [  10.2985 ] tegrasign_v3.py --key None --list adsp-fw_aligned_sigheader.bin_list.xml --pubkeyhash pub_key.key --sha sha512
00:04:36.160 - Info: [  10.2989 ] Assuming zero filled SBK key
00:04:36.165 - Info: [  10.3024 ] Warning: pub_key.key is not found
00:04:36.165 - Info: [  10.3024 ] tegrahost_v2 --chip 0x23 0 --updatesigheader adsp-fw_aligned_sigheader.bin.encrypt adsp-fw_aligned_sigheader.bin.hash zerosbk
00:04:36.165 - Info: [  10.3038 ] Get magic id
00:04:36.165 - Info: [  10.3043 ] tegraparser_v2 --get_magic spe_fw
00:04:36.165 - Info: [  10.3046 ] SPEF
00:04:36.168 - Info: [  10.3048 ] partition type spe_fw, magic id = SPEF
00:04:36.168 - Info: [  10.3066 ] tegrahost_v2 --chip 0x23 0 --align spe_t234_aligned.bin
00:04:36.168 - Info: [  10.3078 ] tegrahost_v2 --chip 0x23 0 --magicid SPEF --ratchet_blob ratchet_blob.bin --appendsigheader spe_t234_aligned.bin zerosbk
00:04:36.169 - Info: [  10.3081 ] adding BCH for spe_t234_aligned.bin
00:04:36.184 - Info: [  10.3237 ] tegrasign_v3.py --key None --list spe_t234_aligned_sigheader.bin_list.xml --pubkeyhash pub_key.key --sha sha512
00:04:36.184 - Info: [  10.3239 ] Assuming zero filled SBK key
00:04:36.189 - Info: [  10.3259 ] Warning: pub_key.key is not found
00:04:36.189 - Info: [  10.3253 ] tegrahost_v2 --chip 0x23 0 --updatesigheader spe_t234_aligned_sigheader.bin.encrypt spe_t234_aligned_sigheader.bin.hash zerosbk
00:04:36.189 - Info: [  10.3272 ] Get magic id
00:04:36.189 - Info: [  10.3278 ] tegraparser_v2 --get_magic tos
00:04:36.190 - Info: [  10.3285 ] TOSB
00:04:36.198 - Info: [  10.3288 ] partition type tos, magic id = TOSB
00:04:36.198 - Info: [  10.3348 ] tegrahost_v2 --chip 0x23 0 --align tos-optee_t234_aligned.img
00:04:36.198 - Info: [  10.3363 ] tegrahost_v2 --chip 0x23 0 --magicid TOSB --ratchet_blob ratchet_blob.bin --appendsigheader tos-optee_t234_aligned.img zerosbk
00:04:36.198 - Info: [  10.3368 ] adding BCH for tos-optee_t234_aligned.img
00:04:36.308 - Info: [  10.4461 ] tegrasign_v3.py --key None --list tos-optee_t234_aligned_sigheader.img_list.xml --pubkeyhash pub_key.key --sha sha512
00:04:36.308 - Info: [  10.4464 ] Assuming zero filled SBK key
00:04:36.321 - Info: [  10.4541 ] Warning: pub_key.key is not found
00:04:36.321 - Info: [  10.4535 ] tegrahost_v2 --chip 0x23 0 --updatesigheader tos-optee_t234_aligned_sigheader.img.encrypt tos-optee_t234_aligned_sigheader.img.hash zerosbk
00:04:36.321 - Info: [  10.4602 ] Get magic id
00:04:36.321 - Info: [  10.4607 ] tegraparser_v2 --get_magic eks
00:04:36.321 - Info: [  10.4612 ] EKSB
00:04:36.327 - Info: [  10.4615 ] partition type eks, magic id = EKSB
00:04:36.327 - Info: [  10.4638 ] tegrahost_v2 --chip 0x23 0 --align eks_t234_aligned.img
00:04:36.327 - Info: [  10.4656 ] tegrahost_v2 --chip 0x23 0 --magicid EKSB --ratchet_blob ratchet_blob.bin --appendsigheader eks_t234_aligned.img zerosbk
00:04:36.328 - Info: [  10.4663 ] adding BCH for eks_t234_aligned.img
00:04:36.330 - Info: [  10.4693 ] tegrasign_v3.py --key None --list eks_t234_aligned_sigheader.img_list.xml --pubkeyhash pub_key.key --sha sha512
00:04:36.330 - Info: [  10.4695 ] Assuming zero filled SBK key
00:04:36.341 - Info: [  10.4715 ] Warning: pub_key.key is not found
00:04:36.341 - Info: [  10.4711 ] tegrahost_v2 --chip 0x23 0 --updatesigheader eks_t234_aligned_sigheader.img.encrypt eks_t234_aligned_sigheader.img.hash zerosbk
00:04:36.341 - Info: [  10.4763 ] tegrahost_v2 --chip 0x23 0 --align uefi_jetson_with_dtb_aligned.bin
00:04:36.341 - Info: [  10.4772 ] tegrahost_v2 --chip 0x23 0 --magicid CPBL --ratchet_blob ratchet_blob.bin --appendsigheader uefi_jetson_with_dtb_aligned.bin zerosbk
00:04:36.341 - Info: [  10.4775 ] adding BCH for uefi_jetson_with_dtb_aligned.bin
00:04:36.494 - Info: [  10.6318 ] tegrasign_v3.py --key None --list uefi_jetson_with_dtb_aligned_sigheader.bin_list.xml --pubkeyhash pub_key.key --sha sha512
00:04:36.494 - Info: [  10.6321 ] Assuming zero filled SBK key
00:04:36.937 - Info: [  10.6418 ] Warning: pub_key.key is not found
00:04:36.937 - Info: [  10.6413 ] tegrahost_v2 --chip 0x23 0 --updatesigheader uefi_jetson_with_dtb_aligned_sigheader.bin.encrypt uefi_jetson_with_dtb_aligned_sigheader.bin.hash zerosbk
00:04:36.937 - Info: [  10.6522 ] Copying enc\/signed file in /home/chuy/nvidia/nvidia_sdk/JetPack_6.2.2_Linux_JETSON_ORIN_NANO_TARGETS/Linux_for_Tegra/bootloader/signed
00:04:36.937 - Info: [  10.6999 ] Copying br bct for multi chains
00:04:36.937 - Info: [  10.7005 ] Signed BCT for boot chain A is copied to /home/chuy/nvidia/nvidia_sdk/JetPack_6.2.2_Linux_JETSON_ORIN_NANO_TARGETS/Linux_for_Tegra/bootloader/signed/br_bct_BR.bct
00:04:36.937 - Info: 
00:04:36.937 - Info: [  10.7007 ] Signed BCT for boot chain B is copied to /home/chuy/nvidia/nvidia_sdk/JetPack_6.2.2_Linux_JETSON_ORIN_NANO_TARGETS/Linux_for_Tegra/bootloader/signed/br_bct_b_BR.bct
00:04:36.937 - Info: 
00:04:36.937 - Info: [  10.7007 ] Copying BCT backup image bct_backup.img to /home/chuy/nvidia/nvidia_sdk/JetPack_6.2.2_Linux_JETSON_ORIN_NANO_TARGETS/Linux_for_Tegra/bootloader/signed/bct_backup.img
00:04:36.937 - Info: [  10.7054 ] Copying pscfw_t234_prod_sigheader.bin.encrypt to /home/chuy/nvidia/nvidia_sdk/JetPack_6.2.2_Linux_JETSON_ORIN_NANO_TARGETS/Linux_for_Tegra/bootloader/signed
00:04:36.937 - Info: [  10.7058 ] Signed file: /home/chuy/nvidia/nvidia_sdk/JetPack_6.2.2_Linux_JETSON_ORIN_NANO_TARGETS/Linux_for_Tegra/bootloader/signed/pscfw_t234_prod_sigheader.bin.encrypt
00:04:36.937 - Info: [  10.7058 ] Copying mce_flash_o10_cr_prod_sigheader.bin.encrypt to /home/chuy/nvidia/nvidia_sdk/JetPack_6.2.2_Linux_JETSON_ORIN_NANO_TARGETS/Linux_for_Tegra/bootloader/signed
00:04:36.937 - Info: [  10.7061 ] Signed file: /home/chuy/nvidia/nvidia_sdk/JetPack_6.2.2_Linux_JETSON_ORIN_NANO_TARGETS/Linux_for_Tegra/bootloader/signed/mce_flash_o10_cr_prod_sigheader.bin.encrypt
00:04:36.937 - Info: [  10.7061 ] Copying tsec_t234_sigheader.bin.encrypt to /home/chuy/nvidia/nvidia_sdk/JetPack_6.2.2_Linux_JETSON_ORIN_NANO_TARGETS/Linux_for_Tegra/bootloader/signed
00:04:36.937 - Info: [  10.7064 ] Signed file: /home/chuy/nvidia/nvidia_sdk/JetPack_6.2.2_Linux_JETSON_ORIN_NANO_TARGETS/Linux_for_Tegra/bootloader/signed/tsec_t234_sigheader.bin.encrypt
00:04:36.937 - Info: [  10.7064 ] Copying applet_t234_sigheader.bin.encrypt to /home/chuy/nvidia/nvidia_sdk/JetPack_6.2.2_Linux_JETSON_ORIN_NANO_TARGETS/Linux_for_Tegra/bootloader/signed
00:04:36.937 - Info: [  10.7067 ] Signed file: /home/chuy/nvidia/nvidia_sdk/JetPack_6.2.2_Linux_JETSON_ORIN_NANO_TARGETS/Linux_for_Tegra/bootloader/signed/applet_t234_sigheader.bin.encrypt
00:04:36.937 - Info: [  10.7067 ] Copying mb2_t234_with_mb2_bct_MB2_sigheader.bin.encrypt to /home/chuy/nvidia/nvidia_sdk/JetPack_6.2.2_Linux_JETSON_ORIN_NANO_TARGETS/Linux_for_Tegra/bootloader/signed
00:04:36.937 - Info: [  10.7070 ] Signed file: /home/chuy/nvidia/nvidia_sdk/JetPack_6.2.2_Linux_JETSON_ORIN_NANO_TARGETS/Linux_for_Tegra/bootloader/signed/mb2_t234_with_mb2_bct_MB2_sigheader.bin.encrypt
00:04:36.937 - Info: [  10.7070 ] Copying xusb_t234_prod_sigheader.bin.encrypt to /home/chuy/nvidia/nvidia_sdk/JetPack_6.2.2_Linux_JETSON_ORIN_NANO_TARGETS/Linux_for_Tegra/bootloader/signed
00:04:36.937 - Info: [  10.7072 ] Signed file: /home/chuy/nvidia/nvidia_sdk/JetPack_6.2.2_Linux_JETSON_ORIN_NANO_TARGETS/Linux_for_Tegra/bootloader/signed/xusb_t234_prod_sigheader.bin.encrypt
00:04:36.937 - Info: [  10.7073 ] Copying nvpva_020_sigheader.fw.encrypt to /home/chuy/nvidia/nvidia_sdk/JetPack_6.2.2_Linux_JETSON_ORIN_NANO_TARGETS/Linux_for_Tegra/bootloader/signed
00:04:36.937 - Info: [  10.7085 ] Signed file: /home/chuy/nvidia/nvidia_sdk/JetPack_6.2.2_Linux_JETSON_ORIN_NANO_TARGETS/Linux_for_Tegra/bootloader/signed/nvpva_020_sigheader.fw.encrypt
00:04:36.937 - Info: [  10.7085 ] Copying display-t234-dce_sigheader.bin.encrypt to /home/chuy/nvidia/nvidia_sdk/JetPack_6.2.2_Linux_JETSON_ORIN_NANO_TARGETS/Linux_for_Tegra/bootloader/signed
00:04:36.937 - Info: [  10.7175 ] Signed file: /home/chuy/nvidia/nvidia_sdk/JetPack_6.2.2_Linux_JETSON_ORIN_NANO_TARGETS/Linux_for_Tegra/bootloader/signed/display-t234-dce_sigheader.bin.encrypt
00:04:36.937 - Info: [  10.7176 ] Copying display-t234-dce_with_tegra234-p3768-0000+p3767-0003-nv_with_odm_overlay.dtb_sigheader.bin.encrypt to /home/chuy/nvidia/nvidia_sdk/JetPack_6.2.2_Linux_JETSON_ORIN_NANO_TARGETS/Linux_for_Tegra/bootloader/signed
00:04:36.937 - Info: [  10.7259 ] Signed file: /home/chuy/nvidia/nvidia_sdk/JetPack_6.2.2_Linux_JETSON_ORIN_NANO_TARGETS/Linux_for_Tegra/bootloader/signed/display-t234-dce_with_tegra234-p3768-0000+p3767-0003-nv_with_odm_overlay.dtb_sigheader.bin.encrypt
00:04:36.937 - Info: [  10.7259 ] Copying nvdec_t234_prod_sigheader.fw.encrypt to /home/chuy/nvidia/nvidia_sdk/JetPack_6.2.2_Linux_JETSON_ORIN_NANO_TARGETS/Linux_for_Tegra/bootloader/signed
00:04:36.937 - Info: [  10.7263 ] Signed file: /home/chuy/nvidia/nvidia_sdk/JetPack_6.2.2_Linux_JETSON_ORIN_NANO_TARGETS/Linux_for_Tegra/bootloader/signed/nvdec_t234_prod_sigheader.fw.encrypt
00:04:36.937 - Info: [  10.7263 ] Copying bpmp_t234-TE950M-A1_prod_sigheader.bin.encrypt to /home/chuy/nvidia/nvidia_sdk/JetPack_6.2.2_Linux_JETSON_ORIN_NANO_TARGETS/Linux_for_Tegra/bootloader/signed
00:04:36.937 - Info: [  10.7272 ] Signed file: /home/chuy/nvidia/nvidia_sdk/JetPack_6.2.2_Linux_JETSON_ORIN_NANO_TARGETS/Linux_for_Tegra/bootloader/signed/bpmp_t234-TE950M-A1_prod_sigheader.bin.encrypt
00:04:36.937 - Info: [  10.7272 ] Copying tegra234-bpmp-3767-0003-3509-a02_with_odm_sigheader.dtb.encrypt to /home/chuy/nvidia/nvidia_sdk/JetPack_6.2.2_Linux_JETSON_ORIN_NANO_TARGETS/Linux_for_Tegra/bootloader/signed
00:04:36.937 - Info: [  10.7276 ] Signed file: /home/chuy/nvidia/nvidia_sdk/JetPack_6.2.2_Linux_JETSON_ORIN_NANO_TARGETS/Linux_for_Tegra/bootloader/signed/tegra234-bpmp-3767-0003-3509-a02_with_odm_sigheader.dtb.encrypt
00:04:36.937 - Info: [  10.7276 ] Copying camera-rtcpu-t234-rce_sigheader.img.encrypt to /home/chuy/nvidia/nvidia_sdk/JetPack_6.2.2_Linux_JETSON_ORIN_NANO_TARGETS/Linux_for_Tegra/bootloader/signed
00:04:36.937 - Info: [  10.7281 ] Signed file: /home/chuy/nvidia/nvidia_sdk/JetPack_6.2.2_Linux_JETSON_ORIN_NANO_TARGETS/Linux_for_Tegra/bootloader/signed/camera-rtcpu-t234-rce_sigheader.img.encrypt
00:04:36.937 - Info: [  10.7281 ] Copying adsp-fw_sigheader.bin.encrypt to /home/chuy/nvidia/nvidia_sdk/JetPack_6.2.2_Linux_JETSON_ORIN_NANO_TARGETS/Linux_for_Tegra/bootloader/signed
00:04:36.937 - Info: [  10.7284 ] Signed file: /home/chuy/nvidia/nvidia_sdk/JetPack_6.2.2_Linux_JETSON_ORIN_NANO_TARGETS/Linux_for_Tegra/bootloader/signed/adsp-fw_sigheader.bin.encrypt
00:04:36.937 - Info: [  10.7284 ] Copying spe_t234_sigheader.bin.encrypt to /home/chuy/nvidia/nvidia_sdk/JetPack_6.2.2_Linux_JETSON_ORIN_NANO_TARGETS/Linux_for_Tegra/bootloader/signed
00:04:36.937 - Info: [  10.7291 ] Signed file: /home/chuy/nvidia/nvidia_sdk/JetPack_6.2.2_Linux_JETSON_ORIN_NANO_TARGETS/Linux_for_Tegra/bootloader/signed/spe_t234_sigheader.bin.encrypt
00:04:36.937 - Info: [  10.7291 ] Copying tos-optee_t234_sigheader.img.encrypt to /home/chuy/nvidia/nvidia_sdk/JetPack_6.2.2_Linux_JETSON_ORIN_NANO_TARGETS/Linux_for_Tegra/bootloader/signed
00:04:36.937 - Info: [  10.7318 ] Signed file: /home/chuy/nvidia/nvidia_sdk/JetPack_6.2.2_Linux_JETSON_ORIN_NANO_TARGETS/Linux_for_Tegra/bootloader/signed/tos-optee_t234_sigheader.img.encrypt
00:04:36.937 - Info: [  10.7319 ] Copying eks_t234_sigheader.img.encrypt to /home/chuy/nvidia/nvidia_sdk/JetPack_6.2.2_Linux_JETSON_ORIN_NANO_TARGETS/Linux_for_Tegra/bootloader/signed
00:04:36.937 - Info: [  10.7323 ] Signed file: /home/chuy/nvidia/nvidia_sdk/JetPack_6.2.2_Linux_JETSON_ORIN_NANO_TARGETS/Linux_for_Tegra/bootloader/signed/eks_t234_sigheader.img.encrypt
00:04:36.937 - Info: [  10.7323 ] Copying uefi_jetson_with_dtb_sigheader.bin.encrypt to /home/chuy/nvidia/nvidia_sdk/JetPack_6.2.2_Linux_JETSON_ORIN_NANO_TARGETS/Linux_for_Tegra/bootloader/signed
00:04:36.940 - Info: [  10.7357 ] Signed file: /home/chuy/nvidia/nvidia_sdk/JetPack_6.2.2_Linux_JETSON_ORIN_NANO_TARGETS/Linux_for_Tegra/bootloader/signed/uefi_jetson_with_dtb_sigheader.bin.encrypt
00:04:36.940 - Info: [  10.7377 ] tegraparser_v2 --pt flash.xml.bin --generateflashindex /home/chuy/nvidia/nvidia_sdk/JetPack_6.2.2_Linux_JETSON_ORIN_NANO_TARGETS/Linux_for_Tegra/bootloader/signed/flash.xml.tmp flash.idx
00:04:37.054 - Info: Using bpmp-dtb concatenated with odmdata in blob for t23x
00:04:37.083 - Info: ./tegraflash.py --bl uefi_jetson_with_dtb_sigheader.bin.encrypt --bct br_bct_BR.bct --bldtb tegra234-p3768-0000+p3767-0003-nv.dtb --applet rcm_2_encrypt.rcm --applet_softfuse rcm_1_encrypt.rcm --cmd "secureflash;reboot"  --cfg secureflash.xml --chip 0x23 --mb1_bct mb1_bct_MB1_sigheader.bct.encrypt --mem_bct mem_rcm_sigheader.bct.encrypt --mb1_cold_boot_bct mb1_cold_boot_bct_MB1_sigheader.bct.encrypt --mb1_bin mb1_t234_prod_aligned_sigheader.bin.encrypt --psc_bl1_bin psc_bl1_t234_prod_aligned_sigheader.bin.encrypt --mem_bct_cold_boot mem_coldboot_sigheader.bct.encrypt  --bins "psc_fw pscfw_t234_prod_sigheader.bin.encrypt; mts_mce mce_flash_o10_cr_prod_sigheader.bin.encrypt; tsec_fw tsec_t234_sigheader.bin.encrypt; mb2_applet applet_t234_sigheader.bin.encrypt; mb2_bootloader mb2_t234_with_mb2_bct_MB2_sigheader.bin.encrypt; xusb_fw xusb_t234_prod_sigheader.bin.encrypt; pva_fw nvpva_020_sigheader.fw.encrypt; dce_fw display-t234-dce_sigheader.bin.encrypt; nvdec nvdec_t234_prod_sigheader.fw.encrypt; bpmp_fw bpmp_t234-TE950M-A1_prod_sigheader.bin.encrypt; bpmp_fw_dtb tegra234-bpmp-3767-0003-3509-a02_with_odm_sigheader.dtb.encrypt; rce_fw camera-rtcpu-t234-rce_sigheader.img.encrypt; ape_fw adsp-fw_sigheader.bin.encrypt; spe_fw spe_t234_sigheader.bin.encrypt; tos tos-optee_t234_sigheader.img.encrypt; eks eks_t234_sigheader.img.encrypt"    --bct_backup 
00:04:37.083 - Info: saving flash command in flashcmd.txt
00:04:37.085 - Info: 
00:04:37.085 - Info: *** no-flash flag enabled. Exiting now... *** 
00:04:37.085 - Info: 
00:04:37.085 - Info: User can run above saved command in factory environment without 
00:04:37.085 - Info: providing pkc and sbk keys to flash a device
00:04:37.085 - Info: 
00:04:37.085 - Info: Example:
00:04:37.085 - Info: 
00:04:37.085 - Info:     $ cd bootloader 
00:04:37.085 - Info:     $ sudo bash ./flashcmd.txt
00:04:37.085 - Info: 
00:04:37.088 - Info: '/home/chuy/nvidia/nvidia_sdk/JetPack_6.2.2_Linux_JETSON_ORIN_NANO_TARGETS/Linux_for_Tegra/bootloader/signed/flash.idx' -> '/home/chuy/nvidia/nvidia_sdk/JetPack_6.2.2_Linux_JETSON_ORIN_NANO_TARGETS/Linux_for_Tegra/tools/kernel_flash/images/internal/flash.idx'
00:04:37.088 - Info: Flash index file is /home/chuy/nvidia/nvidia_sdk/JetPack_6.2.2_Linux_JETSON_ORIN_NANO_TARGETS/Linux_for_Tegra/bootloader/signed/flash.idx
00:04:37.088 - Info: Number of lines is 61
00:04:37.088 - Info: max_index=60
00:04:37.100 - Info: Copying /home/chuy/nvidia/nvidia_sdk/JetPack_6.2.2_Linux_JETSON_ORIN_NANO_TARGETS/Linux_for_Tegra/bootloader/signed/br_bct_BR.bct  /home/chuy/nvidia/nvidia_sdk/JetPack_6.2.2_Linux_JETSON_ORIN_NANO_TARGETS/Linux_for_Tegra/tools/kernel_flash/images/internal/br_bct_BR.bct
00:04:37.102 - Info: '/home/chuy/nvidia/nvidia_sdk/JetPack_6.2.2_Linux_JETSON_ORIN_NANO_TARGETS/Linux_for_Tegra/bootloader/signed/br_bct_BR.bct' -> '/home/chuy/nvidia/nvidia_sdk/JetPack_6.2.2_Linux_JETSON_ORIN_NANO_TARGETS/Linux_for_Tegra/tools/kernel_flash/images/internal/br_bct_BR.bct'
00:04:37.112 - Info: Copying /home/chuy/nvidia/nvidia_sdk/JetPack_6.2.2_Linux_JETSON_ORIN_NANO_TARGETS/Linux_for_Tegra/bootloader/signed/mb1_t234_prod_aligned_sigheader.bin.encrypt  /home/chuy/nvidia/nvidia_sdk/JetPack_6.2.2_Linux_JETSON_ORIN_NANO_TARGETS/Linux_for_Tegra/tools/kernel_flash/images/internal/mb1_t234_prod_aligned_sigheader.bin.encrypt
00:04:37.115 - Info: '/home/chuy/nvidia/nvidia_sdk/JetPack_6.2.2_Linux_JETSON_ORIN_NANO_TARGETS/Linux_for_Tegra/bootloader/signed/mb1_t234_prod_aligned_sigheader.bin.encrypt' -> '/home/chuy/nvidia/nvidia_sdk/JetPack_6.2.2_Linux_JETSON_ORIN_NANO_TARGETS/Linux_for_Tegra/tools/kernel_flash/images/internal/mb1_t234_prod_aligned_sigheader.bin.encrypt'
00:04:37.123 - Info: Copying /home/chuy/nvidia/nvidia_sdk/JetPack_6.2.2_Linux_JETSON_ORIN_NANO_TARGETS/Linux_for_Tegra/bootloader/signed/psc_bl1_t234_prod_aligned_sigheader.bin.encrypt  /home/chuy/nvidia/nvidia_sdk/JetPack_6.2.2_Linux_JETSON_ORIN_NANO_TARGETS/Linux_for_Tegra/tools/kernel_flash/images/internal/psc_bl1_t234_prod_aligned_sigheader.bin.encrypt
00:04:37.127 - Info: '/home/chuy/nvidia/nvidia_sdk/JetPack_6.2.2_Linux_JETSON_ORIN_NANO_TARGETS/Linux_for_Tegra/bootloader/signed/psc_bl1_t234_prod_aligned_sigheader.bin.encrypt' -> '/home/chuy/nvidia/nvidia_sdk/JetPack_6.2.2_Linux_JETSON_ORIN_NANO_TARGETS/Linux_for_Tegra/tools/kernel_flash/images/internal/psc_bl1_t234_prod_aligned_sigheader.bin.encrypt'
00:04:37.135 - Info: Copying /home/chuy/nvidia/nvidia_sdk/JetPack_6.2.2_Linux_JETSON_ORIN_NANO_TARGETS/Linux_for_Tegra/bootloader/signed/mb1_cold_boot_bct_MB1_sigheader.bct.encrypt  /home/chuy/nvidia/nvidia_sdk/JetPack_6.2.2_Linux_JETSON_ORIN_NANO_TARGETS/Linux_for_Tegra/tools/kernel_flash/images/internal/mb1_cold_boot_bct_MB1_sigheader.bct.encrypt
00:04:37.138 - Info: '/home/chuy/nvidia/nvidia_sdk/JetPack_6.2.2_Linux_JETSON_ORIN_NANO_TARGETS/Linux_for_Tegra/bootloader/signed/mb1_cold_boot_bct_MB1_sigheader.bct.encrypt' -> '/home/chuy/nvidia/nvidia_sdk/JetPack_6.2.2_Linux_JETSON_ORIN_NANO_TARGETS/Linux_for_Tegra/tools/kernel_flash/images/internal/mb1_cold_boot_bct_MB1_sigheader.bct.encrypt'
00:04:37.147 - Info: Copying /home/chuy/nvidia/nvidia_sdk/JetPack_6.2.2_Linux_JETSON_ORIN_NANO_TARGETS/Linux_for_Tegra/bootloader/signed/mem_coldboot_sigheader.bct.encrypt  /home/chuy/nvidia/nvidia_sdk/JetPack_6.2.2_Linux_JETSON_ORIN_NANO_TARGETS/Linux_for_Tegra/tools/kernel_flash/images/internal/mem_coldboot_sigheader.bct.encrypt
00:04:37.150 - Info: '/home/chuy/nvidia/nvidia_sdk/JetPack_6.2.2_Linux_JETSON_ORIN_NANO_TARGETS/Linux_for_Tegra/bootloader/signed/mem_coldboot_sigheader.bct.encrypt' -> '/home/chuy/nvidia/nvidia_sdk/JetPack_6.2.2_Linux_JETSON_ORIN_NANO_TARGETS/Linux_for_Tegra/tools/kernel_flash/images/internal/mem_coldboot_sigheader.bct.encrypt'
00:04:37.159 - Info: Copying /home/chuy/nvidia/nvidia_sdk/JetPack_6.2.2_Linux_JETSON_ORIN_NANO_TARGETS/Linux_for_Tegra/bootloader/signed/tsec_t234_sigheader.bin.encrypt  /home/chuy/nvidia/nvidia_sdk/JetPack_6.2.2_Linux_JETSON_ORIN_NANO_TARGETS/Linux_for_Tegra/tools/kernel_flash/images/internal/tsec_t234_sigheader.bin.encrypt
00:04:37.163 - Info: '/home/chuy/nvidia/nvidia_sdk/JetPack_6.2.2_Linux_JETSON_ORIN_NANO_TARGETS/Linux_for_Tegra/bootloader/signed/tsec_t234_sigheader.bin.encrypt' -> '/home/chuy/nvidia/nvidia_sdk/JetPack_6.2.2_Linux_JETSON_ORIN_NANO_TARGETS/Linux_for_Tegra/tools/kernel_flash/images/internal/tsec_t234_sigheader.bin.encrypt'
00:04:37.170 - Info: Copying /home/chuy/nvidia/nvidia_sdk/JetPack_6.2.2_Linux_JETSON_ORIN_NANO_TARGETS/Linux_for_Tegra/bootloader/signed/nvdec_t234_prod_sigheader.fw.encrypt  /home/chuy/nvidia/nvidia_sdk/JetPack_6.2.2_Linux_JETSON_ORIN_NANO_TARGETS/Linux_for_Tegra/tools/kernel_flash/images/internal/nvdec_t234_prod_sigheader.fw.encrypt
00:04:37.174 - Info: '/home/chuy/nvidia/nvidia_sdk/JetPack_6.2.2_Linux_JETSON_ORIN_NANO_TARGETS/Linux_for_Tegra/bootloader/signed/nvdec_t234_prod_sigheader.fw.encrypt' -> '/home/chuy/nvidia/nvidia_sdk/JetPack_6.2.2_Linux_JETSON_ORIN_NANO_TARGETS/Linux_for_Tegra/tools/kernel_flash/images/internal/nvdec_t234_prod_sigheader.fw.encrypt'
00:04:37.183 - Info: Copying /home/chuy/nvidia/nvidia_sdk/JetPack_6.2.2_Linux_JETSON_ORIN_NANO_TARGETS/Linux_for_Tegra/bootloader/signed/mb2_t234_with_mb2_cold_boot_bct_MB2_sigheader.bin.encrypt  /home/chuy/nvidia/nvidia_sdk/JetPack_6.2.2_Linux_JETSON_ORIN_NANO_TARGETS/Linux_for_Tegra/tools/kernel_flash/images/internal/mb2_t234_with_mb2_cold_boot_bct_MB2_sigheader.bin.encrypt
00:04:37.186 - Info: '/home/chuy/nvidia/nvidia_sdk/JetPack_6.2.2_Linux_JETSON_ORIN_NANO_TARGETS/Linux_for_Tegra/bootloader/signed/mb2_t234_with_mb2_cold_boot_bct_MB2_sigheader.bin.encrypt' -> '/home/chuy/nvidia/nvidia_sdk/JetPack_6.2.2_Linux_JETSON_ORIN_NANO_TARGETS/Linux_for_Tegra/tools/kernel_flash/images/internal/mb2_t234_with_mb2_cold_boot_bct_MB2_sigheader.bin.encrypt'
00:04:37.196 - Info: Copying /home/chuy/nvidia/nvidia_sdk/JetPack_6.2.2_Linux_JETSON_ORIN_NANO_TARGETS/Linux_for_Tegra/bootloader/signed/xusb_t234_prod_sigheader.bin.encrypt  /home/chuy/nvidia/nvidia_sdk/JetPack_6.2.2_Linux_JETSON_ORIN_NANO_TARGETS/Linux_for_Tegra/tools/kernel_flash/images/internal/xusb_t234_prod_sigheader.bin.encrypt
00:04:37.199 - Info: '/home/chuy/nvidia/nvidia_sdk/JetPack_6.2.2_Linux_JETSON_ORIN_NANO_TARGETS/Linux_for_Tegra/bootloader/signed/xusb_t234_prod_sigheader.bin.encrypt' -> '/home/chuy/nvidia/nvidia_sdk/JetPack_6.2.2_Linux_JETSON_ORIN_NANO_TARGETS/Linux_for_Tegra/tools/kernel_flash/images/internal/xusb_t234_prod_sigheader.bin.encrypt'
00:04:37.211 - Info: Copying /home/chuy/nvidia/nvidia_sdk/JetPack_6.2.2_Linux_JETSON_ORIN_NANO_TARGETS/Linux_for_Tegra/bootloader/signed/bpmp_t234-TE950M-A1_prod_sigheader.bin.encrypt  /home/chuy/nvidia/nvidia_sdk/JetPack_6.2.2_Linux_JETSON_ORIN_NANO_TARGETS/Linux_for_Tegra/tools/kernel_flash/images/internal/bpmp_t234-TE950M-A1_prod_sigheader.bin.encrypt
00:04:37.216 - Info: '/home/chuy/nvidia/nvidia_sdk/JetPack_6.2.2_Linux_JETSON_ORIN_NANO_TARGETS/Linux_for_Tegra/bootloader/signed/bpmp_t234-TE950M-A1_prod_sigheader.bin.encrypt' -> '/home/chuy/nvidia/nvidia_sdk/JetPack_6.2.2_Linux_JETSON_ORIN_NANO_TARGETS/Linux_for_Tegra/tools/kernel_flash/images/internal/bpmp_t234-TE950M-A1_prod_sigheader.bin.encrypt'
00:04:37.227 - Info: Copying /home/chuy/nvidia/nvidia_sdk/JetPack_6.2.2_Linux_JETSON_ORIN_NANO_TARGETS/Linux_for_Tegra/bootloader/signed/tegra234-bpmp-3767-0003-3509-a02_with_odm_sigheader.dtb.encrypt  /home/chuy/nvidia/nvidia_sdk/JetPack_6.2.2_Linux_JETSON_ORIN_NANO_TARGETS/Linux_for_Tegra/tools/kernel_flash/images/internal/tegra234-bpmp-3767-0003-3509-a02_with_odm_sigheader.dtb.encrypt
00:04:37.230 - Info: '/home/chuy/nvidia/nvidia_sdk/JetPack_6.2.2_Linux_JETSON_ORIN_NANO_TARGETS/Linux_for_Tegra/bootloader/signed/tegra234-bpmp-3767-0003-3509-a02_with_odm_sigheader.dtb.encrypt' -> '/home/chuy/nvidia/nvidia_sdk/JetPack_6.2.2_Linux_JETSON_ORIN_NANO_TARGETS/Linux_for_Tegra/tools/kernel_flash/images/internal/tegra234-bpmp-3767-0003-3509-a02_with_odm_sigheader.dtb.encrypt'
00:04:37.237 - Info: Copying /home/chuy/nvidia/nvidia_sdk/JetPack_6.2.2_Linux_JETSON_ORIN_NANO_TARGETS/Linux_for_Tegra/bootloader/signed/pscfw_t234_prod_sigheader.bin.encrypt  /home/chuy/nvidia/nvidia_sdk/JetPack_6.2.2_Linux_JETSON_ORIN_NANO_TARGETS/Linux_for_Tegra/tools/kernel_flash/images/internal/pscfw_t234_prod_sigheader.bin.encrypt
00:04:37.241 - Info: '/home/chuy/nvidia/nvidia_sdk/JetPack_6.2.2_Linux_JETSON_ORIN_NANO_TARGETS/Linux_for_Tegra/bootloader/signed/pscfw_t234_prod_sigheader.bin.encrypt' -> '/home/chuy/nvidia/nvidia_sdk/JetPack_6.2.2_Linux_JETSON_ORIN_NANO_TARGETS/Linux_for_Tegra/tools/kernel_flash/images/internal/pscfw_t234_prod_sigheader.bin.encrypt'
00:04:37.251 - Info: Copying /home/chuy/nvidia/nvidia_sdk/JetPack_6.2.2_Linux_JETSON_ORIN_NANO_TARGETS/Linux_for_Tegra/bootloader/signed/mce_flash_o10_cr_prod_sigheader.bin.encrypt  /home/chuy/nvidia/nvidia_sdk/JetPack_6.2.2_Linux_JETSON_ORIN_NANO_TARGETS/Linux_for_Tegra/tools/kernel_flash/images/internal/mce_flash_o10_cr_prod_sigheader.bin.encrypt
00:04:37.253 - Info: '/home/chuy/nvidia/nvidia_sdk/JetPack_6.2.2_Linux_JETSON_ORIN_NANO_TARGETS/Linux_for_Tegra/bootloader/signed/mce_flash_o10_cr_prod_sigheader.bin.encrypt' -> '/home/chuy/nvidia/nvidia_sdk/JetPack_6.2.2_Linux_JETSON_ORIN_NANO_TARGETS/Linux_for_Tegra/tools/kernel_flash/images/internal/mce_flash_o10_cr_prod_sigheader.bin.encrypt'
00:04:37.264 - Info: Copying /home/chuy/nvidia/nvidia_sdk/JetPack_6.2.2_Linux_JETSON_ORIN_NANO_TARGETS/Linux_for_Tegra/bootloader/signed/sc7_t234_prod_sigheader.bin.encrypt  /home/chuy/nvidia/nvidia_sdk/JetPack_6.2.2_Linux_JETSON_ORIN_NANO_TARGETS/Linux_for_Tegra/tools/kernel_flash/images/internal/sc7_t234_prod_sigheader.bin.encrypt
00:04:37.268 - Info: '/home/chuy/nvidia/nvidia_sdk/JetPack_6.2.2_Linux_JETSON_ORIN_NANO_TARGETS/Linux_for_Tegra/bootloader/signed/sc7_t234_prod_sigheader.bin.encrypt' -> '/home/chuy/nvidia/nvidia_sdk/JetPack_6.2.2_Linux_JETSON_ORIN_NANO_TARGETS/Linux_for_Tegra/tools/kernel_flash/images/internal/sc7_t234_prod_sigheader.bin.encrypt'
00:04:37.275 - Info: Copying /home/chuy/nvidia/nvidia_sdk/JetPack_6.2.2_Linux_JETSON_ORIN_NANO_TARGETS/Linux_for_Tegra/bootloader/signed/psc_rf_t234_prod_sigheader.bin.encrypt  /home/chuy/nvidia/nvidia_sdk/JetPack_6.2.2_Linux_JETSON_ORIN_NANO_TARGETS/Linux_for_Tegra/tools/kernel_flash/images/internal/psc_rf_t234_prod_sigheader.bin.encrypt
00:04:37.279 - Info: '/home/chuy/nvidia/nvidia_sdk/JetPack_6.2.2_Linux_JETSON_ORIN_NANO_TARGETS/Linux_for_Tegra/bootloader/signed/psc_rf_t234_prod_sigheader.bin.encrypt' -> '/home/chuy/nvidia/nvidia_sdk/JetPack_6.2.2_Linux_JETSON_ORIN_NANO_TARGETS/Linux_for_Tegra/tools/kernel_flash/images/internal/psc_rf_t234_prod_sigheader.bin.encrypt'
00:04:37.286 - Info: Copying /home/chuy/nvidia/nvidia_sdk/JetPack_6.2.2_Linux_JETSON_ORIN_NANO_TARGETS/Linux_for_Tegra/bootloader/signed/mb2rf_t234_sigheader.bin.encrypt  /home/chuy/nvidia/nvidia_sdk/JetPack_6.2.2_Linux_JETSON_ORIN_NANO_TARGETS/Linux_for_Tegra/tools/kernel_flash/images/internal/mb2rf_t234_sigheader.bin.encrypt
00:04:37.289 - Info: '/home/chuy/nvidia/nvidia_sdk/JetPack_6.2.2_Linux_JETSON_ORIN_NANO_TARGETS/Linux_for_Tegra/bootloader/signed/mb2rf_t234_sigheader.bin.encrypt' -> '/home/chuy/nvidia/nvidia_sdk/JetPack_6.2.2_Linux_JETSON_ORIN_NANO_TARGETS/Linux_for_Tegra/tools/kernel_flash/images/internal/mb2rf_t234_sigheader.bin.encrypt'
00:04:37.300 - Info: Copying /home/chuy/nvidia/nvidia_sdk/JetPack_6.2.2_Linux_JETSON_ORIN_NANO_TARGETS/Linux_for_Tegra/bootloader/signed/uefi_jetson_with_dtb_aligned_blob_w_bin_sigheader.bin.encrypt  /home/chuy/nvidia/nvidia_sdk/JetPack_6.2.2_Linux_JETSON_ORIN_NANO_TARGETS/Linux_for_Tegra/tools/kernel_flash/images/internal/uefi_jetson_with_dtb_aligned_blob_w_bin_sigheader.bin.encrypt
00:04:37.304 - Info: '/home/chuy/nvidia/nvidia_sdk/JetPack_6.2.2_Linux_JETSON_ORIN_NANO_TARGETS/Linux_for_Tegra/bootloader/signed/uefi_jetson_with_dtb_aligned_blob_w_bin_sigheader.bin.encrypt' -> '/home/chuy/nvidia/nvidia_sdk/JetPack_6.2.2_Linux_JETSON_ORIN_NANO_TARGETS/Linux_for_Tegra/tools/kernel_flash/images/internal/uefi_jetson_with_dtb_aligned_blob_w_bin_sigheader.bin.encrypt'
00:04:37.314 - Info: Copying /home/chuy/nvidia/nvidia_sdk/JetPack_6.2.2_Linux_JETSON_ORIN_NANO_TARGETS/Linux_for_Tegra/bootloader/signed/tos-optee_t234_sigheader.img.encrypt  /home/chuy/nvidia/nvidia_sdk/JetPack_6.2.2_Linux_JETSON_ORIN_NANO_TARGETS/Linux_for_Tegra/tools/kernel_flash/images/internal/tos-optee_t234_sigheader.img.encrypt
00:04:37.318 - Info: '/home/chuy/nvidia/nvidia_sdk/JetPack_6.2.2_Linux_JETSON_ORIN_NANO_TARGETS/Linux_for_Tegra/bootloader/signed/tos-optee_t234_sigheader.img.encrypt' -> '/home/chuy/nvidia/nvidia_sdk/JetPack_6.2.2_Linux_JETSON_ORIN_NANO_TARGETS/Linux_for_Tegra/tools/kernel_flash/images/internal/tos-optee_t234_sigheader.img.encrypt'
00:04:37.324 - Info: Warning: skip writing A_smm-fw partition as no image is specified
00:04:37.333 - Info: Copying /home/chuy/nvidia/nvidia_sdk/JetPack_6.2.2_Linux_JETSON_ORIN_NANO_TARGETS/Linux_for_Tegra/bootloader/signed/eks_t234_sigheader.img.encrypt  /home/chuy/nvidia/nvidia_sdk/JetPack_6.2.2_Linux_JETSON_ORIN_NANO_TARGETS/Linux_for_Tegra/tools/kernel_flash/images/internal/eks_t234_sigheader.img.encrypt
00:04:37.335 - Info: '/home/chuy/nvidia/nvidia_sdk/JetPack_6.2.2_Linux_JETSON_ORIN_NANO_TARGETS/Linux_for_Tegra/bootloader/signed/eks_t234_sigheader.img.encrypt' -> '/home/chuy/nvidia/nvidia_sdk/JetPack_6.2.2_Linux_JETSON_ORIN_NANO_TARGETS/Linux_for_Tegra/tools/kernel_flash/images/internal/eks_t234_sigheader.img.encrypt'
00:04:37.345 - Info: Copying /home/chuy/nvidia/nvidia_sdk/JetPack_6.2.2_Linux_JETSON_ORIN_NANO_TARGETS/Linux_for_Tegra/bootloader/signed/display-t234-dce_with_tegra234-p3768-0000+p3767-0003-nv_with_odm_overlay.dtb_aligned_blob_w_bin_sigheader.bin.encrypt  /home/chuy/nvidia/nvidia_sdk/JetPack_6.2.2_Linux_JETSON_ORIN_NANO_TARGETS/Linux_for_Tegra/tools/kernel_flash/images/internal/display-t234-dce_with_tegra234-p3768-0000+p3767-0003-nv_with_odm_overlay.dtb_aligned_blob_w_bin_sigheader.bin.encrypt
00:04:37.349 - Info: '/home/chuy/nvidia/nvidia_sdk/JetPack_6.2.2_Linux_JETSON_ORIN_NANO_TARGETS/Linux_for_Tegra/bootloader/signed/display-t234-dce_with_tegra234-p3768-0000+p3767-0003-nv_with_odm_overlay.dtb_aligned_blob_w_bin_sigheader.bin.encrypt' -> '/home/chuy/nvidia/nvidia_sdk/JetPack_6.2.2_Linux_JETSON_ORIN_NANO_TARGETS/Linux_for_Tegra/tools/kernel_flash/images/internal/display-t234-dce_with_tegra234-p3768-0000+p3767-0003-nv_with_odm_overlay.dtb_aligned_blob_w_bin_sigheader.bin.encrypt'
00:04:37.357 - Info: Copying /home/chuy/nvidia/nvidia_sdk/JetPack_6.2.2_Linux_JETSON_ORIN_NANO_TARGETS/Linux_for_Tegra/bootloader/signed/spe_t234_sigheader.bin.encrypt  /home/chuy/nvidia/nvidia_sdk/JetPack_6.2.2_Linux_JETSON_ORIN_NANO_TARGETS/Linux_for_Tegra/tools/kernel_flash/images/internal/spe_t234_sigheader.bin.encrypt
00:04:37.362 - Info: '/home/chuy/nvidia/nvidia_sdk/JetPack_6.2.2_Linux_JETSON_ORIN_NANO_TARGETS/Linux_for_Tegra/bootloader/signed/spe_t234_sigheader.bin.encrypt' -> '/home/chuy/nvidia/nvidia_sdk/JetPack_6.2.2_Linux_JETSON_ORIN_NANO_TARGETS/Linux_for_Tegra/tools/kernel_flash/images/internal/spe_t234_sigheader.bin.encrypt'
00:04:37.369 - Info: Copying /home/chuy/nvidia/nvidia_sdk/JetPack_6.2.2_Linux_JETSON_ORIN_NANO_TARGETS/Linux_for_Tegra/bootloader/signed/camera-rtcpu-t234-rce_sigheader.img.encrypt  /home/chuy/nvidia/nvidia_sdk/JetPack_6.2.2_Linux_JETSON_ORIN_NANO_TARGETS/Linux_for_Tegra/tools/kernel_flash/images/internal/camera-rtcpu-t234-rce_sigheader.img.encrypt
00:04:37.372 - Info: '/home/chuy/nvidia/nvidia_sdk/JetPack_6.2.2_Linux_JETSON_ORIN_NANO_TARGETS/Linux_for_Tegra/bootloader/signed/camera-rtcpu-t234-rce_sigheader.img.encrypt' -> '/home/chuy/nvidia/nvidia_sdk/JetPack_6.2.2_Linux_JETSON_ORIN_NANO_TARGETS/Linux_for_Tegra/tools/kernel_flash/images/internal/camera-rtcpu-t234-rce_sigheader.img.encrypt'
00:04:37.382 - Info: Copying /home/chuy/nvidia/nvidia_sdk/JetPack_6.2.2_Linux_JETSON_ORIN_NANO_TARGETS/Linux_for_Tegra/bootloader/signed/adsp-fw_sigheader.bin.encrypt  /home/chuy/nvidia/nvidia_sdk/JetPack_6.2.2_Linux_JETSON_ORIN_NANO_TARGETS/Linux_for_Tegra/tools/kernel_flash/images/internal/adsp-fw_sigheader.bin.encrypt
00:04:37.385 - Info: '/home/chuy/nvidia/nvidia_sdk/JetPack_6.2.2_Linux_JETSON_ORIN_NANO_TARGETS/Linux_for_Tegra/bootloader/signed/adsp-fw_sigheader.bin.encrypt' -> '/home/chuy/nvidia/nvidia_sdk/JetPack_6.2.2_Linux_JETSON_ORIN_NANO_TARGETS/Linux_for_Tegra/tools/kernel_flash/images/internal/adsp-fw_sigheader.bin.encrypt'
00:04:37.396 - Info: Copying /home/chuy/nvidia/nvidia_sdk/JetPack_6.2.2_Linux_JETSON_ORIN_NANO_TARGETS/Linux_for_Tegra/bootloader/signed/nvpva_020_aligned_blob_w_bin_sigheader.fw.encrypt  /home/chuy/nvidia/nvidia_sdk/JetPack_6.2.2_Linux_JETSON_ORIN_NANO_TARGETS/Linux_for_Tegra/tools/kernel_flash/images/internal/nvpva_020_aligned_blob_w_bin_sigheader.fw.encrypt
00:04:37.399 - Info: '/home/chuy/nvidia/nvidia_sdk/JetPack_6.2.2_Linux_JETSON_ORIN_NANO_TARGETS/Linux_for_Tegra/bootloader/signed/nvpva_020_aligned_blob_w_bin_sigheader.fw.encrypt' -> '/home/chuy/nvidia/nvidia_sdk/JetPack_6.2.2_Linux_JETSON_ORIN_NANO_TARGETS/Linux_for_Tegra/tools/kernel_flash/images/internal/nvpva_020_aligned_blob_w_bin_sigheader.fw.encrypt'
00:04:37.404 - Info: Warning: skip writing A_reserved_on_boot partition as no image is specified
00:04:37.415 - Info: Copying /home/chuy/nvidia/nvidia_sdk/JetPack_6.2.2_Linux_JETSON_ORIN_NANO_TARGETS/Linux_for_Tegra/bootloader/signed/mb1_t234_prod_aligned_sigheader.bin.encrypt  /home/chuy/nvidia/nvidia_sdk/JetPack_6.2.2_Linux_JETSON_ORIN_NANO_TARGETS/Linux_for_Tegra/tools/kernel_flash/images/internal/mb1_t234_prod_aligned_sigheader.bin.encrypt
00:04:37.418 - Info: '/home/chuy/nvidia/nvidia_sdk/JetPack_6.2.2_Linux_JETSON_ORIN_NANO_TARGETS/Linux_for_Tegra/bootloader/signed/mb1_t234_prod_aligned_sigheader.bin.encrypt' -> '/home/chuy/nvidia/nvidia_sdk/JetPack_6.2.2_Linux_JETSON_ORIN_NANO_TARGETS/Linux_for_Tegra/tools/kernel_flash/images/internal/mb1_t234_prod_aligned_sigheader.bin.encrypt'
00:04:37.427 - Info: Copying /home/chuy/nvidia/nvidia_sdk/JetPack_6.2.2_Linux_JETSON_ORIN_NANO_TARGETS/Linux_for_Tegra/bootloader/signed/psc_bl1_t234_prod_aligned_sigheader.bin.encrypt  /home/chuy/nvidia/nvidia_sdk/JetPack_6.2.2_Linux_JETSON_ORIN_NANO_TARGETS/Linux_for_Tegra/tools/kernel_flash/images/internal/psc_bl1_t234_prod_aligned_sigheader.bin.encrypt
00:04:37.431 - Info: '/home/chuy/nvidia/nvidia_sdk/JetPack_6.2.2_Linux_JETSON_ORIN_NANO_TARGETS/Linux_for_Tegra/bootloader/signed/psc_bl1_t234_prod_aligned_sigheader.bin.encrypt' -> '/home/chuy/nvidia/nvidia_sdk/JetPack_6.2.2_Linux_JETSON_ORIN_NANO_TARGETS/Linux_for_Tegra/tools/kernel_flash/images/internal/psc_bl1_t234_prod_aligned_sigheader.bin.encrypt'
00:04:37.438 - Info: Copying /home/chuy/nvidia/nvidia_sdk/JetPack_6.2.2_Linux_JETSON_ORIN_NANO_TARGETS/Linux_for_Tegra/bootloader/signed/mb1_cold_boot_bct_MB1_sigheader.bct.encrypt  /home/chuy/nvidia/nvidia_sdk/JetPack_6.2.2_Linux_JETSON_ORIN_NANO_TARGETS/Linux_for_Tegra/tools/kernel_flash/images/internal/mb1_cold_boot_bct_MB1_sigheader.bct.encrypt
00:04:37.442 - Info: '/home/chuy/nvidia/nvidia_sdk/JetPack_6.2.2_Linux_JETSON_ORIN_NANO_TARGETS/Linux_for_Tegra/bootloader/signed/mb1_cold_boot_bct_MB1_sigheader.bct.encrypt' -> '/home/chuy/nvidia/nvidia_sdk/JetPack_6.2.2_Linux_JETSON_ORIN_NANO_TARGETS/Linux_for_Tegra/tools/kernel_flash/images/internal/mb1_cold_boot_bct_MB1_sigheader.bct.encrypt'
00:04:37.450 - Info: Copying /home/chuy/nvidia/nvidia_sdk/JetPack_6.2.2_Linux_JETSON_ORIN_NANO_TARGETS/Linux_for_Tegra/bootloader/signed/mem_coldboot_sigheader.bct.encrypt  /home/chuy/nvidia/nvidia_sdk/JetPack_6.2.2_Linux_JETSON_ORIN_NANO_TARGETS/Linux_for_Tegra/tools/kernel_flash/images/internal/mem_coldboot_sigheader.bct.encrypt
00:04:37.453 - Info: '/home/chuy/nvidia/nvidia_sdk/JetPack_6.2.2_Linux_JETSON_ORIN_NANO_TARGETS/Linux_for_Tegra/bootloader/signed/mem_coldboot_sigheader.bct.encrypt' -> '/home/chuy/nvidia/nvidia_sdk/JetPack_6.2.2_Linux_JETSON_ORIN_NANO_TARGETS/Linux_for_Tegra/tools/kernel_flash/images/internal/mem_coldboot_sigheader.bct.encrypt'
00:04:37.465 - Info: Copying /home/chuy/nvidia/nvidia_sdk/JetPack_6.2.2_Linux_JETSON_ORIN_NANO_TARGETS/Linux_for_Tegra/bootloader/signed/tsec_t234_sigheader.bin.encrypt  /home/chuy/nvidia/nvidia_sdk/JetPack_6.2.2_Linux_JETSON_ORIN_NANO_TARGETS/Linux_for_Tegra/tools/kernel_flash/images/internal/tsec_t234_sigheader.bin.encrypt
00:04:37.469 - Info: '/home/chuy/nvidia/nvidia_sdk/JetPack_6.2.2_Linux_JETSON_ORIN_NANO_TARGETS/Linux_for_Tegra/bootloader/signed/tsec_t234_sigheader.bin.encrypt' -> '/home/chuy/nvidia/nvidia_sdk/JetPack_6.2.2_Linux_JETSON_ORIN_NANO_TARGETS/Linux_for_Tegra/tools/kernel_flash/images/internal/tsec_t234_sigheader.bin.encrypt'
00:04:37.482 - Info: Copying /home/chuy/nvidia/nvidia_sdk/JetPack_6.2.2_Linux_JETSON_ORIN_NANO_TARGETS/Linux_for_Tegra/bootloader/signed/nvdec_t234_prod_sigheader.fw.encrypt  /home/chuy/nvidia/nvidia_sdk/JetPack_6.2.2_Linux_JETSON_ORIN_NANO_TARGETS/Linux_for_Tegra/tools/kernel_flash/images/internal/nvdec_t234_prod_sigheader.fw.encrypt
00:04:37.485 - Info: '/home/chuy/nvidia/nvidia_sdk/JetPack_6.2.2_Linux_JETSON_ORIN_NANO_TARGETS/Linux_for_Tegra/bootloader/signed/nvdec_t234_prod_sigheader.fw.encrypt' -> '/home/chuy/nvidia/nvidia_sdk/JetPack_6.2.2_Linux_JETSON_ORIN_NANO_TARGETS/Linux_for_Tegra/tools/kernel_flash/images/internal/nvdec_t234_prod_sigheader.fw.encrypt'
00:04:37.496 - Info: Copying /home/chuy/nvidia/nvidia_sdk/JetPack_6.2.2_Linux_JETSON_ORIN_NANO_TARGETS/Linux_for_Tegra/bootloader/signed/mb2_t234_with_mb2_cold_boot_bct_MB2_sigheader.bin.encrypt  /home/chuy/nvidia/nvidia_sdk/JetPack_6.2.2_Linux_JETSON_ORIN_NANO_TARGETS/Linux_for_Tegra/tools/kernel_flash/images/internal/mb2_t234_with_mb2_cold_boot_bct_MB2_sigheader.bin.encrypt
00:04:37.499 - Info: '/home/chuy/nvidia/nvidia_sdk/JetPack_6.2.2_Linux_JETSON_ORIN_NANO_TARGETS/Linux_for_Tegra/bootloader/signed/mb2_t234_with_mb2_cold_boot_bct_MB2_sigheader.bin.encrypt' -> '/home/chuy/nvidia/nvidia_sdk/JetPack_6.2.2_Linux_JETSON_ORIN_NANO_TARGETS/Linux_for_Tegra/tools/kernel_flash/images/internal/mb2_t234_with_mb2_cold_boot_bct_MB2_sigheader.bin.encrypt'
00:04:37.507 - Info: Copying /home/chuy/nvidia/nvidia_sdk/JetPack_6.2.2_Linux_JETSON_ORIN_NANO_TARGETS/Linux_for_Tegra/bootloader/signed/xusb_t234_prod_sigheader.bin.encrypt  /home/chuy/nvidia/nvidia_sdk/JetPack_6.2.2_Linux_JETSON_ORIN_NANO_TARGETS/Linux_for_Tegra/tools/kernel_flash/images/internal/xusb_t234_prod_sigheader.bin.encrypt
00:04:37.511 - Info: '/home/chuy/nvidia/nvidia_sdk/JetPack_6.2.2_Linux_JETSON_ORIN_NANO_TARGETS/Linux_for_Tegra/bootloader/signed/xusb_t234_prod_sigheader.bin.encrypt' -> '/home/chuy/nvidia/nvidia_sdk/JetPack_6.2.2_Linux_JETSON_ORIN_NANO_TARGETS/Linux_for_Tegra/tools/kernel_flash/images/internal/xusb_t234_prod_sigheader.bin.encrypt'
00:04:37.518 - Info: Copying /home/chuy/nvidia/nvidia_sdk/JetPack_6.2.2_Linux_JETSON_ORIN_NANO_TARGETS/Linux_for_Tegra/bootloader/signed/bpmp_t234-TE950M-A1_prod_sigheader.bin.encrypt  /home/chuy/nvidia/nvidia_sdk/JetPack_6.2.2_Linux_JETSON_ORIN_NANO_TARGETS/Linux_for_Tegra/tools/kernel_flash/images/internal/bpmp_t234-TE950M-A1_prod_sigheader.bin.encrypt
00:04:37.521 - Info: '/home/chuy/nvidia/nvidia_sdk/JetPack_6.2.2_Linux_JETSON_ORIN_NANO_TARGETS/Linux_for_Tegra/bootloader/signed/bpmp_t234-TE950M-A1_prod_sigheader.bin.encrypt' -> '/home/chuy/nvidia/nvidia_sdk/JetPack_6.2.2_Linux_JETSON_ORIN_NANO_TARGETS/Linux_for_Tegra/tools/kernel_flash/images/internal/bpmp_t234-TE950M-A1_prod_sigheader.bin.encrypt'
00:04:37.532 - Info: Copying /home/chuy/nvidia/nvidia_sdk/JetPack_6.2.2_Linux_JETSON_ORIN_NANO_TARGETS/Linux_for_Tegra/bootloader/signed/tegra234-bpmp-3767-0003-3509-a02_with_odm_sigheader.dtb.encrypt  /home/chuy/nvidia/nvidia_sdk/JetPack_6.2.2_Linux_JETSON_ORIN_NANO_TARGETS/Linux_for_Tegra/tools/kernel_flash/images/internal/tegra234-bpmp-3767-0003-3509-a02_with_odm_sigheader.dtb.encrypt
00:04:37.535 - Info: '/home/chuy/nvidia/nvidia_sdk/JetPack_6.2.2_Linux_JETSON_ORIN_NANO_TARGETS/Linux_for_Tegra/bootloader/signed/tegra234-bpmp-3767-0003-3509-a02_with_odm_sigheader.dtb.encrypt' -> '/home/chuy/nvidia/nvidia_sdk/JetPack_6.2.2_Linux_JETSON_ORIN_NANO_TARGETS/Linux_for_Tegra/tools/kernel_flash/images/internal/tegra234-bpmp-3767-0003-3509-a02_with_odm_sigheader.dtb.encrypt'
00:04:37.551 - Info: Copying /home/chuy/nvidia/nvidia_sdk/JetPack_6.2.2_Linux_JETSON_ORIN_NANO_TARGETS/Linux_for_Tegra/bootloader/signed/pscfw_t234_prod_sigheader.bin.encrypt  /home/chuy/nvidia/nvidia_sdk/JetPack_6.2.2_Linux_JETSON_ORIN_NANO_TARGETS/Linux_for_Tegra/tools/kernel_flash/images/internal/pscfw_t234_prod_sigheader.bin.encrypt
00:04:37.554 - Info: '/home/chuy/nvidia/nvidia_sdk/JetPack_6.2.2_Linux_JETSON_ORIN_NANO_TARGETS/Linux_for_Tegra/bootloader/signed/pscfw_t234_prod_sigheader.bin.encrypt' -> '/home/chuy/nvidia/nvidia_sdk/JetPack_6.2.2_Linux_JETSON_ORIN_NANO_TARGETS/Linux_for_Tegra/tools/kernel_flash/images/internal/pscfw_t234_prod_sigheader.bin.encrypt'
00:04:37.563 - Info: Copying /home/chuy/nvidia/nvidia_sdk/JetPack_6.2.2_Linux_JETSON_ORIN_NANO_TARGETS/Linux_for_Tegra/bootloader/signed/mce_flash_o10_cr_prod_sigheader.bin.encrypt  /home/chuy/nvidia/nvidia_sdk/JetPack_6.2.2_Linux_JETSON_ORIN_NANO_TARGETS/Linux_for_Tegra/tools/kernel_flash/images/internal/mce_flash_o10_cr_prod_sigheader.bin.encrypt
00:04:37.567 - Info: '/home/chuy/nvidia/nvidia_sdk/JetPack_6.2.2_Linux_JETSON_ORIN_NANO_TARGETS/Linux_for_Tegra/bootloader/signed/mce_flash_o10_cr_prod_sigheader.bin.encrypt' -> '/home/chuy/nvidia/nvidia_sdk/JetPack_6.2.2_Linux_JETSON_ORIN_NANO_TARGETS/Linux_for_Tegra/tools/kernel_flash/images/internal/mce_flash_o10_cr_prod_sigheader.bin.encrypt'
00:04:37.575 - Info: Copying /home/chuy/nvidia/nvidia_sdk/JetPack_6.2.2_Linux_JETSON_ORIN_NANO_TARGETS/Linux_for_Tegra/bootloader/signed/sc7_t234_prod_sigheader.bin.encrypt  /home/chuy/nvidia/nvidia_sdk/JetPack_6.2.2_Linux_JETSON_ORIN_NANO_TARGETS/Linux_for_Tegra/tools/kernel_flash/images/internal/sc7_t234_prod_sigheader.bin.encrypt
00:04:37.580 - Info: '/home/chuy/nvidia/nvidia_sdk/JetPack_6.2.2_Linux_JETSON_ORIN_NANO_TARGETS/Linux_for_Tegra/bootloader/signed/sc7_t234_prod_sigheader.bin.encrypt' -> '/home/chuy/nvidia/nvidia_sdk/JetPack_6.2.2_Linux_JETSON_ORIN_NANO_TARGETS/Linux_for_Tegra/tools/kernel_flash/images/internal/sc7_t234_prod_sigheader.bin.encrypt'
00:04:37.587 - Info: Copying /home/chuy/nvidia/nvidia_sdk/JetPack_6.2.2_Linux_JETSON_ORIN_NANO_TARGETS/Linux_for_Tegra/bootloader/signed/psc_rf_t234_prod_sigheader.bin.encrypt  /home/chuy/nvidia/nvidia_sdk/JetPack_6.2.2_Linux_JETSON_ORIN_NANO_TARGETS/Linux_for_Tegra/tools/kernel_flash/images/internal/psc_rf_t234_prod_sigheader.bin.encrypt
00:04:37.590 - Info: '/home/chuy/nvidia/nvidia_sdk/JetPack_6.2.2_Linux_JETSON_ORIN_NANO_TARGETS/Linux_for_Tegra/bootloader/signed/psc_rf_t234_prod_sigheader.bin.encrypt' -> '/home/chuy/nvidia/nvidia_sdk/JetPack_6.2.2_Linux_JETSON_ORIN_NANO_TARGETS/Linux_for_Tegra/tools/kernel_flash/images/internal/psc_rf_t234_prod_sigheader.bin.encrypt'
00:04:37.601 - Info: Copying /home/chuy/nvidia/nvidia_sdk/JetPack_6.2.2_Linux_JETSON_ORIN_NANO_TARGETS/Linux_for_Tegra/bootloader/signed/mb2rf_t234_sigheader.bin.encrypt  /home/chuy/nvidia/nvidia_sdk/JetPack_6.2.2_Linux_JETSON_ORIN_NANO_TARGETS/Linux_for_Tegra/tools/kernel_flash/images/internal/mb2rf_t234_sigheader.bin.encrypt
00:04:37.603 - Info: '/home/chuy/nvidia/nvidia_sdk/JetPack_6.2.2_Linux_JETSON_ORIN_NANO_TARGETS/Linux_for_Tegra/bootloader/signed/mb2rf_t234_sigheader.bin.encrypt' -> '/home/chuy/nvidia/nvidia_sdk/JetPack_6.2.2_Linux_JETSON_ORIN_NANO_TARGETS/Linux_for_Tegra/tools/kernel_flash/images/internal/mb2rf_t234_sigheader.bin.encrypt'
00:04:37.614 - Info: Copying /home/chuy/nvidia/nvidia_sdk/JetPack_6.2.2_Linux_JETSON_ORIN_NANO_TARGETS/Linux_for_Tegra/bootloader/signed/uefi_jetson_with_dtb_aligned_blob_w_bin_sigheader.bin.encrypt  /home/chuy/nvidia/nvidia_sdk/JetPack_6.2.2_Linux_JETSON_ORIN_NANO_TARGETS/Linux_for_Tegra/tools/kernel_flash/images/internal/uefi_jetson_with_dtb_aligned_blob_w_bin_sigheader.bin.encrypt
00:04:37.620 - Info: '/home/chuy/nvidia/nvidia_sdk/JetPack_6.2.2_Linux_JETSON_ORIN_NANO_TARGETS/Linux_for_Tegra/bootloader/signed/uefi_jetson_with_dtb_aligned_blob_w_bin_sigheader.bin.encrypt' -> '/home/chuy/nvidia/nvidia_sdk/JetPack_6.2.2_Linux_JETSON_ORIN_NANO_TARGETS/Linux_for_Tegra/tools/kernel_flash/images/internal/uefi_jetson_with_dtb_aligned_blob_w_bin_sigheader.bin.encrypt'
00:04:37.631 - Info: Copying /home/chuy/nvidia/nvidia_sdk/JetPack_6.2.2_Linux_JETSON_ORIN_NANO_TARGETS/Linux_for_Tegra/bootloader/signed/tos-optee_t234_sigheader.img.encrypt  /home/chuy/nvidia/nvidia_sdk/JetPack_6.2.2_Linux_JETSON_ORIN_NANO_TARGETS/Linux_for_Tegra/tools/kernel_flash/images/internal/tos-optee_t234_sigheader.img.encrypt
00:04:37.636 - Info: '/home/chuy/nvidia/nvidia_sdk/JetPack_6.2.2_Linux_JETSON_ORIN_NANO_TARGETS/Linux_for_Tegra/bootloader/signed/tos-optee_t234_sigheader.img.encrypt' -> '/home/chuy/nvidia/nvidia_sdk/JetPack_6.2.2_Linux_JETSON_ORIN_NANO_TARGETS/Linux_for_Tegra/tools/kernel_flash/images/internal/tos-optee_t234_sigheader.img.encrypt'
00:04:37.646 - Info: Warning: skip writing B_smm-fw partition as no image is specified
00:04:37.653 - Info: Copying /home/chuy/nvidia/nvidia_sdk/JetPack_6.2.2_Linux_JETSON_ORIN_NANO_TARGETS/Linux_for_Tegra/bootloader/signed/eks_t234_sigheader.img.encrypt  /home/chuy/nvidia/nvidia_sdk/JetPack_6.2.2_Linux_JETSON_ORIN_NANO_TARGETS/Linux_for_Tegra/tools/kernel_flash/images/internal/eks_t234_sigheader.img.encrypt
00:04:37.655 - Info: '/home/chuy/nvidia/nvidia_sdk/JetPack_6.2.2_Linux_JETSON_ORIN_NANO_TARGETS/Linux_for_Tegra/bootloader/signed/eks_t234_sigheader.img.encrypt' -> '/home/chuy/nvidia/nvidia_sdk/JetPack_6.2.2_Linux_JETSON_ORIN_NANO_TARGETS/Linux_for_Tegra/tools/kernel_flash/images/internal/eks_t234_sigheader.img.encrypt'
00:04:37.666 - Info: Copying /home/chuy/nvidia/nvidia_sdk/JetPack_6.2.2_Linux_JETSON_ORIN_NANO_TARGETS/Linux_for_Tegra/bootloader/signed/display-t234-dce_with_tegra234-p3768-0000+p3767-0003-nv_with_odm_overlay.dtb_aligned_blob_w_bin_sigheader.bin.encrypt  /home/chuy/nvidia/nvidia_sdk/JetPack_6.2.2_Linux_JETSON_ORIN_NANO_TARGETS/Linux_for_Tegra/tools/kernel_flash/images/internal/display-t234-dce_with_tegra234-p3768-0000+p3767-0003-nv_with_odm_overlay.dtb_aligned_blob_w_bin_sigheader.bin.encrypt
00:04:37.670 - Info: '/home/chuy/nvidia/nvidia_sdk/JetPack_6.2.2_Linux_JETSON_ORIN_NANO_TARGETS/Linux_for_Tegra/bootloader/signed/display-t234-dce_with_tegra234-p3768-0000+p3767-0003-nv_with_odm_overlay.dtb_aligned_blob_w_bin_sigheader.bin.encrypt' -> '/home/chuy/nvidia/nvidia_sdk/JetPack_6.2.2_Linux_JETSON_ORIN_NANO_TARGETS/Linux_for_Tegra/tools/kernel_flash/images/internal/display-t234-dce_with_tegra234-p3768-0000+p3767-0003-nv_with_odm_overlay.dtb_aligned_blob_w_bin_sigheader.bin.encrypt'
00:04:37.681 - Info: Copying /home/chuy/nvidia/nvidia_sdk/JetPack_6.2.2_Linux_JETSON_ORIN_NANO_TARGETS/Linux_for_Tegra/bootloader/signed/spe_t234_sigheader.bin.encrypt  /home/chuy/nvidia/nvidia_sdk/JetPack_6.2.2_Linux_JETSON_ORIN_NANO_TARGETS/Linux_for_Tegra/tools/kernel_flash/images/internal/spe_t234_sigheader.bin.encrypt
00:04:37.684 - Info: '/home/chuy/nvidia/nvidia_sdk/JetPack_6.2.2_Linux_JETSON_ORIN_NANO_TARGETS/Linux_for_Tegra/bootloader/signed/spe_t234_sigheader.bin.encrypt' -> '/home/chuy/nvidia/nvidia_sdk/JetPack_6.2.2_Linux_JETSON_ORIN_NANO_TARGETS/Linux_for_Tegra/tools/kernel_flash/images/internal/spe_t234_sigheader.bin.encrypt'
00:04:37.696 - Info: Copying /home/chuy/nvidia/nvidia_sdk/JetPack_6.2.2_Linux_JETSON_ORIN_NANO_TARGETS/Linux_for_Tegra/bootloader/signed/camera-rtcpu-t234-rce_sigheader.img.encrypt  /home/chuy/nvidia/nvidia_sdk/JetPack_6.2.2_Linux_JETSON_ORIN_NANO_TARGETS/Linux_for_Tegra/tools/kernel_flash/images/internal/camera-rtcpu-t234-rce_sigheader.img.encrypt
00:04:37.700 - Info: '/home/chuy/nvidia/nvidia_sdk/JetPack_6.2.2_Linux_JETSON_ORIN_NANO_TARGETS/Linux_for_Tegra/bootloader/signed/camera-rtcpu-t234-rce_sigheader.img.encrypt' -> '/home/chuy/nvidia/nvidia_sdk/JetPack_6.2.2_Linux_JETSON_ORIN_NANO_TARGETS/Linux_for_Tegra/tools/kernel_flash/images/internal/camera-rtcpu-t234-rce_sigheader.img.encrypt'
00:04:37.710 - Info: Copying /home/chuy/nvidia/nvidia_sdk/JetPack_6.2.2_Linux_JETSON_ORIN_NANO_TARGETS/Linux_for_Tegra/bootloader/signed/adsp-fw_sigheader.bin.encrypt  /home/chuy/nvidia/nvidia_sdk/JetPack_6.2.2_Linux_JETSON_ORIN_NANO_TARGETS/Linux_for_Tegra/tools/kernel_flash/images/internal/adsp-fw_sigheader.bin.encrypt
00:04:37.715 - Info: '/home/chuy/nvidia/nvidia_sdk/JetPack_6.2.2_Linux_JETSON_ORIN_NANO_TARGETS/Linux_for_Tegra/bootloader/signed/adsp-fw_sigheader.bin.encrypt' -> '/home/chuy/nvidia/nvidia_sdk/JetPack_6.2.2_Linux_JETSON_ORIN_NANO_TARGETS/Linux_for_Tegra/tools/kernel_flash/images/internal/adsp-fw_sigheader.bin.encrypt'
00:04:37.722 - Info: Copying /home/chuy/nvidia/nvidia_sdk/JetPack_6.2.2_Linux_JETSON_ORIN_NANO_TARGETS/Linux_for_Tegra/bootloader/signed/nvpva_020_aligned_blob_w_bin_sigheader.fw.encrypt  /home/chuy/nvidia/nvidia_sdk/JetPack_6.2.2_Linux_JETSON_ORIN_NANO_TARGETS/Linux_for_Tegra/tools/kernel_flash/images/internal/nvpva_020_aligned_blob_w_bin_sigheader.fw.encrypt
00:04:37.729 - Info: '/home/chuy/nvidia/nvidia_sdk/JetPack_6.2.2_Linux_JETSON_ORIN_NANO_TARGETS/Linux_for_Tegra/bootloader/signed/nvpva_020_aligned_blob_w_bin_sigheader.fw.encrypt' -> '/home/chuy/nvidia/nvidia_sdk/JetPack_6.2.2_Linux_JETSON_ORIN_NANO_TARGETS/Linux_for_Tegra/tools/kernel_flash/images/internal/nvpva_020_aligned_blob_w_bin_sigheader.fw.encrypt'
00:04:37.736 - Info: Warning: skip writing B_reserved_on_boot partition as no image is specified
00:04:37.746 - Info: Warning: skip writing uefi_variables partition as no image is specified
00:04:37.751 - Info: Warning: skip writing uefi_ftw partition as no image is specified
00:04:37.758 - Info: Warning: skip writing reserved partition as no image is specified
00:04:37.766 - Info: Warning: skip writing worm partition as no image is specified
00:04:37.775 - Info: Copying /home/chuy/nvidia/nvidia_sdk/JetPack_6.2.2_Linux_JETSON_ORIN_NANO_TARGETS/Linux_for_Tegra/bootloader/signed/bct_backup.img  /home/chuy/nvidia/nvidia_sdk/JetPack_6.2.2_Linux_JETSON_ORIN_NANO_TARGETS/Linux_for_Tegra/tools/kernel_flash/images/internal/bct_backup.img
00:04:37.779 - Info: '/home/chuy/nvidia/nvidia_sdk/JetPack_6.2.2_Linux_JETSON_ORIN_NANO_TARGETS/Linux_for_Tegra/bootloader/signed/bct_backup.img' -> '/home/chuy/nvidia/nvidia_sdk/JetPack_6.2.2_Linux_JETSON_ORIN_NANO_TARGETS/Linux_for_Tegra/tools/kernel_flash/images/internal/bct_backup.img'
00:04:37.785 - Info: Warning: skip writing reserved_partition partition as no image is specified
00:04:37.793 - Info: Copying /home/chuy/nvidia/nvidia_sdk/JetPack_6.2.2_Linux_JETSON_ORIN_NANO_TARGETS/Linux_for_Tegra/bootloader/signed/gpt_backup_secondary_3_0.bin  /home/chuy/nvidia/nvidia_sdk/JetPack_6.2.2_Linux_JETSON_ORIN_NANO_TARGETS/Linux_for_Tegra/tools/kernel_flash/images/internal/gpt_backup_secondary_3_0.bin
00:04:37.797 - Info: '/home/chuy/nvidia/nvidia_sdk/JetPack_6.2.2_Linux_JETSON_ORIN_NANO_TARGETS/Linux_for_Tegra/bootloader/signed/gpt_backup_secondary_3_0.bin' -> '/home/chuy/nvidia/nvidia_sdk/JetPack_6.2.2_Linux_JETSON_ORIN_NANO_TARGETS/Linux_for_Tegra/tools/kernel_flash/images/internal/gpt_backup_secondary_3_0.bin'
00:04:37.804 - Info: Copying /home/chuy/nvidia/nvidia_sdk/JetPack_6.2.2_Linux_JETSON_ORIN_NANO_TARGETS/Linux_for_Tegra/bootloader/qspi_bootblob_ver.txt  /home/chuy/nvidia/nvidia_sdk/JetPack_6.2.2_Linux_JETSON_ORIN_NANO_TARGETS/Linux_for_Tegra/tools/kernel_flash/images/internal/qspi_bootblob_ver.txt
00:04:37.809 - Info: '/home/chuy/nvidia/nvidia_sdk/JetPack_6.2.2_Linux_JETSON_ORIN_NANO_TARGETS/Linux_for_Tegra/bootloader/qspi_bootblob_ver.txt' -> '/home/chuy/nvidia/nvidia_sdk/JetPack_6.2.2_Linux_JETSON_ORIN_NANO_TARGETS/Linux_for_Tegra/tools/kernel_flash/images/internal/qspi_bootblob_ver.txt'
00:04:37.817 - Info: Copying /home/chuy/nvidia/nvidia_sdk/JetPack_6.2.2_Linux_JETSON_ORIN_NANO_TARGETS/Linux_for_Tegra/bootloader/qspi_bootblob_ver.txt  /home/chuy/nvidia/nvidia_sdk/JetPack_6.2.2_Linux_JETSON_ORIN_NANO_TARGETS/Linux_for_Tegra/tools/kernel_flash/images/internal/qspi_bootblob_ver.txt
00:04:37.820 - Info: '/home/chuy/nvidia/nvidia_sdk/JetPack_6.2.2_Linux_JETSON_ORIN_NANO_TARGETS/Linux_for_Tegra/bootloader/qspi_bootblob_ver.txt' -> '/home/chuy/nvidia/nvidia_sdk/JetPack_6.2.2_Linux_JETSON_ORIN_NANO_TARGETS/Linux_for_Tegra/tools/kernel_flash/images/internal/qspi_bootblob_ver.txt'
00:04:37.830 - Info: Copying /home/chuy/nvidia/nvidia_sdk/JetPack_6.2.2_Linux_JETSON_ORIN_NANO_TARGETS/Linux_for_Tegra/bootloader/signed/gpt_secondary_3_0.bin  /home/chuy/nvidia/nvidia_sdk/JetPack_6.2.2_Linux_JETSON_ORIN_NANO_TARGETS/Linux_for_Tegra/tools/kernel_flash/images/internal/gpt_secondary_3_0.bin
00:04:37.832 - Info: '/home/chuy/nvidia/nvidia_sdk/JetPack_6.2.2_Linux_JETSON_ORIN_NANO_TARGETS/Linux_for_Tegra/bootloader/signed/gpt_secondary_3_0.bin' -> '/home/chuy/nvidia/nvidia_sdk/JetPack_6.2.2_Linux_JETSON_ORIN_NANO_TARGETS/Linux_for_Tegra/tools/kernel_flash/images/internal/gpt_secondary_3_0.bin'
00:04:37.833 - Info: Generate image for external storage devices
00:04:37.833 - Info: /home/chuy/nvidia/nvidia_sdk/JetPack_6.2.2_Linux_JETSON_ORIN_NANO_TARGETS/Linux_for_Tegra/tools/kernel_flash/l4t_create_images_for_kernel_flash.sh: line 517: [: : integer expression expected
00:04:37.833 - Info: Generate images to be flashed
00:04:37.833 - Info: BOOTDEV=internal ADDITIONAL_DTB_OVERLAY="BootOrderNvme.dtbo"  /home/chuy/nvidia/nvidia_sdk/JetPack_6.2.2_Linux_JETSON_ORIN_NANO_TARGETS/Linux_for_Tegra/flash.sh --no-flash --sign --external-device -c "tools/kernel_flash/flash_l4t_t234_nvme.xml" -C nv-auto-config jetson-orin-nano-devkit internal
00:04:37.833 - Info: 
00:04:37.833 - Info: 
00:04:37.849 - Info: ###############################################################################
00:04:37.849 - Info: # L4T BSP Information:
00:04:37.849 - Info: # R36 , REVISION: 5.0
00:04:37.849 - Info: # User release: 0.0
00:04:37.849 - Info: ###############################################################################
00:04:37.853 - Info: ECID is 0x80012344705E01E35000000009FD8180
00:04:37.887 - Info: copying device_config(/home/chuy/nvidia/nvidia_sdk/JetPack_6.2.2_Linux_JETSON_ORIN_NANO_TARGETS/Linux_for_Tegra/bootloader/generic/BCT/tegra234-mb1-bct-device-p3767-0000.dts)... done.
00:04:37.890 - Info: copying misc_config(/home/chuy/nvidia/nvidia_sdk/JetPack_6.2.2_Linux_JETSON_ORIN_NANO_TARGETS/Linux_for_Tegra/bootloader/generic/BCT/tegra234-mb1-bct-misc-p3767-0000.dts)... done.
00:04:37.892 - Info: copying emc_fuse_dev_params(/home/chuy/nvidia/nvidia_sdk/JetPack_6.2.2_Linux_JETSON_ORIN_NANO_TARGETS/Linux_for_Tegra/bootloader/generic/BCT/tegra234-br-bct-diag-boot.dts)... done.
00:04:37.898 - Info: copying minratchet_config(/home/chuy/nvidia/nvidia_sdk/JetPack_6.2.2_Linux_JETSON_ORIN_NANO_TARGETS/Linux_for_Tegra/bootloader/generic/BCT/tegra234-mb1-bct-ratchet-p3767-0000.dts)... done.
00:04:37.904 - Info: Existing emcfuse(/home/chuy/nvidia/nvidia_sdk/JetPack_6.2.2_Linux_JETSON_ORIN_NANO_TARGETS/Linux_for_Tegra/bootloader/fuse_t234.xml) reused.
00:04:37.905 - Info: ./tegraflash.py --chip "0x23" --applet "/home/chuy/nvidia/nvidia_sdk/JetPack_6.2.2_Linux_JETSON_ORIN_NANO_TARGETS/Linux_for_Tegra/bootloader/mb1_t234_prod.bin" --skipuid --cfg readinfo_t234_min_prod.xml --dev_params tegra234-br-bct-diag-boot.dts --device_config tegra234-mb1-bct-device-p3767-0000.dts --misc_config tegra234-mb1-bct-misc-p3767-0000.dts --bins "mb2_applet applet_t234.bin" --minratchet_config tegra234-mb1-bct-ratchet-p3767-0000.dts --cmd "readfuses fuse_t234.bin fuse_t234.xml; dump eeprom cvm cvm.bin; dump try_custinfo custinfo_out.bin; reboot recovery" 
00:04:38.069 - Info: Welcome to Tegra Flash
00:04:38.069 - Info: version 1.0.0
00:04:38.069 - Info: Type ? or help for help and q or quit to exit
00:04:38.069 - Info: Use ! to execute system commands
00:04:38.069 - Info:  
00:04:38.069 - Info: [   0.0323 ] Reading fuses
00:04:38.069 - Info: [   0.0343 ] tegrasign_v3.py --key None --getmode mode.txt
00:04:38.069 - Info: [   0.0345 ] Assuming zero filled SBK key
00:04:38.069 - Info: [   0.0337 ] Pre-processing config: tegra234-mb1-bct-device-p3767-0000.dts
00:04:38.069 - Info: [   0.0424 ] Pre-processing config: tegra234-mb1-bct-misc-p3767-0000.dts
00:04:38.069 - Info: [   0.0575 ] Pre-processing config: tegra234-mb1-bct-ratchet-p3767-0000.dts
00:04:38.069 - Info: [   0.0680 ] Parsing partition layout
00:04:38.069 - Info: [   0.0688 ] tegraparser_v2 --pt readinfo_t234_min_prod.xml.tmp
00:04:38.069 - Info: [   0.0703 ] Kernel DTB used: None
00:04:38.069 - Info: [   0.0703 ] WARNING: dce base dtb is not provided
00:04:38.069 - Info: 
00:04:38.069 - Info: [   0.0703 ] Parsing partition layout
00:04:38.069 - Info: [   0.0708 ] tegraparser_v2 --pt readinfo_t234_min_prod.xml.tmp
00:04:38.069 - Info: [   0.0714 ] Creating list of images to be signed
00:04:38.069 - Info: [   0.0718 ] Generating ratchet blob
00:04:38.069 - Info: [   0.0718 ] Generating coldboot mb1-bct
00:04:38.069 - Info: [   0.0721 ] tegrabct_v2 --chip 0x23 0 --mb1bct mb1_cold_boot_bct.cfg --misc tegra234-mb1-bct-misc-p3767-0000_cpp.dtb --device tegra234-mb1-bct-device-p3767-0000_cpp.dtb --minratchet tegra234-mb1-bct-ratchet-p3767-0000_cpp.dtb --ratchet_blob ratchet_blob.bin
00:04:38.069 - Info: [   0.0725 ] MB1-BCT version: 0.13
00:04:38.072 - Info: 
00:04:38.078 - Info: [   0.0753 ] Parsing config file :tegra234-mb1-bct-device-p3767-0000_cpp.dtb 
00:04:38.078 - Info: [   0.0753 ] Added Platform Config 9 data with size :- 100
00:04:38.078 - Info: [   0.0753 ] 
00:04:38.078 - Info: [   0.0753 ] Parsing config file :tegra234-mb1-bct-ratchet-p3767-0000_cpp.dtb 
00:04:38.078 - Info: [   0.0753 ] 
00:04:38.078 - Info: [   0.0753 ] Updating mb1-bct with firmware information
00:04:38.078 - Info: [   0.0761 ] tegrabct_v2 --chip 0x23 0 --mb1bct mb1_cold_boot_bct_MB1.bct --updatefwinfo readinfo_t234_min_prod.xml.bin
00:04:38.078 - Info: [   0.0786 ] tegrahost_v2 --chip 0x23 0 --align mb1_cold_boot_bct_MB1_aligned.bct
00:04:38.078 - Info: [   0.0795 ] Generating SHA2 Hash for mb1bct
00:04:38.079 - Info: [   0.0828 ] Sha saved in mb1_cold_boot_bct_MB1_aligned.sha
00:04:38.080 - Info: [   0.0841 ] Sha saved in mb1_cold_boot_bct_MB1.sha
00:04:38.080 - Info: [   0.0838 ] tegrahost_v2 --chip 0x23 0 --magicid MBCT --ratchet_blob ratchet_blob.bin --appendsigheader mb1_cold_boot_bct_MB1_aligned.bct zerosbk
00:04:38.081 - Info: [   0.0842 ] adding BCH for mb1_cold_boot_bct_MB1_aligned.bct
00:04:38.084 - Info: [   0.0867 ] tegrasign_v3.py --key None --list mb1_cold_boot_bct_MB1_aligned_sigheader.bct_list.xml --pubkeyhash pub_key.key --sha sha512
00:04:38.084 - Info: [   0.0870 ] Assuming zero filled SBK key
00:04:38.087 - Info: [   0.0889 ] Warning: pub_key.key is not found
00:04:38.087 - Info: [   0.0887 ] tegrahost_v2 --chip 0x23 0 --updatesigheader mb1_cold_boot_bct_MB1_aligned_sigheader.bct.encrypt mb1_cold_boot_bct_MB1_aligned_sigheader.bct.hash zerosbk
00:04:38.087 - Info: [   0.0898 ] tegrahost_v2 --chip 0x23 0 --partitionlayout readinfo_t234_min_prod.xml.bin --ratchet_blob ratchet_blob.bin --list images_list.xml zerosbk
00:04:38.088 - Info: [   0.0903 ] MB1: Nvheader already present is mb1_t234_prod_aligned.bin
00:04:38.088 - Info: [   0.0915 ] Header already present for mb1_t234_prod_aligned_sigheader.bin
00:04:38.096 - Info: [   0.0920 ] MB1: Nvheader already present is mb1_t234_prod_aligned.bin
00:04:38.097 - Info: [   0.1004 ] Header already present for mb1_t234_prod_aligned_sigheader.bin
00:04:38.103 - Info: [   0.1008 ] MB1: Nvheader already present is psc_bl1_t234_prod_aligned.bin
00:04:38.103 - Info: [   0.1068 ] Header already present for psc_bl1_t234_prod_aligned_sigheader.bin
00:04:38.108 - Info: [   0.1070 ] adding BCH for mb2_t234_aligned.bin
00:04:38.125 - Info: [   0.1116 ] MB1: Nvheader already present is psc_bl1_t234_prod_aligned.bin
00:04:38.125 - Info: [   0.1280 ] Header already present for psc_bl1_t234_prod_aligned_sigheader.bin
00:04:38.129 - Info: [   0.1285 ] adding BCH for mb2_t234_aligned.bin
00:04:38.160 - Info: [   0.1499 ] Filling MB1 storage info
00:04:38.160 - Info: [   0.1499 ] Parsing dev params for multi chains
00:04:38.160 - Info: [   0.1579 ] Generating br-bct
00:04:38.160 - Info: [   0.1583 ] Updating dev and MSS params in BR BCT
00:04:38.160 - Info: [   0.1583 ] tegrabct_v2 --dev_param tegra234-br-bct-diag-boot_cpp.dtb --brbct br_bct.cfg --chip 0x23 0
00:04:38.160 - Info: [   0.1594 ] Updating bl info
00:04:38.160 - Info: [   0.1616 ] tegrabct_v2 --brbct br_bct_BR.bct --chip 0x23 0 --updateblinfo readinfo_t234_min_prod.xml.bin
00:04:38.160 - Info: [   0.1621 ] WARNING: boot chain is not completed. set to 0
00:04:38.163 - Info: [   0.1642 ] Generating signatures
00:04:38.163 - Info: [   0.1652 ] tegrasign_v3.py --key None --list images_list.xml --pubkeyhash pub_key.key --sha sha512
00:04:38.163 - Info: [   0.1655 ] Assuming zero filled SBK key
00:04:38.182 - Info: [   0.1829 ] Warning: pub_key.key is not found
00:04:38.182 - Info: [   0.1824 ] Parsing dev params for multi chains
00:04:38.182 - Info: [   0.1825 ] Generating br-bct
00:04:38.182 - Info: [   0.1831 ] Updating dev and MSS params in BR BCT
00:04:38.182 - Info: [   0.1833 ] tegrabct_v2 --dev_param tegra234-br-bct-diag-boot_cpp.dtb --brbct br_bct.cfg --chip 0x23 0
00:04:38.182 - Info: [   0.1842 ] Updating bl info
00:04:38.182 - Info: [   0.1846 ] tegrabct_v2 --brbct br_bct_BR.bct --chip 0x23 0 --updateblinfo readinfo_t234_min_prod.xml.bin --updatesig images_list_signed.xml
00:04:38.182 - Info: [   0.1849 ] WARNING: boot chain is not completed. set to 0
00:04:38.184 - Info: [   0.1868 ] Generating SHA2 Hash
00:04:38.189 - Info: [   0.1892 ] Sha saved in br_bct_BR.sha
00:04:38.189 - Info: [   0.1884 ] Get Signed section of bct
00:04:38.189 - Info: [   0.1890 ] tegrabct_v2 --brbct br_bct_BR.bct --chip 0x23 0 --listbct bct_list.xml
00:04:38.189 - Info: [   0.1900 ] Signing BCT
00:04:38.189 - Info: [   0.1910 ] tegrasign_v3.py --key None --list bct_list.xml --pubkeyhash pub_key.key --sha sha512
00:04:38.189 - Info: [   0.1912 ] Assuming zero filled SBK key
00:04:38.195 - Info: [   0.1954 ] Sha saved in br_bct_BR.sha
00:04:38.195 - Info: [   0.1961 ] Warning: pub_key.key is not found
00:04:38.195 - Info: [   0.1952 ] Updating BCT with signature
00:04:38.195 - Info: [   0.1961 ] tegrabct_v2 --brbct br_bct_BR.bct --chip 0x23 0 --updatesig bct_list_signed.xml
00:04:38.195 - Info: [   0.1974 ] Offset :4608 Len :3584
00:04:38.197 - Info: [   0.1990 ] Generating SHA2 Hash
00:04:38.197 - Info: [   0.2000 ] tegrasign_v3.py --key None --list bct_list.xml --sha sha512
00:04:38.197 - Info: [   0.2002 ] Assuming zero filled SBK key
00:04:38.197 - Info: [   0.2002 ] Assuming zero filled SBK key
00:04:38.200 - Info: [   0.2033 ] Sha saved in br_bct_BR.sha
00:04:38.200 - Info: [   0.2028 ] Updating BCT with SHA2 Hash
00:04:38.200 - Info: [   0.2033 ] tegrabct_v2 --brbct br_bct_BR.bct --chip 0x23 0 --updatesha bct_list_signed.xml
00:04:38.200 - Info: [   0.2037 ] Offset :4608 Len :3584
00:04:38.200 - Info: [   0.2043 ] Offset :68 Len :8124
00:04:38.202 - Info: [   0.2047 ] Generating coldboot mb1-bct
00:04:38.202 - Info: [   0.2051 ] tegrabct_v2 --chip 0x23 0 --mb1bct mb1_cold_boot_bct.cfg --misc tegra234-mb1-bct-misc-p3767-0000_cpp.dtb --device tegra234-mb1-bct-device-p3767-0000_cpp.dtb --minratchet tegra234-mb1-bct-ratchet-p3767-0000_cpp.dtb --ratchet_blob ratchet_blob.bin
00:04:38.202 - Info: [   0.2057 ] MB1-BCT version: 0.13
00:04:38.204 - Info: 
00:04:38.205 - Info: [   0.2076 ] Parsing config file :tegra234-mb1-bct-device-p3767-0000_cpp.dtb 
00:04:38.205 - Info: [   0.2080 ] Added Platform Config 9 data with size :- 100
00:04:38.211 - Info: [   0.2081 ] 
00:04:38.211 - Info: [   0.2081 ] Parsing config file :tegra234-mb1-bct-ratchet-p3767-0000_cpp.dtb 
00:04:38.211 - Info: [   0.2081 ] 
00:04:38.211 - Info: [   0.2082 ] Updating mb1-bct with firmware information
00:04:38.211 - Info: [   0.2091 ] tegrabct_v2 --chip 0x23 0 --mb1bct mb1_cold_boot_bct_MB1.bct --updatefwinfo readinfo_t234_min_prod.xml.bin
00:04:38.211 - Info: [   0.2110 ] tegrahost_v2 --chip 0x23 0 --align mb1_cold_boot_bct_MB1_aligned.bct
00:04:38.211 - Info: [   0.2125 ] Generating SHA2 Hash for mb1bct
00:04:38.215 - Info: [   0.2162 ] Sha saved in mb1_cold_boot_bct_MB1_aligned.sha
00:04:38.216 - Info: [   0.2187 ] Sha saved in mb1_cold_boot_bct_MB1.sha
00:04:38.216 - Info: [   0.2187 ] tegrahost_v2 --chip 0x23 0 --magicid MBCT --ratchet_blob ratchet_blob.bin --appendsigheader mb1_cold_boot_bct_MB1_aligned.bct zerosbk
00:04:38.216 - Info: [   0.2194 ] adding BCH for mb1_cold_boot_bct_MB1_aligned.bct
00:04:38.220 - Info: [   0.2218 ] tegrasign_v3.py --key None --list mb1_cold_boot_bct_MB1_aligned_sigheader.bct_list.xml --pubkeyhash pub_key.key --sha sha512
00:04:38.220 - Info: [   0.2221 ] Assuming zero filled SBK key
00:04:38.226 - Info: [   0.2254 ] Warning: pub_key.key is not found
00:04:38.226 - Info: [   0.2254 ] tegrahost_v2 --chip 0x23 0 --updatesigheader mb1_cold_boot_bct_MB1_aligned_sigheader.bct.encrypt mb1_cold_boot_bct_MB1_aligned_sigheader.bct.hash zerosbk
00:04:38.226 - Info: [   0.2271 ] Generating recovery mb1-bct
00:04:38.226 - Info: [   0.2289 ] tegrabct_v2 --chip 0x23 0 --mb1bct mb1_bct.cfg --misc tegra234-mb1-bct-misc-p3767-0000_cpp.dtb --device tegra234-mb1-bct-device-p3767-0000_cpp.dtb --minratchet tegra234-mb1-bct-ratchet-p3767-0000_cpp.dtb --ratchet_blob ratchet_blob.bin
00:04:38.226 - Info: [   0.2297 ] MB1-BCT version: 0.13
00:04:38.229 - Info: 
00:04:38.229 - Info: [   0.2324 ] Parsing config file :tegra234-mb1-bct-device-p3767-0000_cpp.dtb 
00:04:38.230 - Info: [   0.2330 ] Added Platform Config 9 data with size :- 100
00:04:38.233 - Info: [   0.2333 ] 
00:04:38.233 - Info: [   0.2333 ] Parsing config file :tegra234-mb1-bct-ratchet-p3767-0000_cpp.dtb 
00:04:38.233 - Info: [   0.2333 ] 
00:04:38.233 - Info: [   0.2333 ] Updating mb1-bct with firmware information
00:04:38.233 - Info: [   0.2341 ] tegrabct_v2 --chip 0x23 0 --mb1bct mb1_bct_MB1.bct --recov --updatefwinfo readinfo_t234_min_prod.xml.bin
00:04:38.233 - Info: [   0.2357 ] tegrahost_v2 --chip 0x23 0 --align mb1_bct_MB1_aligned.bct
00:04:38.233 - Info: [   0.2361 ] Generating SHA2 Hash for mb1bct
00:04:38.235 - Info: [   0.2383 ] Sha saved in mb1_bct_MB1_aligned.sha
00:04:38.236 - Info: [   0.2399 ] Sha saved in mb1_bct_MB1.sha
00:04:38.236 - Info: [   0.2396 ] tegrahost_v2 --chip 0x23 0 --magicid MBCT --ratchet_blob ratchet_blob.bin --appendsigheader mb1_bct_MB1_aligned.bct zerosbk
00:04:38.236 - Info: [   0.2400 ] adding BCH for mb1_bct_MB1_aligned.bct
00:04:38.239 - Info: [   0.2422 ] tegrasign_v3.py --key None --list mb1_bct_MB1_aligned_sigheader.bct_list.xml --pubkeyhash pub_key.key --sha sha512
00:04:38.239 - Info: [   0.2424 ] Assuming zero filled SBK key
00:04:38.253 - Info: [   0.2451 ] Warning: pub_key.key is not found
00:04:38.253 - Info: [   0.2453 ] tegrahost_v2 --chip 0x23 0 --updatesigheader mb1_bct_MB1_aligned_sigheader.bct.encrypt mb1_bct_MB1_aligned_sigheader.bct.hash zerosbk
00:04:38.253 - Info: [   0.2472 ] Info: Skip generating mem_bct because sdram_config is not defined
00:04:38.253 - Info: [   0.2473 ] Info: Skip generating mem_bct because sdram_config is not defined
00:04:38.253 - Info: [   0.2473 ] Copying signatures
00:04:38.253 - Info: [   0.2490 ] tegrahost_v2 --chip 0x23 0 --partitionlayout readinfo_t234_min_prod.xml.bin --updatesig images_list_signed.xml
00:04:38.253 - Info: [   0.2553 ] mb1_t234_prod_aligned_sigheader.bin.encrypt filename is from images_list
00:04:38.253 - Info: [   0.2554 ] psc_bl1_t234_prod_aligned_sigheader.bin.encrypt filename is from images_list
00:04:38.253 - Info: [   0.2554 ] Boot Rom communication
00:04:38.253 - Info: [   0.2559 ] tegrarcm_v2 --new_session --chip 0x23 0 --uid --download bct_br br_bct_BR.bct --download mb1 mb1_t234_prod_aligned_sigheader.bin.encrypt --download psc_bl1 psc_bl1_t234_prod_aligned_sigheader.bin.encrypt --download bct_mb1 mb1_bct_MB1_sigheader.bct.encrypt
00:04:38.254 - Info: [   0.2563 ] BR_CID: 0x80012344705E01E35000000009FD8180
00:04:38.254 - Info: [   0.2572 ] Sending bct_br
00:04:38.254 - Info: [   0.2573 ] Sending mb1
00:04:38.264 - Info: [   0.2579 ] Sending psc_bl1
00:04:38.268 - Info: [   0.2679 ] Sending bct_mb1
00:04:38.276 - Info: [   0.2738 ] Boot Rom communication completed
00:04:38.276 - Info: [   0.2746 ] tegrahost_v2 --chip 0x23 0 --align applet_t234_aligned.bin
00:04:38.276 - Info: [   0.2760 ] tegrahost_v2 --chip 0x23 0 --magicid MB2A --ratchet_blob ratchet_blob.bin --appendsigheader applet_t234_aligned.bin zerosbk
00:04:38.276 - Info: [   0.2766 ] adding BCH for applet_t234_aligned.bin
00:04:38.292 - Info: [   0.2929 ] tegrasign_v3.py --key None --list applet_t234_aligned_sigheader.bin_list.xml --pubkeyhash pub_key.key --sha sha512
00:04:38.292 - Info: [   0.2931 ] Assuming zero filled SBK key
00:04:38.498 - Info: [   0.2968 ] Warning: pub_key.key is not found
00:04:38.498 - Info: [   0.2969 ] tegrahost_v2 --chip 0x23 0 --updatesigheader applet_t234_aligned_sigheader.bin.encrypt applet_t234_aligned_sigheader.bin.hash zerosbk
00:04:38.498 - Info: [   0.3005 ] Sending mb2_applet...
00:04:38.498 - Info: 
00:04:38.498 - Info: [   0.3017 ] tegrarcm_v2 --chip 0x23 0 --pollbl --download applet applet_t234_sigheader.bin.encrypt
00:04:38.498 - Info: [   0.3021 ] BL: version 1.4.0.7-t234-54845784-56c609fa last_boot_error: 0
00:04:38.498 - Info: [   0.5018 ] Sending applet
00:04:38.782 - Info: [   0.6003 ] completed
00:04:38.782 - Info: [   0.6011 ] tegrarcm_v2 --chip 0x23 0 --ismb2applet
00:04:38.782 - Info: [   0.6018 ] MB2 Applet version 01.00.0000
00:04:38.786 - Info: [   0.7862 ] tegrarcm_v2 --chip 0x23 0 --ismb2applet
00:04:38.786 - Info: [   0.7873 ] MB2 Applet version 01.00.0000
00:04:38.788 - Info: [   0.7897 ] Parsing fuse info as per xml file
00:04:38.788 - Info: [   0.7911 ] tegraparser_v2 --chip 0x23 0 --get_fuse_names fuse_t234.xml read_fuse_names.txt
00:04:38.788 - Info: [   0.7916 ] MagicId=0x45535546 version=0x2
00:04:38.793 - Info: [   0.7920 ] trying to read fuse with MB2 Applet
00:04:38.793 - Info: [   0.7927 ] tegraparser_v2 --chip 0x23 0 --read_fusetype PublicKeyHash read_fuse.bin
00:04:38.793 - Info: [   0.7942 ] tegrarcm_v2 --oem readfuses __fuse_read_scatter.bin read_fuse.bin
00:04:38.794 - Info: [   0.7947 ] MB2 Applet version 01.00.0000
00:04:38.800 - Info: [   0.7974 ] Saved read fuses in file __fuse_read_scatter.bin
00:04:38.800 - Info: [   0.8035 ] Fuse read successful
00:04:38.806 - Info: [   0.8050 ] tegraparser_v2 --chip 0x23 0 --read_fusetype PkcPubkeyHash1 read_fuse.bin
00:04:38.806 - Info: [   0.8060 ] tegrarcm_v2 --oem readfuses __fuse_read_scatter.bin read_fuse.bin
00:04:38.806 - Info: [   0.8063 ] MB2 Applet version 01.00.0000
00:04:38.812 - Info: [   0.8101 ] Saved read fuses in file __fuse_read_scatter.bin
00:04:38.813 - Info: [   0.8160 ] Fuse read successful
00:04:38.818 - Info: [   0.8174 ] tegraparser_v2 --chip 0x23 0 --read_fusetype PkcPubkeyHash2 read_fuse.bin
00:04:38.818 - Info: [   0.8193 ] tegrarcm_v2 --oem readfuses __fuse_read_scatter.bin read_fuse.bin
00:04:38.818 - Info: [   0.8198 ] MB2 Applet version 01.00.0000
00:04:38.825 - Info: [   0.8224 ] Saved read fuses in file __fuse_read_scatter.bin
00:04:38.825 - Info: [   0.8284 ] Fuse read successful
00:04:38.832 - Info: [   0.8313 ] tegraparser_v2 --chip 0x23 0 --read_fusetype BootSecurityInfo read_fuse.bin
00:04:38.832 - Info: [   0.8328 ] tegrarcm_v2 --oem readfuses __fuse_read_scatter.bin read_fuse.bin
00:04:38.832 - Info: [   0.8331 ] MB2 Applet version 01.00.0000
00:04:38.838 - Info: [   0.8358 ] Saved read fuses in file __fuse_read_scatter.bin
00:04:38.839 - Info: [   0.8416 ] Fuse read successful
00:04:38.845 - Info: [   0.8432 ] tegraparser_v2 --chip 0x23 0 --read_fusetype ArmJtagDisable read_fuse.bin
00:04:38.845 - Info: [   0.8456 ] tegrarcm_v2 --oem readfuses __fuse_read_scatter.bin read_fuse.bin
00:04:38.845 - Info: [   0.8463 ] MB2 Applet version 01.00.0000
00:04:38.851 - Info: [   0.8490 ] Saved read fuses in file __fuse_read_scatter.bin
00:04:38.852 - Info: [   0.8550 ] Fuse read successful
00:04:38.856 - Info: [   0.8564 ] tegraparser_v2 --chip 0x23 0 --read_fusetype SecurityMode read_fuse.bin
00:04:38.856 - Info: [   0.8574 ] tegrarcm_v2 --oem readfuses __fuse_read_scatter.bin read_fuse.bin
00:04:38.856 - Info: [   0.8577 ] MB2 Applet version 01.00.0000
00:04:38.863 - Info: [   0.8603 ] Saved read fuses in file __fuse_read_scatter.bin
00:04:38.865 - Info: [   0.8670 ] Fuse read successful
00:04:38.869 - Info: [   0.8691 ] tegraparser_v2 --chip 0x23 0 --read_fusetype SwReserved read_fuse.bin
00:04:38.869 - Info: [   0.8706 ] tegrarcm_v2 --oem readfuses __fuse_read_scatter.bin read_fuse.bin
00:04:38.870 - Info: [   0.8710 ] MB2 Applet version 01.00.0000
00:04:38.877 - Info: [   0.8735 ] Saved read fuses in file __fuse_read_scatter.bin
00:04:38.882 - Info: [   0.8807 ] Fuse read successful
00:04:38.882 - Info: [   0.8808 ] 
00:04:38.882 - Info: [   0.8822 ] tegraparser_v2 --chip 0x23 0 --read_fusetype DebugAuthentication read_fuse.bin
00:04:38.882 - Info: [   0.8834 ] tegrarcm_v2 --oem readfuses __fuse_read_scatter.bin read_fuse.bin
00:04:38.882 - Info: [   0.8837 ] MB2 Applet version 01.00.0000
00:04:38.888 - Info: [   0.8862 ] Saved read fuses in file __fuse_read_scatter.bin
00:04:38.890 - Info: [   0.8923 ] Fuse read successful
00:04:38.896 - Info: [   0.8943 ] tegraparser_v2 --chip 0x23 0 --read_fusetype OdmInfo read_fuse.bin
00:04:38.896 - Info: [   0.8966 ] tegrarcm_v2 --oem readfuses __fuse_read_scatter.bin read_fuse.bin
00:04:38.897 - Info: [   0.8977 ] MB2 Applet version 01.00.0000
00:04:38.903 - Info: [   0.9005 ] Saved read fuses in file __fuse_read_scatter.bin
00:04:38.903 - Info: [   0.9065 ] Fuse read successful
00:04:38.910 - Info: [   0.9078 ] tegraparser_v2 --chip 0x23 0 --read_fusetype OdmId read_fuse.bin
00:04:38.910 - Info: [   0.9104 ] tegrarcm_v2 --oem readfuses __fuse_read_scatter.bin read_fuse.bin
00:04:38.910 - Info: [   0.9110 ] MB2 Applet version 01.00.0000
00:04:38.916 - Info: [   0.9138 ] Saved read fuses in file __fuse_read_scatter.bin
00:04:38.917 - Info: [   0.9204 ] Fuse read successful
00:04:38.922 - Info: [   0.9216 ] tegraparser_v2 --chip 0x23 0 --read_fusetype OdmLock read_fuse.bin
00:04:38.922 - Info: [   0.9227 ] tegrarcm_v2 --oem readfuses __fuse_read_scatter.bin read_fuse.bin
00:04:38.922 - Info: [   0.9231 ] MB2 Applet version 01.00.0000
00:04:38.928 - Info: [   0.9258 ] Saved read fuses in file __fuse_read_scatter.bin
00:04:38.929 - Info: [   0.9321 ] Fuse read successful
00:04:38.934 - Info: [   0.9333 ] tegraparser_v2 --chip 0x23 0 --read_fusetype ReservedOdm0 read_fuse.bin
00:04:38.934 - Info: [   0.9348 ] tegrarcm_v2 --oem readfuses __fuse_read_scatter.bin read_fuse.bin
00:04:38.934 - Info: [   0.9354 ] MB2 Applet version 01.00.0000
00:04:38.940 - Info: [   0.9380 ] Saved read fuses in file __fuse_read_scatter.bin
00:04:38.941 - Info: [   0.9440 ] Fuse read successful
00:04:38.948 - Info: [   0.9458 ] tegraparser_v2 --chip 0x23 0 --read_fusetype ReservedOdm1 read_fuse.bin
00:04:38.948 - Info: [   0.9483 ] tegrarcm_v2 --oem readfuses __fuse_read_scatter.bin read_fuse.bin
00:04:38.949 - Info: [   0.9491 ] MB2 Applet version 01.00.0000
00:04:38.954 - Info: [   0.9530 ] Saved read fuses in file __fuse_read_scatter.bin
00:04:38.955 - Info: [   0.9577 ] Fuse read successful
00:04:38.961 - Info: [   0.9599 ] tegraparser_v2 --chip 0x23 0 --read_fusetype ReservedOdm2 read_fuse.bin
00:04:38.961 - Info: [   0.9615 ] tegrarcm_v2 --oem readfuses __fuse_read_scatter.bin read_fuse.bin
00:04:38.961 - Info: [   0.9621 ] MB2 Applet version 01.00.0000
00:04:38.967 - Info: [   0.9650 ] Saved read fuses in file __fuse_read_scatter.bin
00:04:38.968 - Info: [   0.9708 ] Fuse read successful
00:04:38.972 - Info: [   0.9723 ] tegraparser_v2 --chip 0x23 0 --read_fusetype ReservedOdm3 read_fuse.bin
00:04:38.972 - Info: [   0.9733 ] tegrarcm_v2 --oem readfuses __fuse_read_scatter.bin read_fuse.bin
00:04:38.972 - Info: [   0.9736 ] MB2 Applet version 01.00.0000
00:04:38.978 - Info: [   0.9762 ] Saved read fuses in file __fuse_read_scatter.bin
00:04:38.979 - Info: [   0.9823 ] Fuse read successful
00:04:38.984 - Info: [   0.9835 ] tegraparser_v2 --chip 0x23 0 --read_fusetype ReservedOdm4 read_fuse.bin
00:04:38.984 - Info: [   0.9846 ] tegrarcm_v2 --oem readfuses __fuse_read_scatter.bin read_fuse.bin
00:04:38.984 - Info: [   0.9852 ] MB2 Applet version 01.00.0000
00:04:38.990 - Info: [   0.9878 ] Saved read fuses in file __fuse_read_scatter.bin
00:04:38.992 - Info: [   0.9940 ] Fuse read successful
00:04:38.998 - Info: [   0.9959 ] tegraparser_v2 --chip 0x23 0 --read_fusetype ReservedOdm5 read_fuse.bin
00:04:38.998 - Info: [   0.9982 ] tegrarcm_v2 --oem readfuses __fuse_read_scatter.bin read_fuse.bin
00:04:38.998 - Info: [   0.9991 ] MB2 Applet version 01.00.0000
00:04:39.004 - Info: [   1.0017 ] Saved read fuses in file __fuse_read_scatter.bin
00:04:39.004 - Info: [   1.0076 ] Fuse read successful
00:04:39.011 - Info: [   1.0092 ] tegraparser_v2 --chip 0x23 0 --read_fusetype ReservedOdm6 read_fuse.bin
00:04:39.011 - Info: [   1.0117 ] tegrarcm_v2 --oem readfuses __fuse_read_scatter.bin read_fuse.bin
00:04:39.011 - Info: [   1.0122 ] MB2 Applet version 01.00.0000
00:04:39.017 - Info: [   1.0150 ] Saved read fuses in file __fuse_read_scatter.bin
00:04:39.018 - Info: [   1.0209 ] Fuse read successful
00:04:39.022 - Info: [   1.0223 ] tegraparser_v2 --chip 0x23 0 --read_fusetype ReservedOdm7 read_fuse.bin
00:04:39.022 - Info: [   1.0234 ] tegrarcm_v2 --oem readfuses __fuse_read_scatter.bin read_fuse.bin
00:04:39.022 - Info: [   1.0237 ] MB2 Applet version 01.00.0000
00:04:39.029 - Info: [   1.0264 ] Saved read fuses in file __fuse_read_scatter.bin
00:04:39.029 - Info: [   1.0325 ] Fuse read successful
00:04:39.034 - Info: [   1.0340 ] tegraparser_v2 --chip 0x23 0 --read_fusetype Sku read_fuse.bin
00:04:39.034 - Info: [   1.0356 ] tegrarcm_v2 --oem readfuses __fuse_read_scatter.bin read_fuse.bin
00:04:39.035 - Info: [   1.0360 ] MB2 Applet version 01.00.0000
00:04:39.041 - Info: [   1.0385 ] Saved read fuses in file __fuse_read_scatter.bin
00:04:39.042 - Info: [   1.0444 ] Fuse read successful
00:04:39.048 - Info: [   1.0467 ] tegraparser_v2 --chip 0x23 0 --read_fusetype Uid read_fuse.bin
00:04:39.048 - Info: [   1.0488 ] tegrarcm_v2 --oem readfuses __fuse_read_scatter.bin read_fuse.bin
00:04:39.048 - Info: [   1.0493 ] MB2 Applet version 01.00.0000
00:04:39.054 - Info: [   1.0519 ] Saved read fuses in file __fuse_read_scatter.bin
00:04:39.055 - Info: [   1.0578 ] Fuse read successful
00:04:39.062 - Info: [   1.0595 ] tegraparser_v2 --chip 0x23 0 --read_fusetype OptEmcDisable read_fuse.bin
00:04:39.062 - Info: [   1.0624 ] tegrarcm_v2 --oem readfuses __fuse_read_scatter.bin read_fuse.bin
00:04:39.062 - Info: [   1.0629 ] MB2 Applet version 01.00.0000
00:04:39.068 - Info: [   1.0656 ] Saved read fuses in file __fuse_read_scatter.bin
00:04:39.069 - Info: [   1.0716 ] Fuse read successful
00:04:39.077 - Info: [   1.0766 ] tegrarcm_v2 --chip 0x23 0 --ismb2applet
00:04:39.077 - Info: [   1.0774 ] MB2 Applet version 01.00.0000
00:04:39.082 - Info: [   1.0816 ] Retrieving board information
00:04:39.082 - Info: [   1.0832 ] tegrarcm_v2 --chip 0x23 0 --oem platformdetails chip chip_info.bin
00:04:39.082 - Info: [   1.0837 ] MB2 Applet version 01.00.0000
00:04:39.088 - Info: [   1.0862 ] Saved platform info in chip_info.bin
00:04:39.088 - Info: [   1.0916 ] Chip minor revision: 1
00:04:39.088 - Info: [   1.0918 ] Bootrom revision: 0x7
00:04:39.088 - Info: [   1.0919 ] Ram code: 0x3
00:04:39.088 - Info: [   1.0920 ] Chip sku: 0xd5
00:04:39.088 - Info: [   1.0921 ] Chip Sample: prod
00:04:39.095 - Info: [   1.0928 ] Retrieving EEPROM data
00:04:39.095 - Info: [   1.0929 ] tegrarcm_v2 --oem platformdetails eeprom cvm /home/chuy/nvidia/nvidia_sdk/JetPack_6.2.2_Linux_JETSON_ORIN_NANO_TARGETS/Linux_for_Tegra/bootloader/cvm.bin --chip 0x23 0
00:04:39.095 - Info: [   1.0940 ] MB2 Applet version 01.00.0000
00:04:39.128 - Info: [   1.0983 ] Saved platform info in /home/chuy/nvidia/nvidia_sdk/JetPack_6.2.2_Linux_JETSON_ORIN_NANO_TARGETS/Linux_for_Tegra/bootloader/cvm.bin
00:04:39.138 - Info: [   1.1390 ] tegrarcm_v2 --chip 0x23 0 --ismb2applet
00:04:39.138 - Info: [   1.1396 ] MB2 Applet version 01.00.0000
00:04:39.143 - Info: [   1.1421 ] Dumping customer Info
00:04:39.143 - Info: [   1.1435 ] tegrarcm_v2 --chip 0x23 0 --oem dump bct tmp.bct
00:04:39.143 - Info: [   1.1444 ] MB2 Applet version 01.00.0000
00:04:39.163 - Info: [   1.1471 ] Saved bct in tmp.bct
00:04:39.166 - Info: [   1.1684 ] tegrabct_v2 --brbct tmp.bct --chip 0x23 0 --custinfo /home/chuy/nvidia/nvidia_sdk/JetPack_6.2.2_Linux_JETSON_ORIN_NANO_TARGETS/Linux_for_Tegra/bootloader/custinfo_out.bin
00:04:39.173 - Info: [   1.1689 ] C[   1.1695 ] ustomer data saved in /home/chuy/nvidia/nvidia_sdk/JetPack_6.2.2_Linux_JETSON_ORIN_NANO_TARGETS/Linux_for_Tegra/bootloader/custinfo_out.bin successfully
00:04:39.173 - Info: [   1.1696 ] Rebooting to recovery mode
00:04:39.173 - Info: [   1.1702 ] tegrarcm_v2 --chip 0x23 0 --ismb2
00:04:39.173 - Info: [   1.1735 ] tegrarcm_v2 --chip 0x23 0 --ismb2applet
00:04:39.173 - Info: [   1.1738 ] MB2 Applet version 01.00.0000
00:04:39.178 - Info: [   1.1764 ] Booting to recovery mode
00:04:39.178 - Info: [   1.1782 ] tegrarcm_v2 --chip 0x23 0 --reboot recovery
00:04:39.178 - Info: [   1.1788 ] MB2 Applet version 01.00.0000
00:04:41.243 - Info: Board ID(3767) version(301) sku(0003) revision(H.1)
00:04:41.243 - Info: Preset RAMCODE is 3
00:04:41.253 - Info: Chip SKU(00:00:00:D5) ramcode(3) fuselevel(fuselevel_production) board_FAB(301)
00:04:41.445 - Info: Copy /home/chuy/nvidia/nvidia_sdk/JetPack_6.2.2_Linux_JETSON_ORIN_NANO_TARGETS/Linux_for_Tegra/kernel/dtb/tegra234-p3768-0000+p3767-0003-nv.dtb to /home/chuy/nvidia/nvidia_sdk/JetPack_6.2.2_Linux_JETSON_ORIN_NANO_TARGETS/Linux_for_Tegra/kernel/dtb/tegra234-p3768-0000+p3767-0003-nv.dtb.rec
00:04:41.454 - Info: Generated UUID cc4226ab-f865-4421-9aa3-cb6ba6e55ce4 for mounting root APP_ext partition.
00:04:41.463 - Info: copying bctfile(/home/chuy/nvidia/nvidia_sdk/JetPack_6.2.2_Linux_JETSON_ORIN_NANO_TARGETS/Linux_for_Tegra/bootloader/generic/BCT/tegra234-p3767-0001-sdram-l4t.dts)... done.
00:04:41.465 - Info: copying minratchet_config(/home/chuy/nvidia/nvidia_sdk/JetPack_6.2.2_Linux_JETSON_ORIN_NANO_TARGETS/Linux_for_Tegra/bootloader/generic/BCT/tegra234-mb1-bct-ratchet-p3767-0000.dts)... done.
00:04:41.467 - Info: copying device_config(/home/chuy/nvidia/nvidia_sdk/JetPack_6.2.2_Linux_JETSON_ORIN_NANO_TARGETS/Linux_for_Tegra/bootloader/generic/BCT/tegra234-mb1-bct-device-p3767-0000.dts)... done.
00:04:41.469 - Info: copying misc_config(/home/chuy/nvidia/nvidia_sdk/JetPack_6.2.2_Linux_JETSON_ORIN_NANO_TARGETS/Linux_for_Tegra/bootloader/generic/BCT/tegra234-mb1-bct-misc-p3767-0000.dts)... done.
00:04:41.471 - Info: copying pinmux_config(/home/chuy/nvidia/nvidia_sdk/JetPack_6.2.2_Linux_JETSON_ORIN_NANO_TARGETS/Linux_for_Tegra/bootloader/generic/BCT/tegra234-mb1-bct-pinmux-p3767-dp-a03.dtsi)... done.
00:04:41.474 - Info: copying gpioint_config(/home/chuy/nvidia/nvidia_sdk/JetPack_6.2.2_Linux_JETSON_ORIN_NANO_TARGETS/Linux_for_Tegra/bootloader/generic/BCT/tegra234-mb1-bct-gpioint-p3767-0000.dts)... done.
00:04:41.477 - Info: copying pmic_config(/home/chuy/nvidia/nvidia_sdk/JetPack_6.2.2_Linux_JETSON_ORIN_NANO_TARGETS/Linux_for_Tegra/bootloader/generic/BCT/tegra234-mb1-bct-pmic-p3767-0000-a02.dts)... done.
00:04:41.479 - Info: copying pmc_config(/home/chuy/nvidia/nvidia_sdk/JetPack_6.2.2_Linux_JETSON_ORIN_NANO_TARGETS/Linux_for_Tegra/bootloader/generic/BCT/tegra234-mb1-bct-padvoltage-p3767-dp-a03.dtsi)... done.
00:04:41.481 - Info: copying deviceprod_config(/home/chuy/nvidia/nvidia_sdk/JetPack_6.2.2_Linux_JETSON_ORIN_NANO_TARGETS/Linux_for_Tegra/bootloader/generic/BCT/tegra234-mb1-bct-cprod-p3767-0000.dts)... done.
00:04:41.484 - Info: copying prod_config(/home/chuy/nvidia/nvidia_sdk/JetPack_6.2.2_Linux_JETSON_ORIN_NANO_TARGETS/Linux_for_Tegra/bootloader/generic/BCT/tegra234-mb1-bct-prod-p3767-0000.dts)... done.
00:04:41.486 - Info: copying scr_config(/home/chuy/nvidia/nvidia_sdk/JetPack_6.2.2_Linux_JETSON_ORIN_NANO_TARGETS/Linux_for_Tegra/bootloader/generic/BCT/tegra234-mb2-bct-scr-p3767-0000.dts)... done.
00:04:41.488 - Info: copying wb0sdram(/home/chuy/nvidia/nvidia_sdk/JetPack_6.2.2_Linux_JETSON_ORIN_NANO_TARGETS/Linux_for_Tegra/bootloader/generic/BCT/tegra234-p3767-0001-wb0sdram-l4t.dts)... done.
00:04:41.491 - Info: copying bootrom_config(/home/chuy/nvidia/nvidia_sdk/JetPack_6.2.2_Linux_JETSON_ORIN_NANO_TARGETS/Linux_for_Tegra/bootloader/generic/BCT/tegra234-mb1-bct-reset-p3767-0000.dts)... done.
00:04:41.496 - Info: Existing uphylane_config(/home/chuy/nvidia/nvidia_sdk/JetPack_6.2.2_Linux_JETSON_ORIN_NANO_TARGETS/Linux_for_Tegra/bootloader/tegra234-mb1-bct-uphylane-si.dtsi) reused.
00:04:41.498 - Info: copying dev_params(/home/chuy/nvidia/nvidia_sdk/JetPack_6.2.2_Linux_JETSON_ORIN_NANO_TARGETS/Linux_for_Tegra/bootloader/generic/BCT/tegra234-br-bct-p3767-0000-l4t.dts)... done.
00:04:41.503 - Info: copying dev_params_b(/home/chuy/nvidia/nvidia_sdk/JetPack_6.2.2_Linux_JETSON_ORIN_NANO_TARGETS/Linux_for_Tegra/bootloader/generic/BCT/tegra234-br-bct_b-p3767-0000-l4t.dts)... done.
00:04:41.508 - Info: copying mb2bct_cfg(/home/chuy/nvidia/nvidia_sdk/JetPack_6.2.2_Linux_JETSON_ORIN_NANO_TARGETS/Linux_for_Tegra/bootloader/generic/BCT/tegra234-mb2-bct-misc-p3767-0000.dts)... done.
00:04:41.514 - Info: Existing pscfwfile(/home/chuy/nvidia/nvidia_sdk/JetPack_6.2.2_Linux_JETSON_ORIN_NANO_TARGETS/Linux_for_Tegra/bootloader/pscfw_t234_prod.bin) reused.
00:04:41.518 - Info: Existing pscbl1file(/home/chuy/nvidia/nvidia_sdk/JetPack_6.2.2_Linux_JETSON_ORIN_NANO_TARGETS/Linux_for_Tegra/bootloader/psc_bl1_t234_prod.bin) reused.
00:04:41.523 - Info: Existing mtsmcefile(/home/chuy/nvidia/nvidia_sdk/JetPack_6.2.2_Linux_JETSON_ORIN_NANO_TARGETS/Linux_for_Tegra/bootloader/mce_flash_o10_cr_prod.bin) reused.
00:04:41.529 - Info: Existing tscfwfile(/home/chuy/nvidia/nvidia_sdk/JetPack_6.2.2_Linux_JETSON_ORIN_NANO_TARGETS/Linux_for_Tegra/bootloader/tsec_t234.bin) reused.
00:04:41.534 - Info: Existing mb2applet(/home/chuy/nvidia/nvidia_sdk/JetPack_6.2.2_Linux_JETSON_ORIN_NANO_TARGETS/Linux_for_Tegra/bootloader/applet_t234.bin) reused.
00:04:41.544 - Info: Existing bootloader(/home/chuy/nvidia/nvidia_sdk/JetPack_6.2.2_Linux_JETSON_ORIN_NANO_TARGETS/Linux_for_Tegra/bootloader/mb2_t234.bin) reused.
00:04:41.610 - Info: copying initrd(/home/chuy/nvidia/nvidia_sdk/JetPack_6.2.2_Linux_JETSON_ORIN_NANO_TARGETS/Linux_for_Tegra/bootloader/l4t_initrd.img)... done.
00:04:41.611 - Info: bl is uefi
00:04:42.444 - Info: Making Boot image... done.
00:04:42.447 - Info: Not signing of boot.img
00:04:42.448 - Info: Making recovery ramdisk for recovery image...
00:04:42.448 - Info: Re-generating recovery ramdisk for recovery image...
00:04:42.830 - Info: /home/chuy/nvidia/nvidia_sdk/JetPack_6.2.2_Linux_JETSON_ORIN_NANO_TARGETS/Linux_for_Tegra/bootloader/ramdisk_tmp /home/chuy/nvidia/nvidia_sdk/JetPack_6.2.2_Linux_JETSON_ORIN_NANO_TARGETS/Linux_for_Tegra/bootloader /home/chuy/nvidia/nvidia_sdk/JetPack_6.2.2_Linux_JETSON_ORIN_NANO_TARGETS/Linux_for_Tegra
00:04:42.996 - Info: 73771 blocks
00:04:43.408 - Info: _BASE_KERNEL_VERSION=5.15.185-tegra
00:04:55.485 - Info: 95490 blocks
00:04:55.569 - Info: Making Recovery image...
00:04:56.469 - Info: copying recdtbfile(/home/chuy/nvidia/nvidia_sdk/JetPack_6.2.2_Linux_JETSON_ORIN_NANO_TARGETS/Linux_for_Tegra/kernel/dtb/tegra234-p3768-0000+p3767-0003-nv.dtb.rec)... done.
00:04:56.471 - Info: 20+0 records in
00:04:56.472 - Info: 20+0 records out
00:04:56.472 - Info: 20 bytes copied, 0.000270458 s, 73.9 kB/s
00:04:56.506 - Info: Existing sosfile(/home/chuy/nvidia/nvidia_sdk/JetPack_6.2.2_Linux_JETSON_ORIN_NANO_TARGETS/Linux_for_Tegra/bootloader/mb1_t234_prod.bin) reused.
00:04:56.513 - Info: Existing tegraboot(/home/chuy/nvidia/nvidia_sdk/JetPack_6.2.2_Linux_JETSON_ORIN_NANO_TARGETS/Linux_for_Tegra/bootloader/mb2_t234.bin) reused.
00:04:56.519 - Info: Existing cpu_bootloader(/home/chuy/nvidia/nvidia_sdk/JetPack_6.2.2_Linux_JETSON_ORIN_NANO_TARGETS/Linux_for_Tegra/bootloader/mb2_t234.bin) reused.
00:04:56.527 - Info: Existing mb2blfile(/home/chuy/nvidia/nvidia_sdk/JetPack_6.2.2_Linux_JETSON_ORIN_NANO_TARGETS/Linux_for_Tegra/bootloader/mb2_t234.bin) reused.
00:04:56.532 - Info: Existing xusbfile(/home/chuy/nvidia/nvidia_sdk/JetPack_6.2.2_Linux_JETSON_ORIN_NANO_TARGETS/Linux_for_Tegra/bootloader/xusb_t234_prod.bin) reused.
00:04:56.547 - Info: Existing pvafile(/home/chuy/nvidia/nvidia_sdk/JetPack_6.2.2_Linux_JETSON_ORIN_NANO_TARGETS/Linux_for_Tegra/bootloader/nvpva_020.fw) reused.
00:04:56.615 - Info: Existing dcefile(/home/chuy/nvidia/nvidia_sdk/JetPack_6.2.2_Linux_JETSON_ORIN_NANO_TARGETS/Linux_for_Tegra/bootloader/display-t234-dce.bin) reused.
00:04:56.620 - Info: Existing nvdecfile(/home/chuy/nvidia/nvidia_sdk/JetPack_6.2.2_Linux_JETSON_ORIN_NANO_TARGETS/Linux_for_Tegra/bootloader/nvdec_t234_prod.fw) reused.
00:04:56.626 - Info: Existing psc_rf(/home/chuy/nvidia/nvidia_sdk/JetPack_6.2.2_Linux_JETSON_ORIN_NANO_TARGETS/Linux_for_Tegra/bootloader/psc_rf_t234_prod.bin) reused.
00:04:56.631 - Info: Existing mb2_rf(/home/chuy/nvidia/nvidia_sdk/JetPack_6.2.2_Linux_JETSON_ORIN_NANO_TARGETS/Linux_for_Tegra/bootloader/mb2rf_t234.bin) reused.
00:04:56.636 - Info: Existing mb1file(/home/chuy/nvidia/nvidia_sdk/JetPack_6.2.2_Linux_JETSON_ORIN_NANO_TARGETS/Linux_for_Tegra/bootloader/mb1_t234_prod.bin) reused.
00:04:56.646 - Info: Existing bpffile(/home/chuy/nvidia/nvidia_sdk/JetPack_6.2.2_Linux_JETSON_ORIN_NANO_TARGETS/Linux_for_Tegra/bootloader/bpmp_t234-TE950M-A1_prod.bin) reused.
00:04:56.648 - Info: copying bpfdtbfile(/home/chuy/nvidia/nvidia_sdk/JetPack_6.2.2_Linux_JETSON_ORIN_NANO_TARGETS/Linux_for_Tegra/bootloader/generic/tegra234-bpmp-3767-0003-3509-a02.dtb)... done.
00:04:56.655 - Info: Existing camerafw(/home/chuy/nvidia/nvidia_sdk/JetPack_6.2.2_Linux_JETSON_ORIN_NANO_TARGETS/Linux_for_Tegra/bootloader/camera-rtcpu-t234-rce.img) reused.
00:04:56.661 - Info: Existing apefile(/home/chuy/nvidia/nvidia_sdk/JetPack_6.2.2_Linux_JETSON_ORIN_NANO_TARGETS/Linux_for_Tegra/bootloader/adsp-fw.bin) reused.
00:04:56.666 - Info: Existing spefile(/home/chuy/nvidia/nvidia_sdk/JetPack_6.2.2_Linux_JETSON_ORIN_NANO_TARGETS/Linux_for_Tegra/bootloader/spe_t234.bin) reused.
00:04:56.671 - Info: Existing wb0boot(/home/chuy/nvidia/nvidia_sdk/JetPack_6.2.2_Linux_JETSON_ORIN_NANO_TARGETS/Linux_for_Tegra/bootloader/sc7_t234_prod.bin) reused.
00:04:56.685 - Info: Existing tosfile(/home/chuy/nvidia/nvidia_sdk/JetPack_6.2.2_Linux_JETSON_ORIN_NANO_TARGETS/Linux_for_Tegra/bootloader/tos-optee_t234.img) reused.
00:04:56.691 - Info: Existing eksfile(/home/chuy/nvidia/nvidia_sdk/JetPack_6.2.2_Linux_JETSON_ORIN_NANO_TARGETS/Linux_for_Tegra/bootloader/eks_t234.img) reused.
00:04:56.694 - Info: copying dtbfile(/home/chuy/nvidia/nvidia_sdk/JetPack_6.2.2_Linux_JETSON_ORIN_NANO_TARGETS/Linux_for_Tegra/kernel/dtb/tegra234-p3768-0000+p3767-0003-nv.dtb)... done.
00:04:56.697 - Info: Copying nv_boot_control.conf to rootfs
00:04:56.878 - Info: 	populating kernel to rootfs... done.
00:04:56.942 - Info: 	populating initrd to rootfs... done.
00:04:56.945 - Info: 	populating kernel_tegra234-p3768-0000+p3767-0003-nv.dtb to rootfs... done.
00:04:56.946 - Info: Making system.img... 
00:04:59.102 - Info: 	populating rootfs from /home/chuy/nvidia/nvidia_sdk/JetPack_6.2.2_Linux_JETSON_ORIN_NANO_TARGETS/Linux_for_Tegra/rootfs ... 	populating /boot/extlinux/extlinux.conf ... done.
00:06:23.673 - Info: 	Sync'ing system.img ... done.
00:06:31.208 - Info: 	Converting RAW image to Sparse image... done.
00:07:57.222 - Info: system.img built successfully. 
00:07:57.222 - Info: Not signing of kernel-dtb
00:07:57.247 - Info: Existing tbcfile(/home/chuy/nvidia/nvidia_sdk/JetPack_6.2.2_Linux_JETSON_ORIN_NANO_TARGETS/Linux_for_Tegra/bootloader/uefi_jetson.bin) reused.
00:07:57.270 - Info: Existing rcm_tbcfile(/home/chuy/nvidia/nvidia_sdk/JetPack_6.2.2_Linux_JETSON_ORIN_NANO_TARGETS/Linux_for_Tegra/bootloader/uefi_jetson.bin) reused.
00:07:57.286 - Info: Using esp partition size 67108864
00:07:57.291 - Info: Using esp sector size 512
00:07:57.580 - Info: 131072+0 records in
00:07:57.580 - Info: 131072+0 records out
00:07:57.580 - Info: 67108864 bytes (67 MB, 64 MiB) copied, 0.287828 s, 233 MB/s
00:07:57.586 - Info: Using "mkfs.vfat -I -F 32 -s 1 -S 512 /dev/loop8" to format esp.
00:07:59.925 - Info: 	Sync'ing esp.img ... done.
00:08:03.935 - Info: copying tbcdtbfile(/home/chuy/nvidia/nvidia_sdk/JetPack_6.2.2_Linux_JETSON_ORIN_NANO_TARGETS/Linux_for_Tegra/kernel/dtb/tegra234-p3768-0000+p3767-0003-nv.dtb)... done.
00:08:04.068 - Info: copying cfgfile(/home/chuy/nvidia/nvidia_sdk/JetPack_6.2.2_Linux_JETSON_ORIN_NANO_TARGETS/Linux_for_Tegra/tools/kernel_flash/flash_l4t_t234_nvme.xml) to flash.xml... done.
00:08:04.074 - Info: Existing flashapp(/home/chuy/nvidia/nvidia_sdk/JetPack_6.2.2_Linux_JETSON_ORIN_NANO_TARGETS/Linux_for_Tegra/bootloader/tegraflash.py) reused.
00:08:04.087 - Info: copying overlay_dtb(/home/chuy/nvidia/nvidia_sdk/JetPack_6.2.2_Linux_JETSON_ORIN_NANO_TARGETS/Linux_for_Tegra/kernel/dtb/L4TConfiguration.dtbo)... done.
00:08:04.093 - Info: copying overlay_dtb(/home/chuy/nvidia/nvidia_sdk/JetPack_6.2.2_Linux_JETSON_ORIN_NANO_TARGETS/Linux_for_Tegra/kernel/dtb/tegra234-carveouts.dtbo)... done.
00:08:04.102 - Info: copying overlay_dtb(/home/chuy/nvidia/nvidia_sdk/JetPack_6.2.2_Linux_JETSON_ORIN_NANO_TARGETS/Linux_for_Tegra/kernel/dtb/tegra-optee.dtbo)... done.
00:08:04.109 - Info: copying overlay_dtb(/home/chuy/nvidia/nvidia_sdk/JetPack_6.2.2_Linux_JETSON_ORIN_NANO_TARGETS/Linux_for_Tegra/kernel/dtb/tegra234-p3768-0000+p3767-0000-dynamic.dtbo)... done.
00:08:04.117 - Info: copying overlay_dtb(/home/chuy/nvidia/nvidia_sdk/JetPack_6.2.2_Linux_JETSON_ORIN_NANO_TARGETS/Linux_for_Tegra/kernel/dtb/BootOrderNvme.dtbo)... done.
00:08:04.121 - Info: /home/chuy/nvidia/nvidia_sdk/JetPack_6.2.2_Linux_JETSON_ORIN_NANO_TARGETS/Linux_for_Tegra/bootloader/L4TConfiguration_updated.dts: Warning (unit_address_vs_reg): Node /fragment@0 has a unit name, but no reg property
00:08:04.127 - Info: /home/chuy/nvidia/nvidia_sdk/JetPack_6.2.2_Linux_JETSON_ORIN_NANO_TARGETS/Linux_for_Tegra/bootloader/L4TConfiguration.dtbo: Warning (unit_address_vs_reg): Node /fragment@0 has a unit name, but no reg property
00:08:04.145 - Info: ./tegraflash.py --bl uefi_jetson_with_dtb.bin --odmdata gbe-uphy-config-8,hsstp-lane-map-3,hsio-uphy-config-0 --overlay_dtb L4TConfiguration.dtbo,tegra234-carveouts.dtbo,tegra-optee.dtbo,tegra234-p3768-0000+p3767-0000-dynamic.dtbo,BootOrderNvme.dtbo --bldtb tegra234-p3768-0000+p3767-0003-nv.dtb --applet mb1_t234_prod.bin --cmd "sign" --cfg flash.xml --chip "0x23" --concat_cpubl_bldtb --cpubl uefi_jetson.bin --cpubl_rcm uefi_jetson.bin --minratchet_config tegra234-mb1-bct-ratchet-p3767-0000.dts --device_config tegra234-mb1-bct-device-p3767-0000.dts --misc_config tegra234-mb1-bct-misc-p3767-0000.dts --pinmux_config tegra234-mb1-bct-pinmux-p3767-dp-a03.dtsi --gpioint_config tegra234-mb1-bct-gpioint-p3767-0000.dts --pmic_config tegra234-mb1-bct-pmic-p3767-0000-a02.dts --pmc_config tegra234-mb1-bct-padvoltage-p3767-dp-a03.dtsi --deviceprod_config tegra234-mb1-bct-cprod-p3767-0000.dts --prod_config tegra234-mb1-bct-prod-p3767-0000.dts --scr_config tegra234-mb2-bct-scr-p3767-0000.dts --wb0sdram_config tegra234-p3767-0001-wb0sdram-l4t.dts --br_cmd_config tegra234-mb1-bct-reset-p3767-0000.dts --uphy tegra234-mb1-bct-uphylane-si.dtsi --dev_params tegra234-br-bct-p3767-0000-l4t.dts,tegra234-br-bct_b-p3767-0000-l4t.dts --mb2bct_cfg tegra234-mb2-bct-misc-p3767-0000.dts --bins "psc_fw pscfw_t234_prod.bin; mts_mce mce_flash_o10_cr_prod.bin; tsec_fw tsec_t234.bin; mb2_applet applet_t234.bin; mb2_bootloader mb2_t234.bin; xusb_fw xusb_t234_prod.bin; pva_fw nvpva_020.fw; dce_fw display-t234-dce.bin; nvdec nvdec_t234_prod.fw; bpmp_fw bpmp_t234-TE950M-A1_prod.bin; bpmp_fw_dtb tegra234-bpmp-3767-0003-3509-a02.dtb; rce_fw camera-rtcpu-t234-rce.img; ape_fw adsp-fw.bin; spe_fw spe_t234.bin; tos tos-optee_t234.img; eks eks_t234.img" --sdram_config tegra234-p3767-0001-sdram-l4t.dts --cust_info custinfo_out.bin --external_device --boot_chain A --ramcode 3 
00:08:09.623 - Info: Welcome to Tegra Flash
00:08:09.623 - Info: version 1.0.0
00:08:09.623 - Info: Type ? or help for help and q or quit to exit
00:08:09.623 - Info: Use ! to execute system commands
00:08:09.623 - Info:  
00:08:09.623 - Info: [   0.0397 ] tegrasign_v3.py --key None --getmode mode.txt
00:08:09.623 - Info: [   0.0399 ] Assuming zero filled SBK key
00:08:09.623 - Info: [   0.0386 ] Parsing partition layout
00:08:09.623 - Info: [   0.0398 ] tegraparser_v2 --pt flash.xml.tmp
00:08:09.623 - Info: [   0.1303 ] /usr/bin/python3 dtbcheck.py -c t234 -o tegra234-bpmp-3767-0003-3509-a02_with_odm.dtb tegra234-bpmp-3767-0003-3509-a02_with_odm_tmp.dtb
00:08:09.623 - Info: [   0.5449 ] Concatenating L4TConfiguration.dtbo,tegra234-carveouts.dtbo,tegra-optee.dtbo,tegra234-p3768-0000+p3767-0000-dynamic.dtbo,BootOrderNvme.dtbo to tegra234-p3768-0000+p3767-0003-nv_with_odm_overlay.dtb.updated
00:08:09.623 - Info: [   0.5453 ] Concatenating bl dtb to cpubl binary
00:08:09.623 - Info: [   0.5487 ] Concatenating bl dtb:(tegra234-p3768-0000+p3767-0003-nv_with_odm_overlay.dtb.updated), to cpubl binary: uefi_jetson.bin
00:08:09.623 - Info: [   0.5522 ] Kernel DTB used: kernel_tegra234-p3768-0000+p3767-0003-nv.dtb
00:08:09.623 - Info: [   0.5522 ] Parsing partition layout
00:08:09.623 - Info: [   0.5527 ] tegraparser_v2 --pt flash.xml.tmp
00:08:09.623 - Info: [   0.5534 ] Creating list of images to be signed
00:08:09.623 - Info: [   0.5609 ] Generating ratchet blob
00:08:09.623 - Info: [   0.5609 ] Pre-processing config: tegra234-mb1-bct-reset-p3767-0000.dts
00:08:09.623 - Info: [   0.5700 ] Pre-processing config: tegra234-mb1-bct-device-p3767-0000.dts
00:08:09.623 - Info: [   0.5824 ] Pre-processing config: tegra234-mb1-bct-cprod-p3767-0000.dts
00:08:09.623 - Info: [   0.5914 ] Pre-processing config: tegra234-mb1-bct-gpioint-p3767-0000.dts
00:08:09.623 - Info: [   0.6020 ] Pre-processing config: tegra234-mb1-bct-misc-p3767-0000.dts
00:08:09.624 - Info: [   0.6186 ] Pre-processing config: tegra234-mb1-bct-pinmux-p3767-dp-a03.dtsi
00:08:09.624 - Info: [   0.6375 ] Pre-processing config: tegra234-mb1-bct-padvoltage-p3767-dp-a03.dtsi
00:08:09.624 - Info: [   0.6491 ] Pre-processing config: tegra234-mb1-bct-pmic-p3767-0000-a02.dts
00:08:09.624 - Info: [   0.6586 ] Pre-processing config: tegra234-mb1-bct-prod-p3767-0000.dts
00:08:09.624 - Info: [   0.6683 ] Pre-processing config: tegra234-mb2-bct-scr-p3767-0000.dts
00:08:09.624 - Info: [   1.6200 ] Pre-processing config: tegra234-p3767-0001-sdram-l4t.dts
00:08:09.624 - Info: [   3.4518 ] Pre-processing config: tegra234-mb1-bct-uphylane-si.dtsi
00:08:09.624 - Info: [   3.4609 ] Pre-processing config: tegra234-p3767-0001-wb0sdram-l4t.dts
00:08:09.624 - Info: [   5.3349 ] Pre-processing config: tegra234-mb1-bct-ratchet-p3767-0000.dts
00:08:09.624 - Info: [   5.3470 ] Generating coldboot mb1-bct
00:08:09.624 - Info: [   5.3478 ] tegrabct_v2 --chip 0x23 0 --mb1bct mb1_cold_boot_bct.cfg --misc tegra234-mb1-bct-misc-p3767-0000_cpp.dtb --wb0sdram tegra234-p3767-0001-wb0sdram-l4t_cpp.dtb --pinmux tegra234-mb1-bct-pinmux-p3767-dp-a03_cpp.dtb --pmc tegra234-mb1-bct-padvoltage-p3767-dp-a03_cpp.dtb --pmic tegra234-mb1-bct-pmic-p3767-0000-a02_cpp.dtb --brcommand tegra234-mb1-bct-reset-p3767-0000_cpp.dtb --prod tegra234-mb1-bct-prod-p3767-0000_cpp.dtb --gpioint tegra234-mb1-bct-gpioint-p3767-0000_cpp.dtb --uphy tegra234-mb1-bct-uphylane-si_cpp.dtb --device tegra234-mb1-bct-device-p3767-0000_cpp.dtb --deviceprod tegra234-mb1-bct-cprod-p3767-0000_cpp.dtb --minratchet tegra234-mb1-bct-ratchet-p3767-0000_cpp.dtb --ratchet_blob ratchet_blob.bin
00:08:09.624 - Info: [   5.3484 ] MB1-BCT version: 0.13
00:08:09.625 - Info: 
00:08:09.626 - Info: [   5.3506 ] Parsing config file :tegra234-mb1-bct-pinmux-p3767-dp-a03_cpp.dtb 
00:08:09.628 - Info: [   5.3511 ] Added Platform Config 0 data with size :- 2416
00:08:09.628 - Info: 
00:08:09.628 - Info: [   5.3535 ] Parsing config file :tegra234-mb1-bct-padvoltage-p3767-dp-a03_cpp.dtb 
00:08:09.629 - Info: [   5.3539 ] WARNING: unknown node 'g2'
00:08:09.629 - Info: [   5.3540 ] WARNING: unknown node 'g2'
00:08:09.629 - Info: [   5.3542 ] WARNING: unknown node 'g9'
00:08:09.629 - Info: [   5.3543 ] WARNING: unknown node 'g9'
00:08:09.639 - Info: [   5.3546 ] Added Platform Config 2 data with size :- 24
00:08:09.639 - Info: [   5.3546 ] 
00:08:09.639 - Info: [   5.3546 ] Parsing config file :tegra234-mb1-bct-pmic-p3767-0000-a02_cpp.dtb 
00:08:09.639 - Info: [   5.3546 ] Added Platform Config 4 data with size :- 288
00:08:09.639 - Info: [   5.3546 ] 
00:08:09.639 - Info: [   5.3546 ] Parsing config file :tegra234-mb1-bct-reset-p3767-0000_cpp.dtb 
00:08:09.639 - Info: [   5.3546 ] Added Platform Config 3 data with size :- 52
00:08:09.639 - Info: [   5.3546 ] 
00:08:09.639 - Info: [   5.3546 ] Parsing config file :tegra234-mb1-bct-prod-p3767-0000_cpp.dtb 
00:08:09.639 - Info: [   5.3546 ] WARNING: unknown property 'major'
00:08:09.639 - Info: [   5.3546 ] WARNING: unknown property 'minor'
00:08:09.639 - Info: [   5.3546 ] Added Platform Config 5 data with size :- 512
00:08:09.639 - Info: [   5.3546 ] 
00:08:09.639 - Info: [   5.3546 ] Parsing config file :tegra234-mb1-bct-gpioint-p3767-0000_cpp.dtb 
00:08:09.639 - Info: [   5.3546 ] WARNING: unknown property 'major'
00:08:09.639 - Info: [   5.3546 ] WARNING: unknown property 'minor'
00:08:09.639 - Info: [   5.3546 ] Added Platform Config 7 data with size :- 380
00:08:09.639 - Info: [   5.3546 ] 
00:08:09.639 - Info: [   5.3546 ] Parsing config file :tegra234-mb1-bct-uphylane-si_cpp.dtb 
00:08:09.639 - Info: [   5.3546 ] Added Platform Config 8 data with size :- 24
00:08:09.639 - Info: [   5.3546 ] 
00:08:09.639 - Info: [   5.3546 ] Parsing config file :tegra234-mb1-bct-device-p3767-0000_cpp.dtb 
00:08:09.639 - Info: [   5.3546 ] Added Platform Config 9 data with size :- 100
00:08:09.639 - Info: [   5.3546 ] 
00:08:09.639 - Info: [   5.3546 ] Parsing config file :tegra234-mb1-bct-cprod-p3767-0000_cpp.dtb 
00:08:09.639 - Info: [   5.3546 ] ModuleCount 0 NumProdNames 0
00:08:09.639 - Info: [   5.3546 ] Added Platform Config 6 data with size :- 16
00:08:09.639 - Info: [   5.3546 ] 
00:08:09.639 - Info: [   5.3546 ] Parsing config file :tegra234-mb1-bct-ratchet-p3767-0000_cpp.dtb 
00:08:09.639 - Info: [   5.3546 ] 
00:08:09.639 - Info: [   5.3546 ] Updating mb1-bct with firmware information
00:08:09.639 - Info: [   5.3570 ] tegrabct_v2 --chip 0x23 0 --mb1bct mb1_cold_boot_bct_MB1.bct --updatefwinfo flash.xml.bin
00:08:09.639 - Info: [   5.3601 ] tegrahost_v2 --chip 0x23 0 --align mb1_cold_boot_bct_MB1_aligned.bct
00:08:09.639 - Info: [   5.3614 ] Generating SHA2 Hash for mb1bct
00:08:09.641 - Info: [   5.3657 ] Sha saved in mb1_cold_boot_bct_MB1_aligned.sha
00:08:09.643 - Info: [   5.3683 ] Sha saved in mb1_cold_boot_bct_MB1.sha
00:08:09.643 - Info: [   5.3678 ] tegrahost_v2 --chip 0x23 0 --magicid MBCT --ratchet_blob ratchet_blob.bin --appendsigheader mb1_cold_boot_bct_MB1_aligned.bct zerosbk
00:08:09.643 - Info: [   5.3683 ] adding BCH for mb1_cold_boot_bct_MB1_aligned.bct
00:08:09.647 - Info: [   5.3710 ] tegrasign_v3.py --key None --list mb1_cold_boot_bct_MB1_aligned_sigheader.bct_list.xml --pubkeyhash pub_key.key --sha sha512
00:08:09.647 - Info: [   5.3713 ] Assuming zero filled SBK key
00:08:10.211 - Info: [   5.3737 ] Warning: pub_key.key is not found
00:08:10.211 - Info: [   5.3736 ] tegrahost_v2 --chip 0x23 0 --updatesigheader mb1_cold_boot_bct_MB1_aligned_sigheader.bct.encrypt mb1_cold_boot_bct_MB1_aligned_sigheader.bct.hash zerosbk
00:08:10.211 - Info: [   5.3760 ] tegrahost_v2 --chip 0x23 0 --partitionlayout flash.xml.bin --ratchet_blob ratchet_blob.bin --list images_list.xml zerosbk
00:08:10.211 - Info: [   5.3780 ] Filling MB1 storage info
00:08:10.211 - Info: [   5.3781 ] Parsing dev params for multi chains
00:08:10.211 - Info: [   5.3883 ] Generating br-bct
00:08:10.211 - Info: [   5.3892 ] Updating dev and MSS params in BR BCT
00:08:10.211 - Info: [   5.3892 ] tegrabct_v2 --dev_param tegra234-br-bct-p3767-0000-l4t_cpp.dtb --sdram tegra234-p3767-0001-sdram-l4t_cpp.dtb --brbct br_bct.cfg --chip 0x23 0
00:08:10.211 - Info: [   5.5574 ] Updating bl info
00:08:10.211 - Info: [   5.5580 ] tegrabct_v2 --brbct br_bct_BR.bct --chip 0x23 0 --updateblinfo flash.xml.bin
00:08:10.211 - Info: [   5.5805 ] Generating br-bct
00:08:10.211 - Info: [   5.5812 ] Updating dev and MSS params in BR BCT
00:08:10.211 - Info: [   5.5812 ] tegrabct_v2 --dev_param tegra234-br-bct_b-p3767-0000-l4t_cpp.dtb --sdram tegra234-p3767-0001-sdram-l4t_cpp.dtb --brbct br_bct.cfg --chip 0x23 0
00:08:10.211 - Info: [   5.7677 ] Updating bl info
00:08:10.211 - Info: [   5.7682 ] tegrabct_v2 --brbct br_bct_BR.bct --chip 0x23 0 --updateblinfo flash.xml.bin
00:08:10.211 - Info: [   5.7690 ] Generating signatures
00:08:10.211 - Info: [   5.7705 ] tegrasign_v3.py --key None --list images_list.xml --pubkeyhash pub_key.key --sha sha512
00:08:10.211 - Info: [   5.7706 ] Assuming zero filled SBK key
00:08:10.211 - Info: [   5.7708 ] Warning: pub_key.key is not found
00:08:10.211 - Info: [   5.7695 ] Parsing dev params for multi chains
00:08:10.211 - Info: [   5.7695 ] Generating br-bct
00:08:10.211 - Info: [   5.7699 ] Updating dev and MSS params in BR BCT
00:08:10.211 - Info: [   5.7699 ] tegrabct_v2 --dev_param tegra234-br-bct-p3767-0000-l4t_cpp.dtb --sdram tegra234-p3767-0001-sdram-l4t_cpp.dtb --brbct br_bct.cfg --chip 0x23 0
00:08:10.211 - Info: [   5.9326 ] Updating customer data section
00:08:10.211 - Info: [   5.9331 ] tegrabct_v2 --chip 0x23 0 --brbct br_bct_BR.bct --update_custinfo custinfo_out.bin
00:08:10.211 - Info: [   5.9340 ] Updating bl info
00:08:10.211 - Info: [   5.9344 ] tegrabct_v2 --brbct br_bct_BR.bct --chip 0x23 0 --updateblinfo flash.xml.bin --updatesig images_list_signed.xml
00:08:10.211 - Info: [   5.9352 ] Generating SHA2 Hash
00:08:10.217 - Info: [   5.9376 ] Sha saved in br_bct_BR.sha
00:08:10.217 - Info: [   5.9362 ] Get Signed section of bct
00:08:10.217 - Info: [   5.9367 ] tegrabct_v2 --brbct br_bct_BR.bct --chip 0x23 0 --listbct bct_list.xml
00:08:10.217 - Info: [   5.9380 ] Signing BCT
00:08:10.217 - Info: [   5.9395 ] tegrasign_v3.py --key None --list bct_list.xml --pubkeyhash pub_key.key --sha sha512
00:08:10.217 - Info: [   5.9398 ] Assuming zero filled SBK key
00:08:10.221 - Info: [   5.9470 ] Sha saved in br_bct_BR.sha
00:08:10.222 - Info: [   5.9474 ] Warning: pub_key.key is not found
00:08:10.222 - Info: [   5.9460 ] Updating BCT with signature
00:08:10.222 - Info: [   5.9463 ] tegrabct_v2 --brbct br_bct_BR.bct --chip 0x23 0 --updatesig bct_list_signed.xml
00:08:10.222 - Info: [   5.9466 ] Offset :4608 Len :3584
00:08:10.224 - Info: [   5.9472 ] Generating SHA2 Hash
00:08:10.224 - Info: [   5.9487 ] tegrasign_v3.py --key None --list bct_list.xml --sha sha512
00:08:10.224 - Info: [   5.9488 ] Assuming zero filled SBK key
00:08:10.224 - Info: [   5.9488 ] Assuming zero filled SBK key
00:08:10.227 - Info: [   5.9523 ] Sha saved in br_bct_BR.sha
00:08:10.227 - Info: [   5.9511 ] Updating BCT with SHA2 Hash
00:08:10.227 - Info: [   5.9515 ] tegrabct_v2 --brbct br_bct_BR.bct --chip 0x23 0 --updatesha bct_list_signed.xml
00:08:10.227 - Info: [   5.9518 ] Offset :4608 Len :3584
00:08:10.227 - Info: [   5.9523 ] Offset :68 Len :8124
00:08:10.389 - Info: [   5.9526 ] Generating br-bct
00:08:10.389 - Info: [   5.9531 ] Updating dev and MSS params in BR BCT
00:08:10.389 - Info: [   5.9532 ] tegrabct_v2 --dev_param tegra234-br-bct_b-p3767-0000-l4t_cpp.dtb --sdram tegra234-p3767-0001-sdram-l4t_cpp.dtb --brbct br_bct.cfg --chip 0x23 0
00:08:10.389 - Info: [   6.1089 ] Updating customer data section
00:08:10.389 - Info: [   6.1102 ] tegrabct_v2 --chip 0x23 0 --brbct br_bct_BR.bct --update_custinfo custinfo_out.bin
00:08:10.389 - Info: [   6.1123 ] Updating bl info
00:08:10.389 - Info: [   6.1127 ] tegrabct_v2 --brbct br_bct_BR.bct --chip 0x23 0 --updateblinfo flash.xml.bin --updatesig images_list_signed.xml
00:08:10.389 - Info: [   6.1135 ] Generating SHA2 Hash
00:08:10.393 - Info: [   6.1162 ] Sha saved in br_bct_BR.sha
00:08:10.393 - Info: [   6.1150 ] Get Signed section of bct
00:08:10.393 - Info: [   6.1159 ] tegrabct_v2 --brbct br_bct_BR.bct --chip 0x23 0 --listbct bct_list.xml
00:08:10.393 - Info: [   6.1170 ] Signing BCT
00:08:10.393 - Info: [   6.1185 ] tegrasign_v3.py --key None --list bct_list.xml --pubkeyhash pub_key.key --sha sha512
00:08:10.393 - Info: [   6.1187 ] Assuming zero filled SBK key
00:08:10.396 - Info: [   6.1211 ] Sha saved in br_bct_BR.sha
00:08:10.396 - Info: [   6.1214 ] Warning: pub_key.key is not found
00:08:10.396 - Info: [   6.1200 ] Updating BCT with signature
00:08:10.396 - Info: [   6.1204 ] tegrabct_v2 --brbct br_bct_BR.bct --chip 0x23 0 --updatesig bct_list_signed.xml
00:08:10.396 - Info: [   6.1207 ] Offset :4608 Len :3584
00:08:10.399 - Info: [   6.1212 ] Generating SHA2 Hash
00:08:10.399 - Info: [   6.1227 ] tegrasign_v3.py --key None --list bct_list.xml --sha sha512
00:08:10.399 - Info: [   6.1230 ] Assuming zero filled SBK key
00:08:10.399 - Info: [   6.1230 ] Assuming zero filled SBK key
00:08:10.405 - Info: [   6.1287 ] Sha saved in br_bct_BR.sha
00:08:10.405 - Info: [   6.1283 ] Updating BCT with SHA2 Hash
00:08:10.405 - Info: [   6.1293 ] tegrabct_v2 --brbct br_bct_BR.bct --chip 0x23 0 --updatesha bct_list_signed.xml
00:08:10.405 - Info: [   6.1298 ] Offset :4608 Len :3584
00:08:10.405 - Info: [   6.1302 ] Offset :68 Len :8124
00:08:10.407 - Info: [   6.1305 ] Generating coldboot mb1-bct
00:08:10.407 - Info: [   6.1310 ] tegrabct_v2 --chip 0x23 0 --mb1bct mb1_cold_boot_bct.cfg --misc tegra234-mb1-bct-misc-p3767-0000_cpp.dtb --wb0sdram tegra234-p3767-0001-wb0sdram-l4t_cpp.dtb --pinmux tegra234-mb1-bct-pinmux-p3767-dp-a03_cpp.dtb --pmc tegra234-mb1-bct-padvoltage-p3767-dp-a03_cpp.dtb --pmic tegra234-mb1-bct-pmic-p3767-0000-a02_cpp.dtb --brcommand tegra234-mb1-bct-reset-p3767-0000_cpp.dtb --prod tegra234-mb1-bct-prod-p3767-0000_cpp.dtb --gpioint tegra234-mb1-bct-gpioint-p3767-0000_cpp.dtb --uphy tegra234-mb1-bct-uphylane-si_cpp.dtb --device tegra234-mb1-bct-device-p3767-0000_cpp.dtb --deviceprod tegra234-mb1-bct-cprod-p3767-0000_cpp.dtb --minratchet tegra234-mb1-bct-ratchet-p3767-0000_cpp.dtb --ratchet_blob ratchet_blob.bin
00:08:10.407 - Info: [   6.1317 ] MB1-BCT version: 0.13
00:08:10.409 - Info: 
00:08:10.409 - Info: [   6.1341 ] Parsing config file :tegra234-mb1-bct-pinmux-p3767-dp-a03_cpp.dtb 
00:08:10.411 - Info: [   6.1345 ] Added Platform Config 0 data with size :- 2416
00:08:10.411 - Info: 
00:08:10.413 - Info: [   6.1369 ] Parsing config file :tegra234-mb1-bct-padvoltage-p3767-dp-a03_cpp.dtb 
00:08:10.413 - Info: [   6.1371 ] WARNING: unknown node 'g2'
00:08:10.413 - Info: [   6.1372 ] WARNING: unknown node 'g2'
00:08:10.413 - Info: [   6.1373 ] WARNING: unknown node 'g9'
00:08:10.413 - Info: [   6.1373 ] WARNING: unknown node 'g9'
00:08:10.413 - Info: [   6.1374 ] Added Platform Config 2 data with size :- 24
00:08:10.418 - Info: [   6.1376 ] 
00:08:10.418 - Info: [   6.1376 ] Parsing config file :tegra234-mb1-bct-pmic-p3767-0000-a02_cpp.dtb 
00:08:10.418 - Info: [   6.1376 ] Added Platform Config 4 data with size :- 288
00:08:10.418 - Info: [   6.1376 ] 
00:08:10.418 - Info: [   6.1376 ] Parsing config file :tegra234-mb1-bct-reset-p3767-0000_cpp.dtb 
00:08:10.418 - Info: [   6.1376 ] Added Platform Config 3 data with size :- 52
00:08:10.418 - Info: [   6.1376 ] 
00:08:10.418 - Info: [   6.1376 ] Parsing config file :tegra234-mb1-bct-prod-p3767-0000_cpp.dtb 
00:08:10.418 - Info: [   6.1376 ] WARNING: unknown property 'major'
00:08:10.418 - Info: [   6.1376 ] WARNING: unknown property 'minor'
00:08:10.418 - Info: [   6.1376 ] Added Platform Config 5 data with size :- 512
00:08:10.418 - Info: [   6.1376 ] 
00:08:10.418 - Info: [   6.1376 ] Parsing config file :tegra234-mb1-bct-gpioint-p3767-0000_cpp.dtb 
00:08:10.418 - Info: [   6.1376 ] WARNING: unknown property 'major'
00:08:10.418 - Info: [   6.1376 ] WARNING: unknown property 'minor'
00:08:10.418 - Info: [   6.1376 ] Added Platform Config 7 data with size :- 380
00:08:10.418 - Info: [   6.1376 ] 
00:08:10.418 - Info: [   6.1376 ] Parsing config file :tegra234-mb1-bct-uphylane-si_cpp.dtb 
00:08:10.418 - Info: [   6.1376 ] Added Platform Config 8 data with size :- 24
00:08:10.418 - Info: [   6.1376 ] 
00:08:10.418 - Info: [   6.1376 ] Parsing config file :tegra234-mb1-bct-device-p3767-0000_cpp.dtb 
00:08:10.418 - Info: [   6.1376 ] Added Platform Config 9 data with size :- 100
00:08:10.418 - Info: [   6.1376 ] 
00:08:10.418 - Info: [   6.1376 ] Parsing config file :tegra234-mb1-bct-cprod-p3767-0000_cpp.dtb 
00:08:10.418 - Info: [   6.1376 ] ModuleCount 0 NumProdNames 0
00:08:10.418 - Info: [   6.1376 ] Added Platform Config 6 data with size :- 16
00:08:10.418 - Info: [   6.1376 ] 
00:08:10.418 - Info: [   6.1376 ] Parsing config file :tegra234-mb1-bct-ratchet-p3767-0000_cpp.dtb 
00:08:10.418 - Info: [   6.1376 ] 
00:08:10.418 - Info: [   6.1376 ] Updating mb1-bct with firmware information
00:08:10.418 - Info: [   6.1381 ] tegrabct_v2 --chip 0x23 0 --mb1bct mb1_cold_boot_bct_MB1.bct --updatefwinfo flash.xml.bin
00:08:10.418 - Info: [   6.1400 ] tegrahost_v2 --chip 0x23 0 --align mb1_cold_boot_bct_MB1_aligned.bct
00:08:10.418 - Info: [   6.1419 ] Generating SHA2 Hash for mb1bct
00:08:10.421 - Info: [   6.1452 ] Sha saved in mb1_cold_boot_bct_MB1_aligned.sha
00:08:10.422 - Info: [   6.1477 ] Sha saved in mb1_cold_boot_bct_MB1.sha
00:08:10.422 - Info: [   6.1470 ] tegrahost_v2 --chip 0x23 0 --magicid MBCT --ratchet_blob ratchet_blob.bin --appendsigheader mb1_cold_boot_bct_MB1_aligned.bct zerosbk
00:08:10.422 - Info: [   6.1474 ] adding BCH for mb1_cold_boot_bct_MB1_aligned.bct
00:08:10.426 - Info: [   6.1503 ] tegrasign_v3.py --key None --list mb1_cold_boot_bct_MB1_aligned_sigheader.bct_list.xml --pubkeyhash pub_key.key --sha sha512
00:08:10.426 - Info: [   6.1507 ] Assuming zero filled SBK key
00:08:10.429 - Info: [   6.1535 ] Warning: pub_key.key is not found
00:08:10.429 - Info: [   6.1527 ] tegrahost_v2 --chip 0x23 0 --updatesigheader mb1_cold_boot_bct_MB1_aligned_sigheader.bct.encrypt mb1_cold_boot_bct_MB1_aligned_sigheader.bct.hash zerosbk
00:08:10.429 - Info: [   6.1538 ] Generating recovery mb1-bct
00:08:10.429 - Info: [   6.1542 ] tegrabct_v2 --chip 0x23 0 --mb1bct mb1_bct.cfg --misc tegra234-mb1-bct-misc-p3767-0000_cpp.dtb --wb0sdram tegra234-p3767-0001-wb0sdram-l4t_cpp.dtb --pinmux tegra234-mb1-bct-pinmux-p3767-dp-a03_cpp.dtb --pmc tegra234-mb1-bct-padvoltage-p3767-dp-a03_cpp.dtb --pmic tegra234-mb1-bct-pmic-p3767-0000-a02_cpp.dtb --brcommand tegra234-mb1-bct-reset-p3767-0000_cpp.dtb --prod tegra234-mb1-bct-prod-p3767-0000_cpp.dtb --gpioint tegra234-mb1-bct-gpioint-p3767-0000_cpp.dtb --uphy tegra234-mb1-bct-uphylane-si_cpp.dtb --device tegra234-mb1-bct-device-p3767-0000_cpp.dtb --deviceprod tegra234-mb1-bct-cprod-p3767-0000_cpp.dtb --minratchet tegra234-mb1-bct-ratchet-p3767-0000_cpp.dtb --ratchet_blob ratchet_blob.bin
00:08:10.429 - Info: [   6.1545 ] MB1-BCT version: 0.13
00:08:10.434 - Info: 
00:08:10.435 - Info: [   6.1598 ] Parsing config file :tegra234-mb1-bct-pinmux-p3767-dp-a03_cpp.dtb 
00:08:10.437 - Info: [   6.1603 ] Added Platform Config 0 data with size :- 2416
00:08:10.437 - Info: 
00:08:10.438 - Info: [   6.1623 ] Parsing config file :tegra234-mb1-bct-padvoltage-p3767-dp-a03_cpp.dtb 
00:08:10.438 - Info: [   6.1628 ] WARNING: unknown node 'g2'
00:08:10.439 - Info: [   6.1630 ] WARNING: unknown node 'g2'
00:08:10.443 - Info: [   6.1639 ] WARNING: unknown node 'g9'
00:08:10.443 - Info: [   6.1639 ] WARNING: unknown node 'g9'
00:08:10.443 - Info: [   6.1639 ] Added Platform Config 2 data with size :- 24
00:08:10.443 - Info: [   6.1639 ] 
00:08:10.443 - Info: [   6.1639 ] Parsing config file :tegra234-mb1-bct-pmic-p3767-0000-a02_cpp.dtb 
00:08:10.443 - Info: [   6.1639 ] Added Platform Config 4 data with size :- 288
00:08:10.443 - Info: [   6.1639 ] 
00:08:10.443 - Info: [   6.1639 ] Parsing config file :tegra234-mb1-bct-reset-p3767-0000_cpp.dtb 
00:08:10.443 - Info: [   6.1639 ] Added Platform Config 3 data with size :- 52
00:08:10.443 - Info: [   6.1639 ] 
00:08:10.443 - Info: [   6.1639 ] Parsing config file :tegra234-mb1-bct-prod-p3767-0000_cpp.dtb 
00:08:10.443 - Info: [   6.1639 ] WARNING: unknown property 'major'
00:08:10.443 - Info: [   6.1639 ] WARNING: unknown property 'minor'
00:08:10.443 - Info: [   6.1639 ] Added Platform Config 5 data with size :- 512
00:08:10.443 - Info: [   6.1639 ] 
00:08:10.443 - Info: [   6.1639 ] Parsing config file :tegra234-mb1-bct-gpioint-p3767-0000_cpp.dtb 
00:08:10.443 - Info: [   6.1639 ] WARNING: unknown property 'major'
00:08:10.443 - Info: [   6.1639 ] WARNING: unknown property 'minor'
00:08:10.443 - Info: [   6.1639 ] Added Platform Config 7 data with size :- 380
00:08:10.443 - Info: [   6.1639 ] 
00:08:10.443 - Info: [   6.1639 ] Parsing config file :tegra234-mb1-bct-uphylane-si_cpp.dtb 
00:08:10.443 - Info: [   6.1639 ] Added Platform Config 8 data with size :- 24
00:08:10.443 - Info: [   6.1639 ] 
00:08:10.443 - Info: [   6.1639 ] Parsing config file :tegra234-mb1-bct-device-p3767-0000_cpp.dtb 
00:08:10.443 - Info: [   6.1639 ] Added Platform Config 9 data with size :- 100
00:08:10.443 - Info: [   6.1639 ] 
00:08:10.443 - Info: [   6.1639 ] Parsing config file :tegra234-mb1-bct-cprod-p3767-0000_cpp.dtb 
00:08:10.443 - Info: [   6.1639 ] ModuleCount 0 NumProdNames 0
00:08:10.443 - Info: [   6.1639 ] Added Platform Config 6 data with size :- 16
00:08:10.443 - Info: [   6.1639 ] 
00:08:10.443 - Info: [   6.1640 ] Parsing config file :tegra234-mb1-bct-ratchet-p3767-0000_cpp.dtb 
00:08:10.443 - Info: [   6.1640 ] 
00:08:10.443 - Info: [   6.1640 ] Updating mb1-bct with firmware information
00:08:10.443 - Info: [   6.1646 ] tegrabct_v2 --chip 0x23 0 --mb1bct mb1_bct_MB1.bct --recov --updatefwinfo flash.xml.bin
00:08:10.443 - Info: [   6.1662 ] tegrahost_v2 --chip 0x23 0 --align mb1_bct_MB1_aligned.bct
00:08:10.443 - Info: [   6.1670 ] Generating SHA2 Hash for mb1bct
00:08:10.444 - Info: [   6.1698 ] Sha saved in mb1_bct_MB1_aligned.sha
00:08:10.446 - Info: [   6.1712 ] Sha saved in mb1_bct_MB1.sha
00:08:10.446 - Info: [   6.1703 ] tegrahost_v2 --chip 0x23 0 --magicid MBCT --ratchet_blob ratchet_blob.bin --appendsigheader mb1_bct_MB1_aligned.bct zerosbk
00:08:10.446 - Info: [   6.1708 ] adding BCH for mb1_bct_MB1_aligned.bct
00:08:10.626 - Info: [   6.1737 ] tegrasign_v3.py --key None --list mb1_bct_MB1_aligned_sigheader.bct_list.xml --pubkeyhash pub_key.key --sha sha512
00:08:10.626 - Info: [   6.1740 ] Assuming zero filled SBK key
00:08:10.626 - Info: [   6.1771 ] Warning: pub_key.key is not found
00:08:10.626 - Info: [   6.1765 ] tegrahost_v2 --chip 0x23 0 --updatesigheader mb1_bct_MB1_aligned_sigheader.bct.encrypt mb1_bct_MB1_aligned_sigheader.bct.hash zerosbk
00:08:10.626 - Info: [   6.1784 ] Generating coldboot mem-bct
00:08:10.626 - Info: [   6.1790 ] tegrabct_v2 --chip 0x23 0 --sdram tegra234-p3767-0001-sdram-l4t_cpp.dtb --wb0sdram tegra234-p3767-0001-wb0sdram-l4t_cpp.dtb --membct tegra234-p3767-0001-sdram-l4t_cpp_1.bct tegra234-p3767-0001-sdram-l4t_cpp_2.bct tegra234-p3767-0001-sdram-l4t_cpp_3.bct tegra234-p3767-0001-sdram-l4t_cpp_4.bct
00:08:10.627 - Info: [   6.1796 ]  packing sdram params with Wb0 file tegra234-p3767-0001-wb0sdram-l4t_cpp.dtb
00:08:10.627 - Info: [   6.3516 ] Packing sdram param for instance[0]
00:08:10.627 - Info: [   6.3518 ] Packing sdram param for instance[1]
00:08:10.627 - Info: [   6.3520 ] Packing sdram param for instance[2]
00:08:10.627 - Info: [   6.3521 ] Packing sdram param for instance[3]
00:08:10.627 - Info: [   6.3523 ] Packing sdram param for instance[4]
00:08:10.627 - Info: [   6.3524 ] Packing sdram param for instance[5]
00:08:10.627 - Info: [   6.3526 ] Packing sdram param for instance[6]
00:08:10.628 - Info: [   6.3528 ] Packing sdram param for instance[7]
00:08:10.628 - Info: [   6.3529 ] Packing sdram param for instance[8]
00:08:10.628 - Info: [   6.3531 ] Packing sdram param for instance[9]
00:08:10.628 - Info: [   6.3533 ] Packing sdram param for instance[10]
00:08:10.628 - Info: [   6.3534 ] Packing sdram param for instance[11]
00:08:10.628 - Info: [   6.3536 ] Packing sdram param for instance[12]
00:08:10.629 - Info: [   6.3539 ] Packing sdram param for instance[13]
00:08:10.629 - Info: [   6.3541 ] Packing sdram param for instance[14]
00:08:10.629 - Info: [   6.3543 ] Packing sdram param for instance[15]
00:08:10.797 - Info: [   6.5198 ] Getting sector size from pt
00:08:10.797 - Info: [   6.5203 ] tegraparser_v2 --getsectorsize flash.xml.bin sector_info.bin
00:08:10.797 - Info: [   6.5208 ] BlockSize read from layout is 0x200
00:08:10.797 - Info: 
00:08:10.797 - Info: [   6.5212 ] tegrahost_v2 --chip 0x23 0 --blocksize 512 --magicid MEMB --addsigheader_multi tegra234-p3767-0001-sdram-l4t_cpp_1.bct tegra234-p3767-0001-sdram-l4t_cpp_2.bct tegra234-p3767-0001-sdram-l4t_cpp_3.bct tegra234-p3767-0001-sdram-l4t_cpp_4.bct --ratchet_blob ratchet_blob.bin
00:08:10.797 - Info: [   6.5218 ] Binary 0 length is 58752
00:08:10.802 - Info: [   6.5221 ] Binary 0 align length is 58880
00:08:10.802 - Info: [   6.5270 ] Binary 1 length is 58752
00:08:10.803 - Info: [   6.5271 ] Binary 1 align length is 58880
00:08:10.803 - Info: [   6.5273 ] Binary 2 length is 58752
00:08:10.803 - Info: [   6.5274 ] Binary 2 align length is 58880
00:08:10.803 - Info: [   6.5287 ] Binary 3 length is 58752
00:08:10.805 - Info: [   6.5289 ] Binary 3 align length is 58880
00:08:10.805 - Info: [   6.5300 ] Buffer length is 235520
00:08:10.805 - Info: [   6.5302 ] adding BCH for tegra234-p3767-0001-sdram-l4t_cpp_1.bct
00:08:10.805 - Info: [   6.5304 ] new length is 243712
00:08:10.809 - Info: [   6.5325 ] tegrahost_v2 --chip 0x23 0 --align mem_coldboot_aligned.bct
00:08:10.809 - Info: [   6.5335 ] tegrahost_v2 --chip 0x23 0 --magicid MEMB --ratchet_blob ratchet_blob.bin --appendsigheader mem_coldboot_aligned.bct zerosbk
00:08:10.809 - Info: [   6.5338 ] Header already present for mem_coldboot_aligned.bct
00:08:10.811 - Info: [   6.5365 ] tegrasign_v3.py --key None --list mem_coldboot_aligned_sigheader.bct_list.xml --pubkeyhash pub_key.key --sha sha512
00:08:10.811 - Info: [   6.5366 ] Assuming zero filled SBK key
00:08:10.995 - Info: [   6.5385 ] Warning: pub_key.key is not found
00:08:10.995 - Info: [   6.5377 ] tegrahost_v2 --chip 0x23 0 --updatesigheader mem_coldboot_aligned_sigheader.bct.encrypt mem_coldboot_aligned_sigheader.bct.hash zerosbk
00:08:10.995 - Info: [   6.5398 ] Generating recovery mem-bct
00:08:10.995 - Info: [   6.5410 ] tegrabct_v2 --chip 0x23 0 --sdram tegra234-p3767-0001-sdram-l4t_cpp.dtb --wb0sdram tegra234-p3767-0001-wb0sdram-l4t_cpp.dtb --membct tegra234-p3767-0001-sdram-l4t_cpp_1.bct tegra234-p3767-0001-sdram-l4t_cpp_2.bct tegra234-p3767-0001-sdram-l4t_cpp_3.bct tegra234-p3767-0001-sdram-l4t_cpp_4.bct
00:08:11.000 - Info: [   6.5421 ]  packing sdram params with Wb0 file tegra234-p3767-0001-wb0sdram-l4t_cpp.dtb
00:08:11.000 - Info: [   6.7203 ] Packing sdram param for instance[0]
00:08:11.000 - Info: [   6.7205 ] Packing sdram param for instance[1]
00:08:11.000 - Info: [   6.7206 ] Packing sdram param for instance[2]
00:08:11.000 - Info: [   6.7208 ] Packing sdram param for instance[3]
00:08:11.000 - Info: [   6.7209 ] Packing sdram param for instance[4]
00:08:11.000 - Info: [   6.7211 ] Packing sdram param for instance[5]
00:08:11.000 - Info: [   6.7213 ] Packing sdram param for instance[6]
00:08:11.000 - Info: [   6.7214 ] Packing sdram param for instance[7]
00:08:11.000 - Info: [   6.7216 ] Packing sdram param for instance[8]
00:08:11.000 - Info: [   6.7217 ] Packing sdram param for instance[9]
00:08:11.000 - Info: [   6.7219 ] Packing sdram param for instance[10]
00:08:11.000 - Info: [   6.7221 ] Packing sdram param for instance[11]
00:08:11.000 - Info: [   6.7222 ] Packing sdram param for instance[12]
00:08:11.000 - Info: [   6.7224 ] Packing sdram param for instance[13]
00:08:11.000 - Info: [   6.7225 ] Packing sdram param for instance[14]
00:08:11.000 - Info: [   6.7227 ] Packing sdram param for instance[15]
00:08:11.169 - Info: [   6.8906 ] Generating mem_bct based on ramcode group number
00:08:11.169 - Info: [   6.8906 ] Got ramcode 3 from the command line
00:08:11.169 - Info: [   6.8906 ] Using ramcode group number 0
00:08:11.169 - Info: [   6.8906 ] Disabled BPMP dtb trim, using default dtb
00:08:11.169 - Info: [   6.8906 ] 
00:08:11.169 - Info: [   6.8920 ] tegrahost_v2 --chip 0x23 0 --align mem_rcm_aligned.bct
00:08:11.169 - Info: [   6.8939 ] tegrahost_v2 --chip 0x23 0 --magicid MEM0 --ratchet_blob ratchet_blob.bin --appendsigheader mem_rcm_aligned.bct zerosbk
00:08:11.169 - Info: [   6.8945 ] adding BCH for mem_rcm_aligned.bct
00:08:11.174 - Info: [   6.8990 ] tegrasign_v3.py --key None --list mem_rcm_aligned_sigheader.bct_list.xml --pubkeyhash pub_key.key --sha sha512
00:08:11.174 - Info: [   6.8992 ] Assuming zero filled SBK key
00:08:11.179 - Info: [   6.9016 ] Warning: pub_key.key is not found
00:08:11.179 - Info: [   6.9009 ] tegrahost_v2 --chip 0x23 0 --updatesigheader mem_rcm_aligned_sigheader.bct.encrypt mem_rcm_aligned_sigheader.bct.hash zerosbk
00:08:11.179 - Info: [   6.9021 ] Generating all 4 mem_bct for ramcode group (0..3)
00:08:11.179 - Info: [   6.9021 ] Disabled BPMP dtb trim, using default dtb
00:08:11.179 - Info: [   6.9021 ] 
00:08:11.179 - Info: [   6.9027 ] tegrahost_v2 --chip 0x23 0 --align mem_rcm_0_aligned.bct
00:08:11.179 - Info: [   6.9035 ] tegrahost_v2 --chip 0x23 0 --magicid MEM0 --ratchet_blob ratchet_blob.bin --appendsigheader mem_rcm_0_aligned.bct zerosbk
00:08:11.179 - Info: [   6.9038 ] adding BCH for mem_rcm_0_aligned.bct
00:08:11.185 - Info: [   6.9089 ] tegrasign_v3.py --key None --list mem_rcm_0_aligned_sigheader.bct_list.xml --pubkeyhash pub_key.key --sha sha512
00:08:11.185 - Info: [   6.9092 ] Assuming zero filled SBK key
00:08:11.191 - Info: [   6.9132 ] Warning: pub_key.key is not found
00:08:11.191 - Info: [   6.9125 ] tegrahost_v2 --chip 0x23 0 --updatesigheader mem_rcm_0_aligned_sigheader.bct.encrypt mem_rcm_0_aligned_sigheader.bct.hash zerosbk
00:08:11.191 - Info: [   6.9138 ] Disabled BPMP dtb trim, using default dtb
00:08:11.191 - Info: [   6.9138 ] 
00:08:11.191 - Info: [   6.9145 ] tegrahost_v2 --chip 0x23 0 --align mem_rcm_1_aligned.bct
00:08:11.191 - Info: [   6.9159 ] tegrahost_v2 --chip 0x23 0 --magicid MEM1 --ratchet_blob ratchet_blob.bin --appendsigheader mem_rcm_1_aligned.bct zerosbk
00:08:11.191 - Info: [   6.9164 ] adding BCH for mem_rcm_1_aligned.bct
00:08:11.196 - Info: [   6.9210 ] tegrasign_v3.py --key None --list mem_rcm_1_aligned_sigheader.bct_list.xml --pubkeyhash pub_key.key --sha sha512
00:08:11.196 - Info: [   6.9213 ] Assuming zero filled SBK key
00:08:11.205 - Info: [   6.9233 ] Warning: pub_key.key is not found
00:08:11.205 - Info: [   6.9233 ] tegrahost_v2 --chip 0x23 0 --updatesigheader mem_rcm_1_aligned_sigheader.bct.encrypt mem_rcm_1_aligned_sigheader.bct.hash zerosbk
00:08:11.205 - Info: [   6.9260 ] Disabled BPMP dtb trim, using default dtb
00:08:11.205 - Info: [   6.9260 ] 
00:08:11.205 - Info: [   6.9269 ] tegrahost_v2 --chip 0x23 0 --align mem_rcm_2_aligned.bct
00:08:11.205 - Info: [   6.9300 ] tegrahost_v2 --chip 0x23 0 --magicid MEM2 --ratchet_blob ratchet_blob.bin --appendsigheader mem_rcm_2_aligned.bct zerosbk
00:08:11.205 - Info: [   6.9305 ] adding BCH for mem_rcm_2_aligned.bct
00:08:11.211 - Info: [   6.9354 ] tegrasign_v3.py --key None --list mem_rcm_2_aligned_sigheader.bct_list.xml --pubkeyhash pub_key.key --sha sha512
00:08:11.211 - Info: [   6.9357 ] Assuming zero filled SBK key
00:08:11.221 - Info: [   6.9381 ] Warning: pub_key.key is not found
00:08:11.221 - Info: [   6.9373 ] tegrahost_v2 --chip 0x23 0 --updatesigheader mem_rcm_2_aligned_sigheader.bct.encrypt mem_rcm_2_aligned_sigheader.bct.hash zerosbk
00:08:11.221 - Info: [   6.9392 ] Disabled BPMP dtb trim, using default dtb
00:08:11.221 - Info: [   6.9392 ] 
00:08:11.221 - Info: [   6.9405 ] tegrahost_v2 --chip 0x23 0 --align mem_rcm_3_aligned.bct
00:08:11.221 - Info: [   6.9435 ] tegrahost_v2 --chip 0x23 0 --magicid MEM3 --ratchet_blob ratchet_blob.bin --appendsigheader mem_rcm_3_aligned.bct zerosbk
00:08:11.221 - Info: [   6.9461 ] adding BCH for mem_rcm_3_aligned.bct
00:08:11.227 - Info: [   6.9526 ] tegrasign_v3.py --key None --list mem_rcm_3_aligned_sigheader.bct_list.xml --pubkeyhash pub_key.key --sha sha512
00:08:11.227 - Info: [   6.9528 ] Assuming zero filled SBK key
00:08:11.234 - Info: [   6.9544 ] Warning: pub_key.key is not found
00:08:11.234 - Info: [   6.9537 ] tegrahost_v2 --chip 0x23 0 --updatesigheader mem_rcm_3_aligned_sigheader.bct.encrypt mem_rcm_3_aligned_sigheader.bct.hash zerosbk
00:08:11.234 - Info: [   6.9552 ] Copying signatures
00:08:11.234 - Info: [   6.9560 ] tegrahost_v2 --chip 0x23 0 --partitionlayout flash.xml.bin --updatesig images_list_signed.xml
00:08:11.234 - Info: [   6.9579 ] tegraparser_v2 --generategpt --pt flash.xml.bin
00:08:11.237 - Info: [   6.9588 ] gpt_primary_9_0.bin:
00:08:11.237 - Info: [   6.9591 ] partition_id	partition_name			      StartingLba	EndingLba
00:08:11.237 - Info: [   6.9594 ]            1	APP                                 	 3050048	119537623
00:08:11.237 - Info: [   6.9598 ]            2	A_kernel                            	      40	  262183
00:08:11.237 - Info: [   6.9602 ]            3	A_kernel-dtb                        	  262184	  263719
00:08:11.237 - Info: [   6.9605 ]            4	A_reserved_on_user                  	  263720	  328487
00:08:11.237 - Info: [   6.9609 ]            5	B_kernel                            	  328488	  590631
00:08:11.237 - Info: [   6.9618 ]            6	B_kernel-dtb                        	  590632	  592167
00:08:11.237 - Info: [   6.9621 ]            7	B_reserved_on_user                  	  592168	  656935
00:08:11.237 - Info: [   6.9623 ]            8	recovery                            	  656936	  820775
00:08:11.247 - Info: [   6.9625 ]            9	recovery-dtb                        	  820776	  821799
00:08:11.247 - Info: [   6.9625 ]           10	esp                                 	  821800	  952871
00:08:11.247 - Info: [   6.9625 ]           11	recovery_alt                        	  952872	 1116711
00:08:11.247 - Info: [   6.9625 ]           12	recovery-dtb_alt                    	 1116712	 1117735
00:08:11.247 - Info: [   6.9625 ]           13	esp_alt                             	 1117736	 1248807
00:08:11.247 - Info: [   6.9625 ]           14	UDA                                 	 1248832	 2068031
00:08:11.247 - Info: [   6.9625 ]           15	reserved                            	 2068032	 3050047
00:08:11.247 - Info: [   6.9625 ] gpt_secondary_9_0.bin:
00:08:11.247 - Info: [   6.9625 ] partition_id	partition_name			      StartingLba	EndingLba
00:08:11.247 - Info: [   6.9625 ]            1	APP                                 	 3050048	119537623
00:08:11.247 - Info: [   6.9625 ]            2	A_kernel                            	      40	  262183
00:08:11.247 - Info: [   6.9625 ]            3	A_kernel-dtb                        	  262184	  263719
00:08:11.247 - Info: [   6.9625 ]            4	A_reserved_on_user                  	  263720	  328487
00:08:11.247 - Info: [   6.9625 ]            5	B_kernel                            	  328488	  590631
00:08:11.247 - Info: [   6.9625 ]            6	B_kernel-dtb                        	  590632	  592167
00:08:11.247 - Info: [   6.9625 ]            7	B_reserved_on_user                  	  592168	  656935
00:08:11.247 - Info: [   6.9625 ]            8	recovery                            	  656936	  820775
00:08:11.247 - Info: [   6.9625 ]            9	recovery-dtb                        	  820776	  821799
00:08:11.247 - Info: [   6.9625 ]           10	esp                                 	  821800	  952871
00:08:11.247 - Info: [   6.9625 ]           11	recovery_alt                        	  952872	 1116711
00:08:11.247 - Info: [   6.9625 ]           12	recovery-dtb_alt                    	 1116712	 1117735
00:08:11.247 - Info: [   6.9625 ]           13	esp_alt                             	 1117736	 1248807
00:08:11.247 - Info: [   6.9625 ]           14	UDA                                 	 1248832	 2068031
00:08:11.247 - Info: [   6.9625 ]           15	reserved                            	 2068032	 3050047
00:08:11.247 - Info: [   6.9625 ] 
00:08:11.247 - Info: [   6.9684 ] tegrahost_v2 --chip 0x23 0 --align uefi_jetson_with_dtb_aligned.bin
00:08:11.247 - Info: [   6.9692 ] tegrahost_v2 --chip 0x23 0 --magicid CPBL --ratchet_blob ratchet_blob.bin --appendsigheader uefi_jetson_with_dtb_aligned.bin zerosbk
00:08:11.247 - Info: [   6.9695 ] adding BCH for uefi_jetson_with_dtb_aligned.bin
00:08:11.387 - Info: [   7.1086 ] tegrasign_v3.py --key None --list uefi_jetson_with_dtb_aligned_sigheader.bin_list.xml --pubkeyhash pub_key.key --sha sha512
00:08:11.387 - Info: [   7.1088 ] Assuming zero filled SBK key
00:08:14.882 - Info: [   7.1214 ] Warning: pub_key.key is not found
00:08:14.882 - Info: [   7.1205 ] tegrahost_v2 --chip 0x23 0 --updatesigheader uefi_jetson_with_dtb_aligned_sigheader.bin.encrypt uefi_jetson_with_dtb_aligned_sigheader.bin.hash zerosbk
00:08:14.882 - Info: [   7.1324 ] Copying enc\/signed file in /home/chuy/nvidia/nvidia_sdk/JetPack_6.2.2_Linux_JETSON_ORIN_NANO_TARGETS/Linux_for_Tegra/bootloader/signed
00:08:14.882 - Info: [   7.1327 ] Copying br bct for multi chains
00:08:14.882 - Info: [   7.1330 ] Signed BCT for boot chain A is copied to /home/chuy/nvidia/nvidia_sdk/JetPack_6.2.2_Linux_JETSON_ORIN_NANO_TARGETS/Linux_for_Tegra/bootloader/signed/br_bct_BR.bct
00:08:14.882 - Info: 
00:08:14.882 - Info: [   7.1332 ] Signed BCT for boot chain B is copied to /home/chuy/nvidia/nvidia_sdk/JetPack_6.2.2_Linux_JETSON_ORIN_NANO_TARGETS/Linux_for_Tegra/bootloader/signed/br_bct_b_BR.bct
00:08:14.882 - Info: 
00:08:14.882 - Info: [   7.1356 ] Copying uefi_jetson_with_dtb_sigheader.bin.encrypt to /home/chuy/nvidia/nvidia_sdk/JetPack_6.2.2_Linux_JETSON_ORIN_NANO_TARGETS/Linux_for_Tegra/bootloader/signed
00:08:14.882 - Info: [   7.1378 ] Signed file: /home/chuy/nvidia/nvidia_sdk/JetPack_6.2.2_Linux_JETSON_ORIN_NANO_TARGETS/Linux_for_Tegra/bootloader/signed/uefi_jetson_with_dtb_sigheader.bin.encrypt
00:08:14.882 - Info: [   7.1401 ] tegraparser_v2 --pt flash.xml.bin --generateflashindex /home/chuy/nvidia/nvidia_sdk/JetPack_6.2.2_Linux_JETSON_ORIN_NANO_TARGETS/Linux_for_Tegra/bootloader/signed/flash.xml.tmp flash.idx
00:08:14.968 - Info: Using bpmp-dtb concatenated with odmdata in blob for t23x
00:08:14.994 - Info: ./tegraflash.py --bl uefi_jetson_with_dtb_sigheader.bin.encrypt --bct br_bct_BR.bct --bldtb tegra234-p3768-0000+p3767-0003-nv.dtb --applet rcm_2_encrypt.rcm --applet_softfuse rcm_1_encrypt.rcm --cmd "secureflash;reboot"  --cfg secureflash.xml --chip 0x23 --mb1_bct mb1_bct_MB1_sigheader.bct.encrypt --mem_bct mem_rcm_sigheader.bct.encrypt --mb1_cold_boot_bct mb1_cold_boot_bct_MB1_sigheader.bct.encrypt --mb1_bin mb1_t234_prod_aligned_sigheader.bin.encrypt --psc_bl1_bin psc_bl1_t234_prod_aligned_sigheader.bin.encrypt --mem_bct_cold_boot mem_coldboot_sigheader.bct.encrypt  --bins "psc_fw pscfw_t234_prod_sigheader.bin.encrypt; mts_mce mce_flash_o10_cr_prod_sigheader.bin.encrypt; tsec_fw tsec_t234_sigheader.bin.encrypt; mb2_applet applet_t234_sigheader.bin.encrypt; mb2_bootloader mb2_t234_with_mb2_bct_MB2_sigheader.bin.encrypt; xusb_fw xusb_t234_prod_sigheader.bin.encrypt; pva_fw nvpva_020_sigheader.fw.encrypt; dce_fw display-t234-dce_sigheader.bin.encrypt; nvdec nvdec_t234_prod_sigheader.fw.encrypt; bpmp_fw bpmp_t234-TE950M-A1_prod_sigheader.bin.encrypt; bpmp_fw_dtb tegra234-bpmp-3767-0003-3509-a02_with_odm_sigheader.dtb.encrypt; rce_fw camera-rtcpu-t234-rce_sigheader.img.encrypt; ape_fw adsp-fw_sigheader.bin.encrypt; spe_fw spe_t234_sigheader.bin.encrypt; tos tos-optee_t234_sigheader.img.encrypt; eks eks_t234_sigheader.img.encrypt"   
00:08:14.994 - Info: saving flash command in flashcmd.txt
00:08:14.996 - Info: 
00:08:14.996 - Info: *** no-flash flag enabled. Exiting now... *** 
00:08:14.996 - Info: 
00:08:14.996 - Info: User can run above saved command in factory environment without 
00:08:14.996 - Info: providing pkc and sbk keys to flash a device
00:08:14.996 - Info: 
00:08:14.996 - Info: Example:
00:08:14.996 - Info: 
00:08:14.996 - Info:     $ cd bootloader 
00:08:14.997 - Info:     $ sudo bash ./flashcmd.txt
00:08:14.997 - Info: 
00:08:15.001 - Info: '/home/chuy/nvidia/nvidia_sdk/JetPack_6.2.2_Linux_JETSON_ORIN_NANO_TARGETS/Linux_for_Tegra/bootloader/signed/flash.idx' -> '/home/chuy/nvidia/nvidia_sdk/JetPack_6.2.2_Linux_JETSON_ORIN_NANO_TARGETS/Linux_for_Tegra/tools/kernel_flash/images/external/flash.idx'
00:08:15.001 - Info: Flash index file is /home/chuy/nvidia/nvidia_sdk/JetPack_6.2.2_Linux_JETSON_ORIN_NANO_TARGETS/Linux_for_Tegra/bootloader/signed/flash.idx
00:08:15.001 - Info: Number of lines is 18
00:08:15.001 - Info: max_index=17
00:08:15.011 - Info: Copying /home/chuy/nvidia/nvidia_sdk/JetPack_6.2.2_Linux_JETSON_ORIN_NANO_TARGETS/Linux_for_Tegra/bootloader/signed/mbr_9_0.bin  /home/chuy/nvidia/nvidia_sdk/JetPack_6.2.2_Linux_JETSON_ORIN_NANO_TARGETS/Linux_for_Tegra/tools/kernel_flash/images/external/mbr_9_0.bin
00:08:15.014 - Info: '/home/chuy/nvidia/nvidia_sdk/JetPack_6.2.2_Linux_JETSON_ORIN_NANO_TARGETS/Linux_for_Tegra/bootloader/signed/mbr_9_0.bin' -> '/home/chuy/nvidia/nvidia_sdk/JetPack_6.2.2_Linux_JETSON_ORIN_NANO_TARGETS/Linux_for_Tegra/tools/kernel_flash/images/external/mbr_9_0.bin'
00:08:15.023 - Info: Copying /home/chuy/nvidia/nvidia_sdk/JetPack_6.2.2_Linux_JETSON_ORIN_NANO_TARGETS/Linux_for_Tegra/bootloader/signed/gpt_primary_9_0.bin  /home/chuy/nvidia/nvidia_sdk/JetPack_6.2.2_Linux_JETSON_ORIN_NANO_TARGETS/Linux_for_Tegra/tools/kernel_flash/images/external/gpt_primary_9_0.bin
00:08:15.026 - Info: '/home/chuy/nvidia/nvidia_sdk/JetPack_6.2.2_Linux_JETSON_ORIN_NANO_TARGETS/Linux_for_Tegra/bootloader/signed/gpt_primary_9_0.bin' -> '/home/chuy/nvidia/nvidia_sdk/JetPack_6.2.2_Linux_JETSON_ORIN_NANO_TARGETS/Linux_for_Tegra/tools/kernel_flash/images/external/gpt_primary_9_0.bin'
00:08:15.034 - Info: Copying /home/chuy/nvidia/nvidia_sdk/JetPack_6.2.2_Linux_JETSON_ORIN_NANO_TARGETS/Linux_for_Tegra/bootloader/boot.img  /home/chuy/nvidia/nvidia_sdk/JetPack_6.2.2_Linux_JETSON_ORIN_NANO_TARGETS/Linux_for_Tegra/tools/kernel_flash/images/external/boot.img
00:08:15.083 - Info: '/home/chuy/nvidia/nvidia_sdk/JetPack_6.2.2_Linux_JETSON_ORIN_NANO_TARGETS/Linux_for_Tegra/bootloader/boot.img' -> '/home/chuy/nvidia/nvidia_sdk/JetPack_6.2.2_Linux_JETSON_ORIN_NANO_TARGETS/Linux_for_Tegra/tools/kernel_flash/images/external/boot.img'
00:08:15.093 - Info: Copying /home/chuy/nvidia/nvidia_sdk/JetPack_6.2.2_Linux_JETSON_ORIN_NANO_TARGETS/Linux_for_Tegra/bootloader/kernel_tegra234-p3768-0000+p3767-0003-nv.dtb  /home/chuy/nvidia/nvidia_sdk/JetPack_6.2.2_Linux_JETSON_ORIN_NANO_TARGETS/Linux_for_Tegra/tools/kernel_flash/images/external/kernel_tegra234-p3768-0000+p3767-0003-nv.dtb
00:08:15.096 - Info: '/home/chuy/nvidia/nvidia_sdk/JetPack_6.2.2_Linux_JETSON_ORIN_NANO_TARGETS/Linux_for_Tegra/bootloader/kernel_tegra234-p3768-0000+p3767-0003-nv.dtb' -> '/home/chuy/nvidia/nvidia_sdk/JetPack_6.2.2_Linux_JETSON_ORIN_NANO_TARGETS/Linux_for_Tegra/tools/kernel_flash/images/external/kernel_tegra234-p3768-0000+p3767-0003-nv.dtb'
00:08:15.106 - Info: Warning: skip writing A_reserved_on_user partition as no image is specified
00:08:15.114 - Info: Copying /home/chuy/nvidia/nvidia_sdk/JetPack_6.2.2_Linux_JETSON_ORIN_NANO_TARGETS/Linux_for_Tegra/bootloader/boot.img  /home/chuy/nvidia/nvidia_sdk/JetPack_6.2.2_Linux_JETSON_ORIN_NANO_TARGETS/Linux_for_Tegra/tools/kernel_flash/images/external/boot.img
00:08:15.348 - Info: '/home/chuy/nvidia/nvidia_sdk/JetPack_6.2.2_Linux_JETSON_ORIN_NANO_TARGETS/Linux_for_Tegra/bootloader/boot.img' -> '/home/chuy/nvidia/nvidia_sdk/JetPack_6.2.2_Linux_JETSON_ORIN_NANO_TARGETS/Linux_for_Tegra/tools/kernel_flash/images/external/boot.img'
00:08:15.357 - Info: Copying /home/chuy/nvidia/nvidia_sdk/JetPack_6.2.2_Linux_JETSON_ORIN_NANO_TARGETS/Linux_for_Tegra/bootloader/kernel_tegra234-p3768-0000+p3767-0003-nv.dtb  /home/chuy/nvidia/nvidia_sdk/JetPack_6.2.2_Linux_JETSON_ORIN_NANO_TARGETS/Linux_for_Tegra/tools/kernel_flash/images/external/kernel_tegra234-p3768-0000+p3767-0003-nv.dtb
00:08:15.360 - Info: '/home/chuy/nvidia/nvidia_sdk/JetPack_6.2.2_Linux_JETSON_ORIN_NANO_TARGETS/Linux_for_Tegra/bootloader/kernel_tegra234-p3768-0000+p3767-0003-nv.dtb' -> '/home/chuy/nvidia/nvidia_sdk/JetPack_6.2.2_Linux_JETSON_ORIN_NANO_TARGETS/Linux_for_Tegra/tools/kernel_flash/images/external/kernel_tegra234-p3768-0000+p3767-0003-nv.dtb'
00:08:15.367 - Info: Warning: skip writing B_reserved_on_user partition as no image is specified
00:08:15.376 - Info: Copying /home/chuy/nvidia/nvidia_sdk/JetPack_6.2.2_Linux_JETSON_ORIN_NANO_TARGETS/Linux_for_Tegra/bootloader/recovery.img  /home/chuy/nvidia/nvidia_sdk/JetPack_6.2.2_Linux_JETSON_ORIN_NANO_TARGETS/Linux_for_Tegra/tools/kernel_flash/images/external/recovery.img
00:08:15.427 - Info: '/home/chuy/nvidia/nvidia_sdk/JetPack_6.2.2_Linux_JETSON_ORIN_NANO_TARGETS/Linux_for_Tegra/bootloader/recovery.img' -> '/home/chuy/nvidia/nvidia_sdk/JetPack_6.2.2_Linux_JETSON_ORIN_NANO_TARGETS/Linux_for_Tegra/tools/kernel_flash/images/external/recovery.img'
00:08:15.436 - Info: Copying /home/chuy/nvidia/nvidia_sdk/JetPack_6.2.2_Linux_JETSON_ORIN_NANO_TARGETS/Linux_for_Tegra/bootloader/tegra234-p3768-0000+p3767-0003-nv.dtb.rec  /home/chuy/nvidia/nvidia_sdk/JetPack_6.2.2_Linux_JETSON_ORIN_NANO_TARGETS/Linux_for_Tegra/tools/kernel_flash/images/external/tegra234-p3768-0000+p3767-0003-nv.dtb.rec
00:08:15.439 - Info: '/home/chuy/nvidia/nvidia_sdk/JetPack_6.2.2_Linux_JETSON_ORIN_NANO_TARGETS/Linux_for_Tegra/bootloader/tegra234-p3768-0000+p3767-0003-nv.dtb.rec' -> '/home/chuy/nvidia/nvidia_sdk/JetPack_6.2.2_Linux_JETSON_ORIN_NANO_TARGETS/Linux_for_Tegra/tools/kernel_flash/images/external/tegra234-p3768-0000+p3767-0003-nv.dtb.rec'
00:08:15.447 - Info: Copying /home/chuy/nvidia/nvidia_sdk/JetPack_6.2.2_Linux_JETSON_ORIN_NANO_TARGETS/Linux_for_Tegra/bootloader/esp.img  /home/chuy/nvidia/nvidia_sdk/JetPack_6.2.2_Linux_JETSON_ORIN_NANO_TARGETS/Linux_for_Tegra/tools/kernel_flash/images/external/esp.img
00:08:15.503 - Info: '/home/chuy/nvidia/nvidia_sdk/JetPack_6.2.2_Linux_JETSON_ORIN_NANO_TARGETS/Linux_for_Tegra/bootloader/esp.img' -> '/home/chuy/nvidia/nvidia_sdk/JetPack_6.2.2_Linux_JETSON_ORIN_NANO_TARGETS/Linux_for_Tegra/tools/kernel_flash/images/external/esp.img'
00:08:15.508 - Info: Warning: skip writing recovery_alt partition as no image is specified
00:08:15.517 - Info: Warning: skip writing recovery-dtb_alt partition as no image is specified
00:08:15.524 - Info: Warning: skip writing esp_alt partition as no image is specified
00:08:15.535 - Info: XPath set is empty
00:08:15.541 - Info: No image is found for UDA partition
00:08:15.547 - Info: Warning: skip writing reserved partition as no image is specified
00:08:15.566 - Info: Copying APP image into  /home/chuy/nvidia/nvidia_sdk/JetPack_6.2.2_Linux_JETSON_ORIN_NANO_TARGETS/Linux_for_Tegra/tools/kernel_flash/images/external/system.img
00:08:17.097 - Info: tar: Write checkpoint 10000
00:08:18.764 - Info: tar: Write checkpoint 20000
00:08:20.471 - Info: tar: Write checkpoint 30000
00:08:22.192 - Info: tar: Write checkpoint 40000
00:08:24.720 - Info: tar: Write checkpoint 50000
00:08:26.400 - Info: tar: Write checkpoint 60000
00:08:29.253 - Info: tar: Write checkpoint 70000
00:08:30.113 - Info: tar: Write checkpoint 80000
00:08:30.378 - Info: tar: Write checkpoint 90000
00:08:30.642 - Info: tar: Write checkpoint 100000
00:08:32.012 - Info: tar: Write checkpoint 110000
00:08:33.764 - Info: tar: Write checkpoint 120000
00:08:35.655 - Info: tar: Write checkpoint 130000
00:08:37.704 - Info: tar: Write checkpoint 140000
00:08:40.077 - Info: tar: Write checkpoint 150000
00:08:41.580 - Info: tar: Write checkpoint 160000
00:08:43.022 - Info: tar: Write checkpoint 170000
00:08:44.806 - Info: tar: Write checkpoint 180000
00:08:46.169 - Info: tar: Write checkpoint 190000
00:08:47.863 - Info: tar: Write checkpoint 200000
00:08:49.176 - Info: tar: Write checkpoint 210000
00:08:51.662 - Info: tar: Write checkpoint 220000
00:08:52.776 - Info: tar: Write checkpoint 230000
00:08:54.010 - Info: tar: Write checkpoint 240000
00:08:55.006 - Info: tar: Write checkpoint 250000
00:08:55.409 - Info: tar: Write checkpoint 260000
00:08:56.564 - Info: tar: Write checkpoint 270000
00:08:57.906 - Info: tar: Write checkpoint 280000
00:08:58.720 - Info: tar: Write checkpoint 290000
00:08:59.929 - Info: tar: Write checkpoint 300000
00:09:01.363 - Info: tar: Write checkpoint 310000
00:09:02.923 - Info: tar: Write checkpoint 320000
00:09:04.191 - Info: tar: Write checkpoint 330000
00:09:05.672 - Info: tar: Write checkpoint 340000
00:09:07.488 - Info: tar: Write checkpoint 350000
00:09:09.371 - Info: tar: Write checkpoint 360000
00:09:11.454 - Info: tar: Write checkpoint 370000
00:09:14.754 - Info: tar: Write checkpoint 380000
00:09:16.255 - Info: tar: Write checkpoint 390000
00:09:17.665 - Info: tar: Write checkpoint 400000
00:09:18.872 - Info: tar: Write checkpoint 410000
00:09:20.474 - Info: tar: Write checkpoint 420000
00:09:22.023 - Info: tar: Write checkpoint 430000
00:09:23.546 - Info: tar: Write checkpoint 440000
00:09:24.952 - Info: tar: Write checkpoint 450000
00:09:26.190 - Info: tar: Write checkpoint 460000
00:09:27.198 - Info: tar: Write checkpoint 470000
00:09:28.635 - Info: tar: Write checkpoint 480000
00:09:29.910 - Info: tar: Write checkpoint 490000
00:09:31.184 - Info: tar: Write checkpoint 500000
00:09:32.517 - Info: tar: Write checkpoint 510000
00:09:33.988 - Info: tar: Write checkpoint 520000
00:09:35.329 - Info: tar: Write checkpoint 530000
00:09:36.871 - Info: tar: Write checkpoint 540000
00:09:38.057 - Info: tar: Write checkpoint 550000
00:09:39.305 - Info: tar: Write checkpoint 560000
00:09:40.801 - Info: tar: Write checkpoint 570000
00:09:42.183 - Info: tar: Write checkpoint 580000
00:09:45.595 - Info: tar: Write checkpoint 590000
00:09:47.211 - Info: tar: Write checkpoint 600000
00:09:49.073 - Info: tar: Write checkpoint 610000
00:09:50.639 - Info: tar: Write checkpoint 620000
00:09:52.009 - Info: tar: Write checkpoint 630000
00:09:53.995 - Info: tar: Write checkpoint 640000
00:09:55.224 - Info: tar: Write checkpoint 650000
00:09:55.677 - Info: tar: Write checkpoint 660000
00:09:56.640 - Info: tar: Write checkpoint 670000
00:10:05.671 - Info: Copying /home/chuy/nvidia/nvidia_sdk/JetPack_6.2.2_Linux_JETSON_ORIN_NANO_TARGETS/Linux_for_Tegra/bootloader/signed/gpt_secondary_9_0.bin  /home/chuy/nvidia/nvidia_sdk/JetPack_6.2.2_Linux_JETSON_ORIN_NANO_TARGETS/Linux_for_Tegra/tools/kernel_flash/images/external/gpt_secondary_9_0.bin
00:10:05.674 - Info: '/home/chuy/nvidia/nvidia_sdk/JetPack_6.2.2_Linux_JETSON_ORIN_NANO_TARGETS/Linux_for_Tegra/bootloader/signed/gpt_secondary_9_0.bin' -> '/home/chuy/nvidia/nvidia_sdk/JetPack_6.2.2_Linux_JETSON_ORIN_NANO_TARGETS/Linux_for_Tegra/tools/kernel_flash/images/external/gpt_secondary_9_0.bin'
00:10:05.675 - Info: Copy flash script to /home/chuy/nvidia/nvidia_sdk/JetPack_6.2.2_Linux_JETSON_ORIN_NANO_TARGETS/Linux_for_Tegra/tools/kernel_flash/images
00:10:05.679 - Info: '/home/chuy/nvidia/nvidia_sdk/JetPack_6.2.2_Linux_JETSON_ORIN_NANO_TARGETS/Linux_for_Tegra/tools/kernel_flash/l4t_flash_from_kernel.sh' -> '/home/chuy/nvidia/nvidia_sdk/JetPack_6.2.2_Linux_JETSON_ORIN_NANO_TARGETS/Linux_for_Tegra/tools/kernel_flash/images/l4t_flash_from_kernel.sh'
00:10:05.688 - Info: Success
00:10:05.711 - Info: ******************************************
00:10:05.712 - Info: *                                        *
00:10:05.712 - Info: *  Step 2: Generate rcm boot commandline *
00:10:05.712 - Info: *                                        *
00:10:05.712 - Info: ******************************************
00:10:05.713 - Info: ROOTFS_AB= ROOTFS_ENC= /home/chuy/nvidia/nvidia_sdk/JetPack_6.2.2_Linux_JETSON_ORIN_NANO_TARGETS/Linux_for_Tegra/flash.sh  --no-flash --rcm-boot jetson-orin-nano-devkit mmcblk0p1
00:10:05.732 - Info: ###############################################################################
00:10:05.732 - Info: # L4T BSP Information:
00:10:05.733 - Info: # R36 , REVISION: 5.0
00:10:05.734 - Info: # User release: 0.0
00:10:05.736 - Info: ###############################################################################
00:10:05.741 - Info: ECID is 0x80012344705E01E35000000009FD8180
00:10:05.773 - Info: copying device_config(/home/chuy/nvidia/nvidia_sdk/JetPack_6.2.2_Linux_JETSON_ORIN_NANO_TARGETS/Linux_for_Tegra/bootloader/generic/BCT/tegra234-mb1-bct-device-p3767-0000.dts)... done.
00:10:05.775 - Info: copying misc_config(/home/chuy/nvidia/nvidia_sdk/JetPack_6.2.2_Linux_JETSON_ORIN_NANO_TARGETS/Linux_for_Tegra/bootloader/generic/BCT/tegra234-mb1-bct-misc-p3767-0000.dts)... done.
00:10:05.778 - Info: copying emc_fuse_dev_params(/home/chuy/nvidia/nvidia_sdk/JetPack_6.2.2_Linux_JETSON_ORIN_NANO_TARGETS/Linux_for_Tegra/bootloader/generic/BCT/tegra234-br-bct-diag-boot.dts)... done.
00:10:05.785 - Info: copying minratchet_config(/home/chuy/nvidia/nvidia_sdk/JetPack_6.2.2_Linux_JETSON_ORIN_NANO_TARGETS/Linux_for_Tegra/bootloader/generic/BCT/tegra234-mb1-bct-ratchet-p3767-0000.dts)... done.
00:10:05.791 - Info: Existing emcfuse(/home/chuy/nvidia/nvidia_sdk/JetPack_6.2.2_Linux_JETSON_ORIN_NANO_TARGETS/Linux_for_Tegra/bootloader/fuse_t234.xml) reused.
00:10:05.793 - Info: ./tegraflash.py --chip "0x23" --applet "/home/chuy/nvidia/nvidia_sdk/JetPack_6.2.2_Linux_JETSON_ORIN_NANO_TARGETS/Linux_for_Tegra/bootloader/mb1_t234_prod.bin" --skipuid --cfg readinfo_t234_min_prod.xml --dev_params tegra234-br-bct-diag-boot.dts --device_config tegra234-mb1-bct-device-p3767-0000.dts --misc_config tegra234-mb1-bct-misc-p3767-0000.dts --bins "mb2_applet applet_t234.bin" --minratchet_config tegra234-mb1-bct-ratchet-p3767-0000.dts --cmd "readfuses fuse_t234.bin fuse_t234.xml; dump eeprom cvm cvm.bin; dump try_custinfo custinfo_out.bin; reboot recovery" 
00:10:05.990 - Info: Welcome to Tegra Flash
00:10:05.990 - Info: version 1.0.0
00:10:05.990 - Info: Type ? or help for help and q or quit to exit
00:10:05.990 - Info: Use ! to execute system commands
00:10:05.990 - Info:  
00:10:05.990 - Info: [   0.0335 ] Reading fuses
00:10:05.990 - Info: [   0.0362 ] tegrasign_v3.py --key None --getmode mode.txt
00:10:05.990 - Info: [   0.0365 ] Assuming zero filled SBK key
00:10:05.990 - Info: [   0.0354 ] Pre-processing config: tegra234-mb1-bct-device-p3767-0000.dts
00:10:05.990 - Info: [   0.0490 ] Pre-processing config: tegra234-mb1-bct-misc-p3767-0000.dts
00:10:05.990 - Info: [   0.0642 ] Pre-processing config: tegra234-mb1-bct-ratchet-p3767-0000.dts
00:10:05.990 - Info: [   0.0733 ] Parsing partition layout
00:10:05.990 - Info: [   0.0742 ] tegraparser_v2 --pt readinfo_t234_min_prod.xml.tmp
00:10:05.990 - Info: [   0.0770 ] Kernel DTB used: None
00:10:05.990 - Info: [   0.0770 ] WARNING: dce base dtb is not provided
00:10:05.990 - Info: 
00:10:05.990 - Info: [   0.0770 ] Parsing partition layout
00:10:05.990 - Info: [   0.0778 ] tegraparser_v2 --pt readinfo_t234_min_prod.xml.tmp
00:10:05.990 - Info: [   0.0791 ] Creating list of images to be signed
00:10:05.990 - Info: [   0.0799 ] Generating ratchet blob
00:10:05.990 - Info: [   0.0799 ] Generating coldboot mb1-bct
00:10:05.990 - Info: [   0.0806 ] tegrabct_v2 --chip 0x23 0 --mb1bct mb1_cold_boot_bct.cfg --misc tegra234-mb1-bct-misc-p3767-0000_cpp.dtb --device tegra234-mb1-bct-device-p3767-0000_cpp.dtb --minratchet tegra234-mb1-bct-ratchet-p3767-0000_cpp.dtb --ratchet_blob ratchet_blob.bin
00:10:05.990 - Info: [   0.0812 ] MB1-BCT version: 0.13
00:10:05.992 - Info: 
00:10:05.992 - Info: [   0.0832 ] Parsing config file :tegra234-mb1-bct-device-p3767-0000_cpp.dtb 
00:10:05.992 - Info: [   0.0836 ] Added Platform Config 9 data with size :- 100
00:10:05.997 - Info: [   0.0839 ] 
00:10:05.997 - Info: [   0.0839 ] Parsing config file :tegra234-mb1-bct-ratchet-p3767-0000_cpp.dtb 
00:10:05.997 - Info: [   0.0839 ] 
00:10:05.997 - Info: [   0.0839 ] Updating mb1-bct with firmware information
00:10:05.997 - Info: [   0.0846 ] tegrabct_v2 --chip 0x23 0 --mb1bct mb1_cold_boot_bct_MB1.bct --updatefwinfo readinfo_t234_min_prod.xml.bin
00:10:05.997 - Info: [   0.0862 ] tegrahost_v2 --chip 0x23 0 --align mb1_cold_boot_bct_MB1_aligned.bct
00:10:05.997 - Info: [   0.0869 ] Generating SHA2 Hash for mb1bct
00:10:05.998 - Info: [   0.0899 ] Sha saved in mb1_cold_boot_bct_MB1_aligned.sha
00:10:06.000 - Info: [   0.0910 ] Sha saved in mb1_cold_boot_bct_MB1.sha
00:10:06.000 - Info: [   0.0906 ] tegrahost_v2 --chip 0x23 0 --magicid MBCT --ratchet_blob ratchet_blob.bin --appendsigheader mb1_cold_boot_bct_MB1_aligned.bct zerosbk
00:10:06.000 - Info: [   0.0917 ] adding BCH for mb1_cold_boot_bct_MB1_aligned.bct
00:10:06.003 - Info: [   0.0944 ] tegrasign_v3.py --key None --list mb1_cold_boot_bct_MB1_aligned_sigheader.bct_list.xml --pubkeyhash pub_key.key --sha sha512
00:10:06.003 - Info: [   0.0946 ] Assuming zero filled SBK key
00:10:06.009 - Info: [   0.0965 ] Warning: pub_key.key is not found
00:10:06.009 - Info: [   0.0959 ] tegrahost_v2 --chip 0x23 0 --updatesigheader mb1_cold_boot_bct_MB1_aligned_sigheader.bct.encrypt mb1_cold_boot_bct_MB1_aligned_sigheader.bct.hash zerosbk
00:10:06.009 - Info: [   0.0975 ] tegrahost_v2 --chip 0x23 0 --partitionlayout readinfo_t234_min_prod.xml.bin --ratchet_blob ratchet_blob.bin --list images_list.xml zerosbk
00:10:06.009 - Info: [   0.0984 ] MB1: Nvheader already present is mb1_t234_prod_aligned.bin
00:10:06.010 - Info: [   0.1012 ] Header already present for mb1_t234_prod_aligned_sigheader.bin
00:10:06.018 - Info: [   0.1019 ] MB1: Nvheader already present is mb1_t234_prod_aligned.bin
00:10:06.019 - Info: [   0.1097 ] Header already present for mb1_t234_prod_aligned_sigheader.bin
00:10:06.028 - Info: [   0.1106 ] MB1: Nvheader already present is psc_bl1_t234_prod_aligned.bin
00:10:06.028 - Info: [   0.1195 ] Header already present for psc_bl1_t234_prod_aligned_sigheader.bin
00:10:06.036 - Info: [   0.1199 ] adding BCH for mb2_t234_aligned.bin
00:10:06.052 - Info: [   0.1274 ] MB1: Nvheader already present is psc_bl1_t234_prod_aligned.bin
00:10:06.052 - Info: [   0.1436 ] Header already present for psc_bl1_t234_prod_aligned_sigheader.bin
00:10:06.056 - Info: [   0.1440 ] adding BCH for mb2_t234_aligned.bin
00:10:06.086 - Info: [   0.1631 ] Filling MB1 storage info
00:10:06.086 - Info: [   0.1631 ] Parsing dev params for multi chains
00:10:06.086 - Info: [   0.1732 ] Generating br-bct
00:10:06.086 - Info: [   0.1741 ] Updating dev and MSS params in BR BCT
00:10:06.086 - Info: [   0.1741 ] tegrabct_v2 --dev_param tegra234-br-bct-diag-boot_cpp.dtb --brbct br_bct.cfg --chip 0x23 0
00:10:06.086 - Info: [   0.1761 ] Updating bl info
00:10:06.086 - Info: [   0.1768 ] tegrabct_v2 --brbct br_bct_BR.bct --chip 0x23 0 --updateblinfo readinfo_t234_min_prod.xml.bin
00:10:06.087 - Info: [   0.1773 ] WARNING: boot chain is not completed. set to 0
00:10:06.088 - Info: [   0.1783 ] Generating signatures
00:10:06.088 - Info: [   0.1797 ] tegrasign_v3.py --key None --list images_list.xml --pubkeyhash pub_key.key --sha sha512
00:10:06.088 - Info: [   0.1799 ] Assuming zero filled SBK key
00:10:06.118 - Info: [   0.2040 ] Warning: pub_key.key is not found
00:10:06.118 - Info: [   0.2029 ] Parsing dev params for multi chains
00:10:06.118 - Info: [   0.2029 ] Generating br-bct
00:10:06.118 - Info: [   0.2043 ] Updating dev and MSS params in BR BCT
00:10:06.118 - Info: [   0.2044 ] tegrabct_v2 --dev_param tegra234-br-bct-diag-boot_cpp.dtb --brbct br_bct.cfg --chip 0x23 0
00:10:06.118 - Info: [   0.2053 ] Updating bl info
00:10:06.118 - Info: [   0.2065 ] tegrabct_v2 --brbct br_bct_BR.bct --chip 0x23 0 --updateblinfo readinfo_t234_min_prod.xml.bin --updatesig images_list_signed.xml
00:10:06.118 - Info: [   0.2093 ] WARNING: boot chain is not completed. set to 0
00:10:06.147 - Info: [   0.2123 ] Generating SHA2 Hash
00:10:06.147 - Info: [   0.2157 ] Sha saved in br_bct_BR.sha
00:10:06.147 - Info: [   0.2145 ] Get Signed section of bct
00:10:06.147 - Info: [   0.2162 ] tegrabct_v2 --brbct br_bct_BR.bct --chip 0x23 0 --listbct bct_list.xml
00:10:06.147 - Info: [   0.2202 ] Signing BCT
00:10:06.147 - Info: [   0.2216 ] tegrasign_v3.py --key None --list bct_list.xml --pubkeyhash pub_key.key --sha sha512
00:10:06.147 - Info: [   0.2219 ] Assuming zero filled SBK key
00:10:06.147 - Info: [   0.2260 ] Sha saved in br_bct_BR.sha
00:10:06.147 - Info: [   0.2264 ] Warning: pub_key.key is not found
00:10:06.147 - Info: [   0.2250 ] Updating BCT with signature
00:10:06.147 - Info: [   0.2271 ] tegrabct_v2 --brbct br_bct_BR.bct --chip 0x23 0 --updatesig bct_list_signed.xml
00:10:06.147 - Info: [   0.2288 ] Offset :4608 Len :3584
00:10:06.147 - Info: [   0.2288 ] 
00:10:06.147 - Info: [   0.2288 ] Generating SHA2 Hash
00:10:06.147 - Info: [   0.2302 ] tegrasign_v3.py --key None --list bct_list.xml --sha sha512
00:10:06.147 - Info: [   0.2304 ] Assuming zero filled SBK key
00:10:06.147 - Info: [   0.2304 ] Assuming zero filled SBK key
00:10:06.147 - Info: [   0.2343 ] Sha saved in br_bct_BR.sha
00:10:06.147 - Info: [   0.2334 ] Updating BCT with SHA2 Hash
00:10:06.147 - Info: [   0.2348 ] tegrabct_v2 --brbct br_bct_BR.bct --chip 0x23 0 --updatesha bct_list_signed.xml
00:10:06.147 - Info: [   0.2360 ] Offset :4608 Len :3584
00:10:06.147 - Info: [   0.2360 ] Offset :68 Len :8124
00:10:06.147 - Info: [   0.2361 ] 
00:10:06.147 - Info: [   0.2362 ] Generating coldboot mb1-bct
00:10:06.147 - Info: [   0.2376 ] tegrabct_v2 --chip 0x23 0 --mb1bct mb1_cold_boot_bct.cfg --misc tegra234-mb1-bct-misc-p3767-0000_cpp.dtb --device tegra234-mb1-bct-device-p3767-0000_cpp.dtb --minratchet tegra234-mb1-bct-ratchet-p3767-0000_cpp.dtb --ratchet_blob ratchet_blob.bin
00:10:06.147 - Info: [   0.2383 ] MB1-BCT version: 0.13
00:10:06.149 - Info: 
00:10:06.150 - Info: [   0.2412 ] Parsing config file :tegra234-mb1-bct-device-p3767-0000_cpp.dtb 
00:10:06.162 - Info: [   0.2419 ] Added Platform Config 9 data with size :- 100
00:10:06.162 - Info: [   0.2419 ] 
00:10:06.162 - Info: [   0.2419 ] Parsing config file :tegra234-mb1-bct-ratchet-p3767-0000_cpp.dtb 
00:10:06.162 - Info: [   0.2419 ] 
00:10:06.162 - Info: [   0.2419 ] Updating mb1-bct with firmware information
00:10:06.162 - Info: [   0.2426 ] tegrabct_v2 --chip 0x23 0 --mb1bct mb1_cold_boot_bct_MB1.bct --updatefwinfo readinfo_t234_min_prod.xml.bin
00:10:06.162 - Info: [   0.2460 ] tegrahost_v2 --chip 0x23 0 --align mb1_cold_boot_bct_MB1_aligned.bct
00:10:06.162 - Info: [   0.2471 ] Generating SHA2 Hash for mb1bct
00:10:06.162 - Info: [   0.2505 ] Sha saved in mb1_cold_boot_bct_MB1_aligned.sha
00:10:06.162 - Info: [   0.2527 ] Sha saved in mb1_cold_boot_bct_MB1.sha
00:10:06.162 - Info: [   0.2527 ] tegrahost_v2 --chip 0x23 0 --magicid MBCT --ratchet_blob ratchet_blob.bin --appendsigheader mb1_cold_boot_bct_MB1_aligned.bct zerosbk
00:10:06.163 - Info: [   0.2532 ] adding BCH for mb1_cold_boot_bct_MB1_aligned.bct
00:10:06.176 - Info: [   0.2593 ] tegrasign_v3.py --key None --list mb1_cold_boot_bct_MB1_aligned_sigheader.bct_list.xml --pubkeyhash pub_key.key --sha sha512
00:10:06.176 - Info: [   0.2597 ] Assuming zero filled SBK key
00:10:06.176 - Info: [   0.2626 ] Warning: pub_key.key is not found
00:10:06.176 - Info: [   0.2621 ] tegrahost_v2 --chip 0x23 0 --updatesigheader mb1_cold_boot_bct_MB1_aligned_sigheader.bct.encrypt mb1_cold_boot_bct_MB1_aligned_sigheader.bct.hash zerosbk
00:10:06.176 - Info: [   0.2645 ] Generating recovery mb1-bct
00:10:06.176 - Info: [   0.2654 ] tegrabct_v2 --chip 0x23 0 --mb1bct mb1_bct.cfg --misc tegra234-mb1-bct-misc-p3767-0000_cpp.dtb --device tegra234-mb1-bct-device-p3767-0000_cpp.dtb --minratchet tegra234-mb1-bct-ratchet-p3767-0000_cpp.dtb --ratchet_blob ratchet_blob.bin
00:10:06.176 - Info: [   0.2668 ] MB1-BCT version: 0.13
00:10:06.178 - Info: 
00:10:06.179 - Info: [   0.2701 ] Parsing config file :tegra234-mb1-bct-device-p3767-0000_cpp.dtb 
00:10:06.179 - Info: [   0.2706 ] Added Platform Config 9 data with size :- 100
00:10:06.189 - Info: [   0.2712 ] 
00:10:06.189 - Info: [   0.2712 ] Parsing config file :tegra234-mb1-bct-ratchet-p3767-0000_cpp.dtb 
00:10:06.189 - Info: [   0.2712 ] 
00:10:06.189 - Info: [   0.2712 ] Updating mb1-bct with firmware information
00:10:06.189 - Info: [   0.2733 ] tegrabct_v2 --chip 0x23 0 --mb1bct mb1_bct_MB1.bct --recov --updatefwinfo readinfo_t234_min_prod.xml.bin
00:10:06.189 - Info: [   0.2773 ] tegrahost_v2 --chip 0x23 0 --align mb1_bct_MB1_aligned.bct
00:10:06.189 - Info: [   0.2782 ] Generating SHA2 Hash for mb1bct
00:10:06.194 - Info: [   0.2821 ] Sha saved in mb1_bct_MB1_aligned.sha
00:10:06.194 - Info: [   0.2848 ] Sha saved in mb1_bct_MB1.sha
00:10:06.194 - Info: [   0.2840 ] tegrahost_v2 --chip 0x23 0 --magicid MBCT --ratchet_blob ratchet_blob.bin --appendsigheader mb1_bct_MB1_aligned.bct zerosbk
00:10:06.194 - Info: [   0.2848 ] adding BCH for mb1_bct_MB1_aligned.bct
00:10:06.199 - Info: [   0.2883 ] tegrasign_v3.py --key None --list mb1_bct_MB1_aligned_sigheader.bct_list.xml --pubkeyhash pub_key.key --sha sha512
00:10:06.199 - Info: [   0.2890 ] Assuming zero filled SBK key
00:10:06.212 - Info: [   0.2931 ] Warning: pub_key.key is not found
00:10:06.212 - Info: [   0.2934 ] tegrahost_v2 --chip 0x23 0 --updatesigheader mb1_bct_MB1_aligned_sigheader.bct.encrypt mb1_bct_MB1_aligned_sigheader.bct.hash zerosbk
00:10:06.212 - Info: [   0.2949 ] Info: Skip generating mem_bct because sdram_config is not defined
00:10:06.212 - Info: [   0.2949 ] Info: Skip generating mem_bct because sdram_config is not defined
00:10:06.212 - Info: [   0.2949 ] Copying signatures
00:10:06.212 - Info: [   0.2954 ] tegrahost_v2 --chip 0x23 0 --partitionlayout readinfo_t234_min_prod.xml.bin --updatesig images_list_signed.xml
00:10:06.212 - Info: [   0.3013 ] mb1_t234_prod_aligned_sigheader.bin.encrypt filename is from images_list
00:10:06.212 - Info: [   0.3016 ] psc_bl1_t234_prod_aligned_sigheader.bin.encrypt filename is from images_list
00:10:06.212 - Info: [   0.3016 ] Boot Rom communication
00:10:06.212 - Info: [   0.3024 ] tegrarcm_v2 --new_session --chip 0x23 0 --uid --download bct_br br_bct_BR.bct --download mb1 mb1_t234_prod_aligned_sigheader.bin.encrypt --download psc_bl1 psc_bl1_t234_prod_aligned_sigheader.bin.encrypt --download bct_mb1 mb1_bct_MB1_sigheader.bct.encrypt
00:10:06.213 - Info: [   0.3030 ] BR_CID: 0x80012344705E01E35000000009FD8180
00:10:06.213 - Info: [   0.3044 ] Sending bct_br
00:10:06.214 - Info: [   0.3046 ] Sending mb1
00:10:06.224 - Info: [   0.3056 ] Sending psc_bl1
00:10:06.229 - Info: [   0.3156 ] Sending bct_mb1
00:10:06.236 - Info: [   0.3223 ] Boot Rom communication completed
00:10:06.236 - Info: [   0.3254 ] tegrahost_v2 --chip 0x23 0 --align applet_t234_aligned.bin
00:10:06.236 - Info: [   0.3266 ] tegrahost_v2 --chip 0x23 0 --magicid MB2A --ratchet_blob ratchet_blob.bin --appendsigheader applet_t234_aligned.bin zerosbk
00:10:06.236 - Info: [   0.3270 ] adding BCH for applet_t234_aligned.bin
00:10:06.251 - Info: [   0.3408 ] tegrasign_v3.py --key None --list applet_t234_aligned_sigheader.bin_list.xml --pubkeyhash pub_key.key --sha sha512
00:10:06.251 - Info: [   0.3411 ] Assuming zero filled SBK key
00:10:06.459 - Info: [   0.3457 ] Warning: pub_key.key is not found
00:10:06.459 - Info: [   0.3454 ] tegrahost_v2 --chip 0x23 0 --updatesigheader applet_t234_aligned_sigheader.bin.encrypt applet_t234_aligned_sigheader.bin.hash zerosbk
00:10:06.459 - Info: [   0.3475 ] Sending mb2_applet...
00:10:06.459 - Info: 
00:10:06.459 - Info: [   0.3480 ] tegrarcm_v2 --chip 0x23 0 --pollbl --download applet applet_t234_sigheader.bin.encrypt
00:10:06.460 - Info: [   0.3486 ] BL: version 1.4.0.7-t234-54845784-56c609fa last_boot_error: 0
00:10:06.461 - Info: [   0.5520 ] Sending applet
00:10:06.742 - Info: [   0.6499 ] completed
00:10:06.742 - Info: [   0.6511 ] tegrarcm_v2 --chip 0x23 0 --ismb2applet
00:10:06.742 - Info: [   0.6517 ] MB2 Applet version 01.00.0000
00:10:06.745 - Info: [   0.8337 ] tegrarcm_v2 --chip 0x23 0 --ismb2applet
00:10:06.745 - Info: [   0.8344 ] MB2 Applet version 01.00.0000
00:10:06.748 - Info: [   0.8371 ] Parsing fuse info as per xml file
00:10:06.748 - Info: [   0.8383 ] tegraparser_v2 --chip 0x23 0 --get_fuse_names fuse_t234.xml read_fuse_names.txt
00:10:06.748 - Info: [   0.8394 ] MagicId=0x45535546 version=0x2
00:10:06.755 - Info: [   0.8399 ] trying to read fuse with MB2 Applet
00:10:06.755 - Info: [   0.8410 ] tegraparser_v2 --chip 0x23 0 --read_fusetype PublicKeyHash read_fuse.bin
00:10:06.755 - Info: [   0.8437 ] tegrarcm_v2 --oem readfuses __fuse_read_scatter.bin read_fuse.bin
00:10:06.755 - Info: [   0.8442 ] MB2 Applet version 01.00.0000
00:10:06.761 - Info: [   0.8468 ] Saved read fuses in file __fuse_read_scatter.bin
00:10:06.764 - Info: [   0.8527 ] Fuse read successful
00:10:06.771 - Info: [   0.8558 ] tegraparser_v2 --chip 0x23 0 --read_fusetype PkcPubkeyHash1 read_fuse.bin
00:10:06.771 - Info: [   0.8580 ] tegrarcm_v2 --oem readfuses __fuse_read_scatter.bin read_fuse.bin
00:10:06.771 - Info: [   0.8597 ] MB2 Applet version 01.00.0000
00:10:06.776 - Info: [   0.8623 ] Saved read fuses in file __fuse_read_scatter.bin
00:10:06.778 - Info: [   0.8682 ] Fuse read successful
00:10:06.784 - Info: [   0.8704 ] tegraparser_v2 --chip 0x23 0 --read_fusetype PkcPubkeyHash2 read_fuse.bin
00:10:06.784 - Info: [   0.8724 ] tegrarcm_v2 --oem readfuses __fuse_read_scatter.bin read_fuse.bin
00:10:06.784 - Info: [   0.8730 ] MB2 Applet version 01.00.0000
00:10:06.790 - Info: [   0.8757 ] Saved read fuses in file __fuse_read_scatter.bin
00:10:06.790 - Info: [   0.8814 ] Fuse read successful
00:10:06.796 - Info: [   0.8828 ] tegraparser_v2 --chip 0x23 0 --read_fusetype BootSecurityInfo read_fuse.bin
00:10:06.796 - Info: [   0.8839 ] tegrarcm_v2 --oem readfuses __fuse_read_scatter.bin read_fuse.bin
00:10:06.796 - Info: [   0.8845 ] MB2 Applet version 01.00.0000
00:10:06.802 - Info: [   0.8876 ] Saved read fuses in file __fuse_read_scatter.bin
00:10:06.802 - Info: [   0.8934 ] Fuse read successful
00:10:06.807 - Info: [   0.8950 ] tegraparser_v2 --chip 0x23 0 --read_fusetype ArmJtagDisable read_fuse.bin
00:10:06.807 - Info: [   0.8960 ] tegrarcm_v2 --oem readfuses __fuse_read_scatter.bin read_fuse.bin
00:10:06.807 - Info: [   0.8963 ] MB2 Applet version 01.00.0000
00:10:06.813 - Info: [   0.8987 ] Saved read fuses in file __fuse_read_scatter.bin
00:10:06.814 - Info: [   0.9050 ] Fuse read successful
00:10:06.821 - Info: [   0.9066 ] tegraparser_v2 --chip 0x23 0 --read_fusetype SecurityMode read_fuse.bin
00:10:06.821 - Info: [   0.9093 ] tegrarcm_v2 --oem readfuses __fuse_read_scatter.bin read_fuse.bin
00:10:06.821 - Info: [   0.9100 ] MB2 Applet version 01.00.0000
00:10:06.827 - Info: [   0.9129 ] Saved read fuses in file __fuse_read_scatter.bin
00:10:06.828 - Info: [   0.9190 ] Fuse read successful
00:10:06.835 - Info: [   0.9211 ] tegraparser_v2 --chip 0x23 0 --read_fusetype SwReserved read_fuse.bin
00:10:06.835 - Info: [   0.9234 ] tegrarcm_v2 --oem readfuses __fuse_read_scatter.bin read_fuse.bin
00:10:06.835 - Info: [   0.9241 ] MB2 Applet version 01.00.0000
00:10:06.841 - Info: [   0.9268 ] Saved read fuses in file __fuse_read_scatter.bin
00:10:06.842 - Info: [   0.9326 ] Fuse read successful
00:10:06.847 - Info: [   0.9342 ] tegraparser_v2 --chip 0x23 0 --read_fusetype DebugAuthentication read_fuse.bin
00:10:06.847 - Info: [   0.9359 ] tegrarcm_v2 --oem readfuses __fuse_read_scatter.bin read_fuse.bin
00:10:06.848 - Info: [   0.9365 ] MB2 Applet version 01.00.0000
00:10:06.853 - Info: [   0.9394 ] Saved read fuses in file __fuse_read_scatter.bin
00:10:06.854 - Info: [   0.9449 ] Fuse read successful
00:10:06.858 - Info: [   0.9463 ] tegraparser_v2 --chip 0x23 0 --read_fusetype OdmInfo read_fuse.bin
00:10:06.858 - Info: [   0.9473 ] tegrarcm_v2 --oem readfuses __fuse_read_scatter.bin read_fuse.bin
00:10:06.858 - Info: [   0.9476 ] MB2 Applet version 01.00.0000
00:10:06.864 - Info: [   0.9500 ] Saved read fuses in file __fuse_read_scatter.bin
00:10:06.865 - Info: [   0.9563 ] Fuse read successful
00:10:06.872 - Info: [   0.9578 ] tegraparser_v2 --chip 0x23 0 --read_fusetype OdmId read_fuse.bin
00:10:06.872 - Info: [   0.9604 ] tegrarcm_v2 --oem readfuses __fuse_read_scatter.bin read_fuse.bin
00:10:06.872 - Info: [   0.9610 ] MB2 Applet version 01.00.0000
00:10:06.878 - Info: [   0.9637 ] Saved read fuses in file __fuse_read_scatter.bin
00:10:06.879 - Info: [   0.9695 ] Fuse read successful
00:10:06.885 - Info: [   0.9716 ] tegraparser_v2 --chip 0x23 0 --read_fusetype OdmLock read_fuse.bin
00:10:06.885 - Info: [   0.9736 ] tegrarcm_v2 --oem readfuses __fuse_read_scatter.bin read_fuse.bin
00:10:06.885 - Info: [   0.9743 ] MB2 Applet version 01.00.0000
00:10:06.891 - Info: [   0.9772 ] Saved read fuses in file __fuse_read_scatter.bin
00:10:06.892 - Info: [   0.9830 ] Fuse read successful
00:10:06.898 - Info: [   0.9845 ] tegraparser_v2 --chip 0x23 0 --read_fusetype ReservedOdm0 read_fuse.bin
00:10:06.898 - Info: [   0.9864 ] tegrarcm_v2 --oem readfuses __fuse_read_scatter.bin read_fuse.bin
00:10:06.899 - Info: [   0.9871 ] MB2 Applet version 01.00.0000
00:10:06.904 - Info: [   0.9909 ] Saved read fuses in file __fuse_read_scatter.bin
00:10:06.905 - Info: [   0.9956 ] Fuse read successful
00:10:06.909 - Info: [   0.9971 ] tegraparser_v2 --chip 0x23 0 --read_fusetype ReservedOdm1 read_fuse.bin
00:10:06.909 - Info: [   0.9981 ] tegrarcm_v2 --oem readfuses __fuse_read_scatter.bin read_fuse.bin
00:10:06.909 - Info: [   0.9984 ] MB2 Applet version 01.00.0000
00:10:06.916 - Info: [   1.0012 ] Saved read fuses in file __fuse_read_scatter.bin
00:10:06.916 - Info: [   1.0077 ] Fuse read successful
00:10:06.922 - Info: [   1.0092 ] tegraparser_v2 --chip 0x23 0 --read_fusetype ReservedOdm2 read_fuse.bin
00:10:06.922 - Info: [   1.0108 ] tegrarcm_v2 --oem readfuses __fuse_read_scatter.bin read_fuse.bin
00:10:06.922 - Info: [   1.0112 ] MB2 Applet version 01.00.0000
00:10:06.928 - Info: [   1.0137 ] Saved read fuses in file __fuse_read_scatter.bin
00:10:06.930 - Info: [   1.0199 ] Fuse read successful
00:10:06.936 - Info: [   1.0227 ] tegraparser_v2 --chip 0x23 0 --read_fusetype ReservedOdm3 read_fuse.bin
00:10:06.936 - Info: [   1.0242 ] tegrarcm_v2 --oem readfuses __fuse_read_scatter.bin read_fuse.bin
00:10:06.936 - Info: [   1.0256 ] MB2 Applet version 01.00.0000
00:10:06.942 - Info: [   1.0283 ] Saved read fuses in file __fuse_read_scatter.bin
00:10:06.943 - Info: [   1.0341 ] Fuse read successful
00:10:06.950 - Info: [   1.0363 ] tegraparser_v2 --chip 0x23 0 --read_fusetype ReservedOdm4 read_fuse.bin
00:10:06.950 - Info: [   1.0385 ] tegrarcm_v2 --oem readfuses __fuse_read_scatter.bin read_fuse.bin
00:10:06.950 - Info: [   1.0394 ] MB2 Applet version 01.00.0000
00:10:06.956 - Info: [   1.0421 ] Saved read fuses in file __fuse_read_scatter.bin
00:10:06.957 - Info: [   1.0483 ] Fuse read successful
00:10:06.962 - Info: [   1.0496 ] tegraparser_v2 --chip 0x23 0 --read_fusetype ReservedOdm5 read_fuse.bin
00:10:06.962 - Info: [   1.0507 ] tegrarcm_v2 --oem readfuses __fuse_read_scatter.bin read_fuse.bin
00:10:06.962 - Info: [   1.0511 ] MB2 Applet version 01.00.0000
00:10:06.968 - Info: [   1.0537 ] Saved read fuses in file __fuse_read_scatter.bin
00:10:06.969 - Info: [   1.0597 ] Fuse read successful
00:10:06.974 - Info: [   1.0614 ] tegraparser_v2 --chip 0x23 0 --read_fusetype ReservedOdm6 read_fuse.bin
00:10:06.974 - Info: [   1.0626 ] tegrarcm_v2 --oem readfuses __fuse_read_scatter.bin read_fuse.bin
00:10:06.974 - Info: [   1.0629 ] MB2 Applet version 01.00.0000
00:10:06.980 - Info: [   1.0654 ] Saved read fuses in file __fuse_read_scatter.bin
00:10:06.981 - Info: [   1.0722 ] Fuse read successful
00:10:06.987 - Info: [   1.0748 ] tegraparser_v2 --chip 0x23 0 --read_fusetype ReservedOdm7 read_fuse.bin
00:10:06.987 - Info: [   1.0763 ] tegrarcm_v2 --oem readfuses __fuse_read_scatter.bin read_fuse.bin
00:10:06.988 - Info: [   1.0768 ] MB2 Applet version 01.00.0000
00:10:06.994 - Info: [   1.0794 ] Saved read fuses in file __fuse_read_scatter.bin
00:10:06.995 - Info: [   1.0856 ] Fuse read successful
00:10:07.002 - Info: [   1.0880 ] tegraparser_v2 --chip 0x23 0 --read_fusetype Sku read_fuse.bin
00:10:07.002 - Info: [   1.0902 ] tegrarcm_v2 --oem readfuses __fuse_read_scatter.bin read_fuse.bin
00:10:07.002 - Info: [   1.0912 ] MB2 Applet version 01.00.0000
00:10:07.008 - Info: [   1.0942 ] Saved read fuses in file __fuse_read_scatter.bin
00:10:07.010 - Info: [   1.0999 ] Fuse read successful
00:10:07.015 - Info: [   1.1015 ] tegraparser_v2 --chip 0x23 0 --read_fusetype Uid read_fuse.bin
00:10:07.015 - Info: [   1.1033 ] tegrarcm_v2 --oem readfuses __fuse_read_scatter.bin read_fuse.bin
00:10:07.015 - Info: [   1.1038 ] MB2 Applet version 01.00.0000
00:10:07.021 - Info: [   1.1067 ] Saved read fuses in file __fuse_read_scatter.bin
00:10:07.022 - Info: [   1.1127 ] Fuse read successful
00:10:07.026 - Info: [   1.1140 ] tegraparser_v2 --chip 0x23 0 --read_fusetype OptEmcDisable read_fuse.bin
00:10:07.026 - Info: [   1.1150 ] tegrarcm_v2 --oem readfuses __fuse_read_scatter.bin read_fuse.bin
00:10:07.026 - Info: [   1.1153 ] MB2 Applet version 01.00.0000
00:10:07.033 - Info: [   1.1178 ] Saved read fuses in file __fuse_read_scatter.bin
00:10:07.033 - Info: [   1.1247 ] Fuse read successful
00:10:07.041 - Info: [   1.1298 ] tegrarcm_v2 --chip 0x23 0 --ismb2applet
00:10:07.041 - Info: [   1.1301 ] MB2 Applet version 01.00.0000
00:10:07.045 - Info: [   1.1332 ] Retrieving board information
00:10:07.046 - Info: [   1.1337 ] tegrarcm_v2 --chip 0x23 0 --oem platformdetails chip chip_info.bin
00:10:07.046 - Info: [   1.1342 ] MB2 Applet version 01.00.0000
00:10:07.051 - Info: [   1.1376 ] Saved platform info in chip_info.bin
00:10:07.051 - Info: [   1.1430 ] Chip minor revision: 1
00:10:07.051 - Info: [   1.1431 ] Bootrom revision: 0x7
00:10:07.052 - Info: [   1.1433 ] Ram code: 0x3
00:10:07.052 - Info: [   1.1434 ] Chip sku: 0xd5
00:10:07.052 - Info: [   1.1434 ] Chip Sample: prod
00:10:07.055 - Info: [   1.1440 ] Retrieving EEPROM data
00:10:07.055 - Info: [   1.1441 ] tegrarcm_v2 --oem platformdetails eeprom cvm /home/chuy/nvidia/nvidia_sdk/JetPack_6.2.2_Linux_JETSON_ORIN_NANO_TARGETS/Linux_for_Tegra/bootloader/cvm.bin --chip 0x23 0
00:10:07.055 - Info: [   1.1445 ] MB2 Applet version 01.00.0000
00:10:07.088 - Info: [   1.1470 ] Saved platform info in /home/chuy/nvidia/nvidia_sdk/JetPack_6.2.2_Linux_JETSON_ORIN_NANO_TARGETS/Linux_for_Tegra/bootloader/cvm.bin
00:10:07.096 - Info: [   1.1848 ] tegrarcm_v2 --chip 0x23 0 --ismb2applet
00:10:07.096 - Info: [   1.1858 ] MB2 Applet version 01.00.0000
00:10:07.101 - Info: [   1.1882 ] Dumping customer Info
00:10:07.101 - Info: [   1.1890 ] tegrarcm_v2 --chip 0x23 0 --oem dump bct tmp.bct
00:10:07.101 - Info: [   1.1898 ] MB2 Applet version 01.00.0000
00:10:07.120 - Info: [   1.1925 ] Saved bct in tmp.bct
00:10:07.122 - Info: [   1.2135 ] tegrabct_v2 --brbct tmp.bct --chip 0x23 0 --custinfo /home/chuy/nvidia/nvidia_sdk/JetPack_6.2.2_Linux_JETSON_ORIN_NANO_TARGETS/Linux_for_Tegra/bootloader/custinfo_out.bin
00:10:07.130 - Info: [   1.2138 ] Custo[   1.2142 ] mer data saved in /home/chuy/nvidia/nvidia_sdk/JetPack_6.2.2_Linux_JETSON_ORIN_NANO_TARGETS/Linux_for_Tegra/bootloader/custinfo_out.bin successfully
00:10:07.130 - Info: [   1.2142 ] Rebooting to recovery mode
00:10:07.130 - Info: [   1.2146 ] tegrarcm_v2 --chip 0x23 0 --ismb2
00:10:07.130 - Info: [   1.2184 ] tegrarcm_v2 --chip 0x23 0 --ismb2applet
00:10:07.130 - Info: [   1.2193 ] MB2 Applet version 01.00.0000
00:10:07.134 - Info: [   1.2219 ] Booting to recovery mode
00:10:07.134 - Info: [   1.2227 ] tegrarcm_v2 --chip 0x23 0 --reboot recovery
00:10:07.134 - Info: [   1.2237 ] MB2 Applet version 01.00.0000
00:10:09.197 - Info: Board ID(3767) version(301) sku(0003) revision(H.1)
00:10:09.197 - Info: Preset RAMCODE is 3
00:10:09.206 - Info: Chip SKU(00:00:00:D5) ramcode(3) fuselevel(fuselevel_production) board_FAB(301)
00:10:09.407 - Info: Copy /home/chuy/nvidia/nvidia_sdk/JetPack_6.2.2_Linux_JETSON_ORIN_NANO_TARGETS/Linux_for_Tegra/kernel/dtb/tegra234-p3768-0000+p3767-0003-nv.dtb to /home/chuy/nvidia/nvidia_sdk/JetPack_6.2.2_Linux_JETSON_ORIN_NANO_TARGETS/Linux_for_Tegra/kernel/dtb/tegra234-p3768-0000+p3767-0003-nv.dtb.rec
00:10:09.418 - Info: copying bctfile(/home/chuy/nvidia/nvidia_sdk/JetPack_6.2.2_Linux_JETSON_ORIN_NANO_TARGETS/Linux_for_Tegra/bootloader/generic/BCT/tegra234-p3767-0001-sdram-l4t.dts)... done.
00:10:09.421 - Info: copying minratchet_config(/home/chuy/nvidia/nvidia_sdk/JetPack_6.2.2_Linux_JETSON_ORIN_NANO_TARGETS/Linux_for_Tegra/bootloader/generic/BCT/tegra234-mb1-bct-ratchet-p3767-0000.dts)... done.
00:10:09.422 - Info: copying device_config(/home/chuy/nvidia/nvidia_sdk/JetPack_6.2.2_Linux_JETSON_ORIN_NANO_TARGETS/Linux_for_Tegra/bootloader/generic/BCT/tegra234-mb1-bct-device-p3767-0000.dts)... done.
00:10:09.424 - Info: copying misc_config(/home/chuy/nvidia/nvidia_sdk/JetPack_6.2.2_Linux_JETSON_ORIN_NANO_TARGETS/Linux_for_Tegra/bootloader/generic/BCT/tegra234-mb1-bct-misc-p3767-0000.dts)... done.
00:10:09.427 - Info: copying pinmux_config(/home/chuy/nvidia/nvidia_sdk/JetPack_6.2.2_Linux_JETSON_ORIN_NANO_TARGETS/Linux_for_Tegra/bootloader/generic/BCT/tegra234-mb1-bct-pinmux-p3767-dp-a03.dtsi)... done.
00:10:09.431 - Info: copying gpioint_config(/home/chuy/nvidia/nvidia_sdk/JetPack_6.2.2_Linux_JETSON_ORIN_NANO_TARGETS/Linux_for_Tegra/bootloader/generic/BCT/tegra234-mb1-bct-gpioint-p3767-0000.dts)... done.
00:10:09.435 - Info: copying pmic_config(/home/chuy/nvidia/nvidia_sdk/JetPack_6.2.2_Linux_JETSON_ORIN_NANO_TARGETS/Linux_for_Tegra/bootloader/generic/BCT/tegra234-mb1-bct-pmic-p3767-0000-a02.dts)... done.
00:10:09.437 - Info: copying pmc_config(/home/chuy/nvidia/nvidia_sdk/JetPack_6.2.2_Linux_JETSON_ORIN_NANO_TARGETS/Linux_for_Tegra/bootloader/generic/BCT/tegra234-mb1-bct-padvoltage-p3767-dp-a03.dtsi)... done.
00:10:09.439 - Info: copying deviceprod_config(/home/chuy/nvidia/nvidia_sdk/JetPack_6.2.2_Linux_JETSON_ORIN_NANO_TARGETS/Linux_for_Tegra/bootloader/generic/BCT/tegra234-mb1-bct-cprod-p3767-0000.dts)... done.
00:10:09.442 - Info: copying prod_config(/home/chuy/nvidia/nvidia_sdk/JetPack_6.2.2_Linux_JETSON_ORIN_NANO_TARGETS/Linux_for_Tegra/bootloader/generic/BCT/tegra234-mb1-bct-prod-p3767-0000.dts)... done.
00:10:09.446 - Info: copying scr_config(/home/chuy/nvidia/nvidia_sdk/JetPack_6.2.2_Linux_JETSON_ORIN_NANO_TARGETS/Linux_for_Tegra/bootloader/generic/BCT/tegra234-mb2-bct-scr-p3767-0000.dts)... done.
00:10:09.450 - Info: copying wb0sdram(/home/chuy/nvidia/nvidia_sdk/JetPack_6.2.2_Linux_JETSON_ORIN_NANO_TARGETS/Linux_for_Tegra/bootloader/generic/BCT/tegra234-p3767-0001-wb0sdram-l4t.dts)... done.
00:10:09.452 - Info: copying bootrom_config(/home/chuy/nvidia/nvidia_sdk/JetPack_6.2.2_Linux_JETSON_ORIN_NANO_TARGETS/Linux_for_Tegra/bootloader/generic/BCT/tegra234-mb1-bct-reset-p3767-0000.dts)... done.
00:10:09.455 - Info: Existing uphylane_config(/home/chuy/nvidia/nvidia_sdk/JetPack_6.2.2_Linux_JETSON_ORIN_NANO_TARGETS/Linux_for_Tegra/bootloader/tegra234-mb1-bct-uphylane-si.dtsi) reused.
00:10:09.458 - Info: copying dev_params(/home/chuy/nvidia/nvidia_sdk/JetPack_6.2.2_Linux_JETSON_ORIN_NANO_TARGETS/Linux_for_Tegra/bootloader/generic/BCT/tegra234-br-bct-p3767-0000-l4t.dts)... done.
00:10:09.464 - Info: copying dev_params_b(/home/chuy/nvidia/nvidia_sdk/JetPack_6.2.2_Linux_JETSON_ORIN_NANO_TARGETS/Linux_for_Tegra/bootloader/generic/BCT/tegra234-br-bct_b-p3767-0000-l4t.dts)... done.
00:10:09.470 - Info: copying mb2bct_cfg(/home/chuy/nvidia/nvidia_sdk/JetPack_6.2.2_Linux_JETSON_ORIN_NANO_TARGETS/Linux_for_Tegra/bootloader/generic/BCT/tegra234-mb2-bct-misc-p3767-0000.dts)... done.
00:10:09.477 - Info: Existing pscfwfile(/home/chuy/nvidia/nvidia_sdk/JetPack_6.2.2_Linux_JETSON_ORIN_NANO_TARGETS/Linux_for_Tegra/bootloader/pscfw_t234_prod.bin) reused.
00:10:09.483 - Info: Existing pscbl1file(/home/chuy/nvidia/nvidia_sdk/JetPack_6.2.2_Linux_JETSON_ORIN_NANO_TARGETS/Linux_for_Tegra/bootloader/psc_bl1_t234_prod.bin) reused.
00:10:09.489 - Info: Existing mtsmcefile(/home/chuy/nvidia/nvidia_sdk/JetPack_6.2.2_Linux_JETSON_ORIN_NANO_TARGETS/Linux_for_Tegra/bootloader/mce_flash_o10_cr_prod.bin) reused.
00:10:09.497 - Info: Existing tscfwfile(/home/chuy/nvidia/nvidia_sdk/JetPack_6.2.2_Linux_JETSON_ORIN_NANO_TARGETS/Linux_for_Tegra/bootloader/tsec_t234.bin) reused.
00:10:09.502 - Info: Existing mb2applet(/home/chuy/nvidia/nvidia_sdk/JetPack_6.2.2_Linux_JETSON_ORIN_NANO_TARGETS/Linux_for_Tegra/bootloader/applet_t234.bin) reused.
00:10:09.514 - Info: Existing bootloader(/home/chuy/nvidia/nvidia_sdk/JetPack_6.2.2_Linux_JETSON_ORIN_NANO_TARGETS/Linux_for_Tegra/bootloader/mb2_t234.bin) reused.
00:10:09.594 - Info: copying initrd(/home/chuy/nvidia/nvidia_sdk/JetPack_6.2.2_Linux_JETSON_ORIN_NANO_TARGETS/Linux_for_Tegra/bootloader/l4t_initrd.img)... done.
00:10:09.594 - Info: bl is uefi
00:10:10.454 - Info: Making Boot image... done.
00:10:10.456 - Info: Not signing of boot.img
00:10:10.459 - Info: Making recovery ramdisk for recovery image...
00:10:10.459 - Info: Re-generating recovery ramdisk for recovery image...
00:10:10.845 - Info: /home/chuy/nvidia/nvidia_sdk/JetPack_6.2.2_Linux_JETSON_ORIN_NANO_TARGETS/Linux_for_Tegra/bootloader/ramdisk_tmp /home/chuy/nvidia/nvidia_sdk/JetPack_6.2.2_Linux_JETSON_ORIN_NANO_TARGETS/Linux_for_Tegra/bootloader /home/chuy/nvidia/nvidia_sdk/JetPack_6.2.2_Linux_JETSON_ORIN_NANO_TARGETS/Linux_for_Tegra
00:10:11.023 - Info: 73771 blocks
00:10:11.432 - Info: _BASE_KERNEL_VERSION=5.15.185-tegra
00:10:23.414 - Info: 95490 blocks
00:10:23.494 - Info: Making Recovery image...
00:10:24.373 - Info: copying recdtbfile(/home/chuy/nvidia/nvidia_sdk/JetPack_6.2.2_Linux_JETSON_ORIN_NANO_TARGETS/Linux_for_Tegra/kernel/dtb/tegra234-p3768-0000+p3767-0003-nv.dtb.rec)... done.
00:10:24.379 - Info: 20+0 records in
00:10:24.379 - Info: 20+0 records out
00:10:24.379 - Info: 20 bytes copied, 0.000311589 s, 64.2 kB/s
00:10:24.413 - Info: Existing sosfile(/home/chuy/nvidia/nvidia_sdk/JetPack_6.2.2_Linux_JETSON_ORIN_NANO_TARGETS/Linux_for_Tegra/bootloader/mb1_t234_prod.bin) reused.
00:10:24.419 - Info: Existing tegraboot(/home/chuy/nvidia/nvidia_sdk/JetPack_6.2.2_Linux_JETSON_ORIN_NANO_TARGETS/Linux_for_Tegra/bootloader/mb2_t234.bin) reused.
00:10:24.425 - Info: Existing cpu_bootloader(/home/chuy/nvidia/nvidia_sdk/JetPack_6.2.2_Linux_JETSON_ORIN_NANO_TARGETS/Linux_for_Tegra/bootloader/mb2_t234.bin) reused.
00:10:24.432 - Info: Existing mb2blfile(/home/chuy/nvidia/nvidia_sdk/JetPack_6.2.2_Linux_JETSON_ORIN_NANO_TARGETS/Linux_for_Tegra/bootloader/mb2_t234.bin) reused.
00:10:24.437 - Info: Existing xusbfile(/home/chuy/nvidia/nvidia_sdk/JetPack_6.2.2_Linux_JETSON_ORIN_NANO_TARGETS/Linux_for_Tegra/bootloader/xusb_t234_prod.bin) reused.
00:10:24.455 - Info: Existing pvafile(/home/chuy/nvidia/nvidia_sdk/JetPack_6.2.2_Linux_JETSON_ORIN_NANO_TARGETS/Linux_for_Tegra/bootloader/nvpva_020.fw) reused.
00:10:24.531 - Info: Existing dcefile(/home/chuy/nvidia/nvidia_sdk/JetPack_6.2.2_Linux_JETSON_ORIN_NANO_TARGETS/Linux_for_Tegra/bootloader/display-t234-dce.bin) reused.
00:10:24.538 - Info: Existing nvdecfile(/home/chuy/nvidia/nvidia_sdk/JetPack_6.2.2_Linux_JETSON_ORIN_NANO_TARGETS/Linux_for_Tegra/bootloader/nvdec_t234_prod.fw) reused.
00:10:24.544 - Info: Existing psc_rf(/home/chuy/nvidia/nvidia_sdk/JetPack_6.2.2_Linux_JETSON_ORIN_NANO_TARGETS/Linux_for_Tegra/bootloader/psc_rf_t234_prod.bin) reused.
00:10:24.550 - Info: Existing mb2_rf(/home/chuy/nvidia/nvidia_sdk/JetPack_6.2.2_Linux_JETSON_ORIN_NANO_TARGETS/Linux_for_Tegra/bootloader/mb2rf_t234.bin) reused.
00:10:24.556 - Info: Existing mb1file(/home/chuy/nvidia/nvidia_sdk/JetPack_6.2.2_Linux_JETSON_ORIN_NANO_TARGETS/Linux_for_Tegra/bootloader/mb1_t234_prod.bin) reused.
00:10:24.567 - Info: Existing bpffile(/home/chuy/nvidia/nvidia_sdk/JetPack_6.2.2_Linux_JETSON_ORIN_NANO_TARGETS/Linux_for_Tegra/bootloader/bpmp_t234-TE950M-A1_prod.bin) reused.
00:10:24.571 - Info: copying bpfdtbfile(/home/chuy/nvidia/nvidia_sdk/JetPack_6.2.2_Linux_JETSON_ORIN_NANO_TARGETS/Linux_for_Tegra/bootloader/generic/tegra234-bpmp-3767-0003-3509-a02.dtb)... done.
00:10:24.580 - Info: Existing camerafw(/home/chuy/nvidia/nvidia_sdk/JetPack_6.2.2_Linux_JETSON_ORIN_NANO_TARGETS/Linux_for_Tegra/bootloader/camera-rtcpu-t234-rce.img) reused.
00:10:24.585 - Info: Existing apefile(/home/chuy/nvidia/nvidia_sdk/JetPack_6.2.2_Linux_JETSON_ORIN_NANO_TARGETS/Linux_for_Tegra/bootloader/adsp-fw.bin) reused.
00:10:24.592 - Info: Existing spefile(/home/chuy/nvidia/nvidia_sdk/JetPack_6.2.2_Linux_JETSON_ORIN_NANO_TARGETS/Linux_for_Tegra/bootloader/spe_t234.bin) reused.
00:10:24.599 - Info: Existing wb0boot(/home/chuy/nvidia/nvidia_sdk/JetPack_6.2.2_Linux_JETSON_ORIN_NANO_TARGETS/Linux_for_Tegra/bootloader/sc7_t234_prod.bin) reused.
00:10:24.616 - Info: Existing tosfile(/home/chuy/nvidia/nvidia_sdk/JetPack_6.2.2_Linux_JETSON_ORIN_NANO_TARGETS/Linux_for_Tegra/bootloader/tos-optee_t234.img) reused.
00:10:24.620 - Info: Existing eksfile(/home/chuy/nvidia/nvidia_sdk/JetPack_6.2.2_Linux_JETSON_ORIN_NANO_TARGETS/Linux_for_Tegra/bootloader/eks_t234.img) reused.
00:10:24.623 - Info: copying dtbfile(/home/chuy/nvidia/nvidia_sdk/JetPack_6.2.2_Linux_JETSON_ORIN_NANO_TARGETS/Linux_for_Tegra/kernel/dtb/tegra234-p3768-0000+p3767-0003-nv.dtb)... done.
00:10:24.626 - Info: Copying nv_boot_control.conf to rootfs
00:10:24.645 - Info: Skip generating system.img
00:10:24.645 - Info: Not signing of kernel-dtb
00:10:24.670 - Info: Existing tbcfile(/home/chuy/nvidia/nvidia_sdk/JetPack_6.2.2_Linux_JETSON_ORIN_NANO_TARGETS/Linux_for_Tegra/bootloader/uefi_jetson.bin) reused.
00:10:24.696 - Info: Existing rcm_tbcfile(/home/chuy/nvidia/nvidia_sdk/JetPack_6.2.2_Linux_JETSON_ORIN_NANO_TARGETS/Linux_for_Tegra/bootloader/uefi_jetson.bin) reused.
00:10:24.696 - Info: Skip generating EFI system partition image.
00:10:24.699 - Info: copying tbcdtbfile(/home/chuy/nvidia/nvidia_sdk/JetPack_6.2.2_Linux_JETSON_ORIN_NANO_TARGETS/Linux_for_Tegra/kernel/dtb/tegra234-p3768-0000+p3767-0003-nv.dtb)... done.
00:10:25.049 - Info: copying cfgfile(/home/chuy/nvidia/nvidia_sdk/JetPack_6.2.2_Linux_JETSON_ORIN_NANO_TARGETS/Linux_for_Tegra/bootloader/generic/cfg/flash_t234_qspi_sd.xml) to flash.xml... done.
00:10:25.053 - Info: Existing flashapp(/home/chuy/nvidia/nvidia_sdk/JetPack_6.2.2_Linux_JETSON_ORIN_NANO_TARGETS/Linux_for_Tegra/bootloader/tegraflash.py) reused.
00:10:25.061 - Info: copying overlay_dtb(/home/chuy/nvidia/nvidia_sdk/JetPack_6.2.2_Linux_JETSON_ORIN_NANO_TARGETS/Linux_for_Tegra/kernel/dtb/L4TConfiguration.dtbo)... done.
00:10:25.068 - Info: copying overlay_dtb(/home/chuy/nvidia/nvidia_sdk/JetPack_6.2.2_Linux_JETSON_ORIN_NANO_TARGETS/Linux_for_Tegra/kernel/dtb/tegra234-carveouts.dtbo)... done.
00:10:25.074 - Info: copying overlay_dtb(/home/chuy/nvidia/nvidia_sdk/JetPack_6.2.2_Linux_JETSON_ORIN_NANO_TARGETS/Linux_for_Tegra/kernel/dtb/tegra-optee.dtbo)... done.
00:10:25.082 - Info: copying overlay_dtb(/home/chuy/nvidia/nvidia_sdk/JetPack_6.2.2_Linux_JETSON_ORIN_NANO_TARGETS/Linux_for_Tegra/kernel/dtb/tegra234-p3768-0000+p3767-0000-dynamic.dtbo)... done.
00:10:25.084 - Info: /home/chuy/nvidia/nvidia_sdk/JetPack_6.2.2_Linux_JETSON_ORIN_NANO_TARGETS/Linux_for_Tegra/bootloader/L4TConfiguration_updated.dts: Warning (unit_address_vs_reg): Node /fragment@0 has a unit name, but no reg property
00:10:25.090 - Info: /home/chuy/nvidia/nvidia_sdk/JetPack_6.2.2_Linux_JETSON_ORIN_NANO_TARGETS/Linux_for_Tegra/bootloader/L4TConfiguration.dtbo: Warning (unit_address_vs_reg): Node /fragment@0 has a unit name, but no reg property
00:10:25.094 - Info: /home/chuy/nvidia/nvidia_sdk/JetPack_6.2.2_Linux_JETSON_ORIN_NANO_TARGETS/Linux_for_Tegra/bootloader/L4TConfiguration_updated.dts: Warning (unit_address_vs_reg): Node /fragment@0 has a unit name, but no reg property
00:10:25.106 - Info: /home/chuy/nvidia/nvidia_sdk/JetPack_6.2.2_Linux_JETSON_ORIN_NANO_TARGETS/Linux_for_Tegra/bootloader/L4TConfiguration.dtbo: Warning (unit_address_vs_reg): Node /fragment@0 has a unit name, but no reg property
00:10:25.122 - Info: ./tegraflash.py --bl uefi_jetson_with_dtb.bin --odmdata gbe-uphy-config-8,hsstp-lane-map-3,hsio-uphy-config-0 --overlay_dtb L4TConfiguration.dtbo,tegra234-carveouts.dtbo,tegra-optee.dtbo,tegra234-p3768-0000+p3767-0000-dynamic.dtbo, --bldtb tegra234-p3768-0000+p3767-0003-nv.dtb --applet mb1_t234_prod.bin --cmd "sign" --cfg flash.xml --chip "0x23" --concat_cpubl_bldtb --cpubl uefi_jetson.bin --cpubl_rcm uefi_jetson.bin --minratchet_config tegra234-mb1-bct-ratchet-p3767-0000.dts --device_config tegra234-mb1-bct-device-p3767-0000.dts --misc_config tegra234-mb1-bct-misc-p3767-0000.dts --pinmux_config tegra234-mb1-bct-pinmux-p3767-dp-a03.dtsi --gpioint_config tegra234-mb1-bct-gpioint-p3767-0000.dts --pmic_config tegra234-mb1-bct-pmic-p3767-0000-a02.dts --pmc_config tegra234-mb1-bct-padvoltage-p3767-dp-a03.dtsi --deviceprod_config tegra234-mb1-bct-cprod-p3767-0000.dts --prod_config tegra234-mb1-bct-prod-p3767-0000.dts --scr_config tegra234-mb2-bct-scr-p3767-0000.dts --wb0sdram_config tegra234-p3767-0001-wb0sdram-l4t.dts --br_cmd_config tegra234-mb1-bct-reset-p3767-0000.dts --uphy tegra234-mb1-bct-uphylane-si.dtsi --dev_params tegra234-br-bct-p3767-0000-l4t.dts,tegra234-br-bct_b-p3767-0000-l4t.dts --mb2bct_cfg tegra234-mb2-bct-misc-p3767-0000.dts --bins "psc_fw pscfw_t234_prod.bin; mts_mce mce_flash_o10_cr_prod.bin; tsec_fw tsec_t234.bin; mb2_applet applet_t234.bin; mb2_bootloader mb2_t234.bin; xusb_fw xusb_t234_prod.bin; pva_fw nvpva_020.fw; dce_fw display-t234-dce.bin; nvdec nvdec_t234_prod.fw; bpmp_fw bpmp_t234-TE950M-A1_prod.bin; bpmp_fw_dtb tegra234-bpmp-3767-0003-3509-a02.dtb; rce_fw camera-rtcpu-t234-rce.img; ape_fw adsp-fw.bin; spe_fw spe_t234.bin; tos tos-optee_t234.img; eks eks_t234.img; kernel boot.img; kernel_dtb tegra234-p3768-0000+p3767-0003-nv.dtb" --sdram_config tegra234-p3767-0001-sdram-l4t.dts --cust_info custinfo_out.bin --bct_backup --boot_chain A --ramcode 3 
00:10:26.716 - Info: Welcome to Tegra Flash
00:10:26.716 - Info: version 1.0.0
00:10:26.716 - Info: Type ? or help for help and q or quit to exit
00:10:26.716 - Info: Use ! to execute system commands
00:10:26.716 - Info:  
00:10:26.716 - Info: [   0.0383 ] tegrasign_v3.py --key None --getmode mode.txt
00:10:26.716 - Info: [   0.0384 ] Assuming zero filled SBK key
00:10:26.716 - Info: [   0.0378 ] Parsing partition layout
00:10:26.716 - Info: [   0.0384 ] tegraparser_v2 --pt flash.xml.tmp
00:10:26.716 - Info: [   0.0494 ] Change tegra234-bpmp-3767-0003-3509-a02.dtb to tegra234-bpmp-3767-0003-3509-a02_with_odm.dtb
00:10:26.716 - Info: [   0.0495 ] Change tegra234-bpmp-3767-0003-3509-a02.dtb to tegra234-bpmp-3767-0003-3509-a02_with_odm.dtb
00:10:26.716 - Info: [   0.1433 ] /usr/bin/python3 dtbcheck.py -c t234 -o tegra234-bpmp-3767-0003-3509-a02_with_odm.dtb tegra234-bpmp-3767-0003-3509-a02_with_odm_tmp.dtb
00:10:26.716 - Info: [   0.5473 ] Concatenating L4TConfiguration.dtbo,tegra234-carveouts.dtbo,tegra-optee.dtbo,tegra234-p3768-0000+p3767-0000-dynamic.dtbo to tegra234-p3768-0000+p3767-0003-nv_with_odm_overlay.dtb.updated
00:10:26.716 - Info: [   0.5475 ] Concatenating bl dtb to cpubl binary
00:10:26.716 - Info: [   0.5495 ] Concatenating bl dtb:(tegra234-p3768-0000+p3767-0003-nv_with_odm_overlay.dtb.updated), to cpubl binary: uefi_jetson.bin
00:10:26.716 - Info: [   0.5536 ] MB2 binary: mb2_t234.bin
00:10:26.716 - Info: [   0.5537 ] Pre-processing mb2bct config: tegra234-mb2-bct-misc-p3767-0000.dts
00:10:26.716 - Info: [   0.5697 ] Pre-processing mb2bct config: tegra234-mb2-bct-scr-p3767-0000.dts
00:10:26.716 - Info: [   1.4943 ] Generating coldboot mb2-bct
00:10:26.716 - Info: [   1.4943 ] tegrabct_v2 --chip 0x23 0 --mb2bct mb2_cold_boot_bct.cfg --mb2bctcfg tegra234-mb2-bct-misc-p3767-0000_cpp.dtb --scr tegra234-mb2-bct-scr-p3767-0000_cpp.dtb
00:10:26.716 - Info: [   1.4953 ] WARNING: unknown property 'tfc_version'
00:10:26.716 - Info: [   1.4975 ] WARNING: unknown property 'addr_header_version'
00:10:30.513 - Info: [   1.5115 ] Updating mb2-bct with storage information
00:10:30.513 - Info: [   1.5120 ] tegrabct_v2 --chip 0x23 0 --mb2bct mb2_cold_boot_bct_MB2.bct --updatestorageinfo flash.xml.bin
00:10:30.513 - Info: [   1.5134 ] Concatenating mb2-bct to mb2 binary
00:10:30.513 - Info: [   1.5134 ] mb2_bin_file = mb2_t234.bin
00:10:30.513 - Info: [   1.5134 ] mb2_bct_file = mb2_cold_boot_bct_MB2.bct
00:10:30.513 - Info: [   1.5174 ] DCE binary: display-t234-dce.bin
00:10:30.513 - Info: [   1.5174 ] Kernel DTB used: kernel_tegra234-p3768-0000+p3767-0003-nv.dtb
00:10:30.513 - Info: [   1.5174 ] Concatenating kernel-dtb to dce-fw binary
00:10:30.513 - Info: [   1.5175 ] dce_bin = display-t234-dce.bin
00:10:30.513 - Info: [   1.5175 ] kernel_dtb = kernel_tegra234-p3768-0000+p3767-0003-nv.dtb
00:10:30.513 - Info: [   1.5175 ] dce_with_dtb = display-t234-dce_with_kernel_tegra234-p3768-0000+p3767-0003-nv.bin
00:10:30.513 - Info: [   1.5267 ] Update display-t234-dce_with_kernel_tegra234-p3768-0000+p3767-0003-nv.bin to dce_fw partitions
00:10:30.513 - Info: [   1.5302 ] Parsing partition layout
00:10:30.513 - Info: [   1.5310 ] tegraparser_v2 --pt flash.xml.tmp
00:10:30.513 - Info: [   1.5324 ] Creating list of images to be signed
00:10:30.513 - Info: [   1.5328 ] Generating ratchet blob
00:10:30.513 - Info: [   1.5328 ] Pre-processing config: tegra234-mb1-bct-reset-p3767-0000.dts
00:10:30.513 - Info: [   1.5409 ] Pre-processing config: tegra234-mb1-bct-device-p3767-0000.dts
00:10:30.513 - Info: [   1.5500 ] Pre-processing config: tegra234-mb1-bct-cprod-p3767-0000.dts
00:10:30.513 - Info: [   1.5588 ] Pre-processing config: tegra234-mb1-bct-gpioint-p3767-0000.dts
00:10:30.513 - Info: [   1.5686 ] Pre-processing config: tegra234-mb1-bct-misc-p3767-0000.dts
00:10:30.513 - Info: [   1.5830 ] Pre-processing config: tegra234-mb1-bct-pinmux-p3767-dp-a03.dtsi
00:10:30.513 - Info: [   1.6032 ] Pre-processing config: tegra234-mb1-bct-padvoltage-p3767-dp-a03.dtsi
00:10:30.513 - Info: [   1.6144 ] Pre-processing config: tegra234-mb1-bct-pmic-p3767-0000-a02.dts
00:10:30.513 - Info: [   1.6225 ] Pre-processing config: tegra234-mb1-bct-prod-p3767-0000.dts
00:10:30.513 - Info: [   1.6328 ] Pre-processing config: tegra234-p3767-0001-sdram-l4t.dts
00:10:30.513 - Info: [   3.4502 ] Pre-processing config: tegra234-mb1-bct-uphylane-si.dtsi
00:10:30.513 - Info: [   3.4602 ] Pre-processing config: tegra234-p3767-0001-wb0sdram-l4t.dts
00:10:30.513 - Info: [   5.2772 ] Pre-processing config: tegra234-mb1-bct-ratchet-p3767-0000.dts
00:10:30.513 - Info: [   5.2918 ] Generating coldboot mb1-bct
00:10:30.513 - Info: [   5.2927 ] tegrabct_v2 --chip 0x23 0 --mb1bct mb1_cold_boot_bct.cfg --misc tegra234-mb1-bct-misc-p3767-0000_cpp.dtb --wb0sdram tegra234-p3767-0001-wb0sdram-l4t_cpp.dtb --pinmux tegra234-mb1-bct-pinmux-p3767-dp-a03_cpp.dtb --pmc tegra234-mb1-bct-padvoltage-p3767-dp-a03_cpp.dtb --pmic tegra234-mb1-bct-pmic-p3767-0000-a02_cpp.dtb --brcommand tegra234-mb1-bct-reset-p3767-0000_cpp.dtb --prod tegra234-mb1-bct-prod-p3767-0000_cpp.dtb --gpioint tegra234-mb1-bct-gpioint-p3767-0000_cpp.dtb --uphy tegra234-mb1-bct-uphylane-si_cpp.dtb --device tegra234-mb1-bct-device-p3767-0000_cpp.dtb --deviceprod tegra234-mb1-bct-cprod-p3767-0000_cpp.dtb --minratchet tegra234-mb1-bct-ratchet-p3767-0000_cpp.dtb --ratchet_blob ratchet_blob.bin
00:10:30.513 - Info: [   5.2937 ] MB1-BCT version: 0.13
00:10:30.515 - Info: 
00:10:30.516 - Info: [   5.2967 ] Parsing config file :tegra234-mb1-bct-pinmux-p3767-dp-a03_cpp.dtb 
00:10:30.519 - Info: [   5.2973 ] Added Platform Config 0 data with size :- 2416
00:10:30.519 - Info: 
00:10:30.520 - Info: [   5.3008 ] Parsing config file :tegra234-mb1-bct-padvoltage-p3767-dp-a03_cpp.dtb 
00:10:30.520 - Info: [   5.3013 ] WARNING: unknown node 'g2'
00:10:30.520 - Info: [   5.3014 ] WARNING: unknown node 'g2'
00:10:30.520 - Info: [   5.3016 ] WARNING: unknown node 'g9'
00:10:30.525 - Info: [   5.3019 ] WARNING: unknown node 'g9'
00:10:30.525 - Info: [   5.3019 ] Added Platform Config 2 data with size :- 24
00:10:30.525 - Info: [   5.3019 ] 
00:10:30.525 - Info: [   5.3019 ] Parsing config file :tegra234-mb1-bct-pmic-p3767-0000-a02_cpp.dtb 
00:10:30.525 - Info: [   5.3019 ] Added Platform Config 4 data with size :- 288
00:10:30.525 - Info: [   5.3019 ] 
00:10:30.525 - Info: [   5.3019 ] Parsing config file :tegra234-mb1-bct-reset-p3767-0000_cpp.dtb 
00:10:30.525 - Info: [   5.3019 ] Added Platform Config 3 data with size :- 52
00:10:30.525 - Info: [   5.3019 ] 
00:10:30.525 - Info: [   5.3019 ] Parsing config file :tegra234-mb1-bct-prod-p3767-0000_cpp.dtb 
00:10:30.525 - Info: [   5.3019 ] WARNING: unknown property 'major'
00:10:30.525 - Info: [   5.3019 ] WARNING: unknown property 'minor'
00:10:30.525 - Info: [   5.3019 ] Added Platform Config 5 data with size :- 512
00:10:30.525 - Info: [   5.3019 ] 
00:10:30.525 - Info: [   5.3019 ] Parsing config file :tegra234-mb1-bct-gpioint-p3767-0000_cpp.dtb 
00:10:30.525 - Info: [   5.3019 ] WARNING: unknown property 'major'
00:10:30.525 - Info: [   5.3019 ] WARNING: unknown property 'minor'
00:10:30.525 - Info: [   5.3019 ] Added Platform Config 7 data with size :- 380
00:10:30.525 - Info: [   5.3019 ] 
00:10:30.525 - Info: [   5.3019 ] Parsing config file :tegra234-mb1-bct-uphylane-si_cpp.dtb 
00:10:30.525 - Info: [   5.3019 ] Added Platform Config 8 data with size :- 24
00:10:30.525 - Info: [   5.3019 ] 
00:10:30.525 - Info: [   5.3019 ] Parsing config file :tegra234-mb1-bct-device-p3767-0000_cpp.dtb 
00:10:30.525 - Info: [   5.3019 ] Added Platform Config 9 data with size :- 100
00:10:30.525 - Info: [   5.3019 ] 
00:10:30.525 - Info: [   5.3019 ] Parsing config file :tegra234-mb1-bct-cprod-p3767-0000_cpp.dtb 
00:10:30.525 - Info: [   5.3019 ] ModuleCount 0 NumProdNames 0
00:10:30.525 - Info: [   5.3019 ] Added Platform Config 6 data with size :- 16
00:10:30.525 - Info: [   5.3019 ] 
00:10:30.525 - Info: [   5.3019 ] Parsing config file :tegra234-mb1-bct-ratchet-p3767-0000_cpp.dtb 
00:10:30.525 - Info: [   5.3019 ] 
00:10:30.525 - Info: [   5.3019 ] Updating mb1-bct with firmware information
00:10:30.525 - Info: [   5.3025 ] tegrabct_v2 --chip 0x23 0 --mb1bct mb1_cold_boot_bct_MB1.bct --updatefwinfo flash.xml.bin
00:10:30.525 - Info: [   5.3041 ] tegrahost_v2 --chip 0x23 0 --align mb1_cold_boot_bct_MB1_aligned.bct
00:10:30.525 - Info: [   5.3047 ] Generating SHA2 Hash for mb1bct
00:10:30.534 - Info: [   5.3075 ] Sha saved in mb1_cold_boot_bct_MB1_aligned.sha
00:10:30.534 - Info: [   5.3102 ] Sha saved in mb1_cold_boot_bct_MB1.sha
00:10:30.534 - Info: [   5.3113 ] tegrahost_v2 --chip 0x23 0 --magicid MBCT --ratchet_blob ratchet_blob.bin --appendsigheader mb1_cold_boot_bct_MB1_aligned.bct zerosbk
00:10:30.534 - Info: [   5.3131 ] adding BCH for mb1_cold_boot_bct_MB1_aligned.bct
00:10:30.534 - Info: [   5.3131 ] 
00:10:30.534 - Info: [   5.3142 ] tegrasign_v3.py --key None --list mb1_cold_boot_bct_MB1_aligned_sigheader.bct_list.xml --pubkeyhash pub_key.key --sha sha512
00:10:30.534 - Info: [   5.3145 ] Assuming zero filled SBK key
00:10:30.537 - Info: [   5.3165 ] Warning: pub_key.key is not found
00:10:30.537 - Info: [   5.3162 ] tegrahost_v2 --chip 0x23 0 --updatesigheader mb1_cold_boot_bct_MB1_aligned_sigheader.bct.encrypt mb1_cold_boot_bct_MB1_aligned_sigheader.bct.hash zerosbk
00:10:30.537 - Info: [   5.3174 ] tegrahost_v2 --chip 0x23 0 --partitionlayout flash.xml.bin --ratchet_blob ratchet_blob.bin --list images_list.xml zerosbk
00:10:30.537 - Info: [   5.3178 ] MB1: Nvheader already present is mb1_t234_prod_aligned.bin
00:10:30.538 - Info: [   5.3189 ] Header already present for mb1_t234_prod_aligned_sigheader.bin
00:10:30.548 - Info: [   5.3193 ] MB1: Nvheader already present is psc_bl1_t234_prod_aligned.bin
00:10:30.548 - Info: [   5.3280 ] Header already present for psc_bl1_t234_prod_aligned_sigheader.bin
00:10:30.550 - Info: [   5.3284 ] Header already present for tsec_t234_aligned.bin
00:10:30.555 - Info: [   5.3318 ] Header already present for nvdec_t234_prod_aligned.fw
00:10:30.563 - Info: [   5.3364 ] adding BCH for mb2_t234_with_mb2_cold_boot_bct_MB2_aligned.bin
00:10:30.582 - Info: [   5.3451 ] adding BCH for xusb_t234_prod_aligned.bin
00:10:30.591 - Info: [   5.3635 ] Header already present for bpmp_t234-TE950M-A1_prod_aligned.bin
00:10:30.613 - Info: [   5.3725 ] adding BCH for tegra234-bpmp-3767-0003-3509-a02_with_odm_aligned.dtb
00:10:30.625 - Info: [   5.3944 ] Header already present for pscfw_t234_prod_aligned.bin
00:10:30.632 - Info: [   5.4065 ] Header already present for mce_flash_o10_cr_prod_aligned.bin
00:10:30.636 - Info: [   5.4141 ] Header already present for sc7_t234_prod.bin
00:10:30.641 - Info: [   5.4177 ] Header already present for psc_rf_t234_prod_aligned.bin
00:10:30.645 - Info: [   5.4228 ] adding BCH for mb2rf_t234_aligned.bin
00:10:30.734 - Info: [   5.4266 ] INFO: compressing uefi_jetson_with_dtb_aligned.bin
00:10:30.744 - Info: [   5.5154 ] INFO: complete compression, uefi_jetson_with_dtb_aligned.bin, ratio = 91%
00:10:30.824 - Info: [   5.5260 ] adding BCH for uefi_jetson_with_dtb_aligned_blob_w_bin_aligned.bin
00:10:30.900 - Info: [   5.6060 ] adding BCH for tos-optee_t234_aligned.img
00:10:30.984 - Info: [   5.6818 ] adding BCH for eks_t234_aligned.img
00:10:31.261 - Info: [   5.7656 ] INFO: compressing display-t234-dce_with_kernel_tegra234-p3768-0000+p3767-0003-nv_aligned.bin
00:10:31.290 - Info: [   6.0422 ] INFO: complete compression, display-t234-dce_with_kernel_tegra234-p3768-0000+p3767-0003-nv_aligned.bin, ratio = 6%
00:10:31.319 - Info: [   6.0721 ] adding BCH for display-t234-dce_with_kernel_tegra234-p3768-0000+p3767-0003-nv_aligned_blob_w_bin_aligned.bin
00:10:31.337 - Info: [   6.1009 ] adding BCH for spe_t234_aligned.bin
00:10:31.351 - Info: [   6.1188 ] adding BCH for camera-rtcpu-t234-rce_aligned.img
00:10:31.370 - Info: [   6.1324 ] adding BCH for adsp-fw_aligned.bin
00:10:31.432 - Info: [   6.1521 ] INFO: compressing nvpva_020_aligned.fw
00:10:31.436 - Info: [   6.2134 ] INFO: complete compression, nvpva_020_aligned.fw, ratio = 2%
00:10:31.439 - Info: [   6.2176 ] adding BCH for nvpva_020_aligned_blob_w_bin_aligned.fw
00:10:31.443 - Info: [   6.2202 ] MB1: Nvheader already present is mb1_t234_prod_aligned.bin
00:10:31.443 - Info: [   6.2242 ] Header already present for mb1_t234_prod_aligned_sigheader.bin
00:10:31.450 - Info: [   6.2245 ] MB1: Nvheader already present is psc_bl1_t234_prod_aligned.bin
00:10:31.451 - Info: [   6.2321 ] Header already present for psc_bl1_t234_prod_aligned_sigheader.bin
00:10:31.453 - Info: [   6.2324 ] Header already present for tsec_t234_aligned.bin
00:10:31.459 - Info: [   6.2351 ] Header already present for nvdec_t234_prod_aligned.fw
00:10:31.468 - Info: [   6.2409 ] adding BCH for mb2_t234_with_mb2_cold_boot_bct_MB2_aligned.bin
00:10:31.487 - Info: [   6.2494 ] adding BCH for xusb_t234_prod_aligned.bin
00:10:31.500 - Info: [   6.2687 ] Header already present for bpmp_t234-TE950M-A1_prod_aligned.bin
00:10:31.523 - Info: [   6.2818 ] adding BCH for tegra234-bpmp-3767-0003-3509-a02_with_odm_aligned.dtb
00:10:31.537 - Info: [   6.3042 ] Header already present for pscfw_t234_prod_aligned.bin
00:10:31.545 - Info: [   6.3184 ] Header already present for mce_flash_o10_cr_prod_aligned.bin
00:10:31.552 - Info: [   6.3263 ] Header already present for sc7_t234_prod.bin
00:10:31.556 - Info: [   6.3335 ] Header already present for psc_rf_t234_prod_aligned.bin
00:10:31.560 - Info: [   6.3374 ] adding BCH for mb2rf_t234_aligned.bin
00:10:31.655 - Info: [   6.3412 ] INFO: compressing uefi_jetson_with_dtb_aligned.bin
00:10:31.665 - Info: [   6.4366 ] INFO: complete compression, uefi_jetson_with_dtb_aligned.bin, ratio = 91%
00:10:31.749 - Info: [   6.4466 ] adding BCH for uefi_jetson_with_dtb_aligned_blob_w_bin_aligned.bin
00:10:31.823 - Info: [   6.5306 ] adding BCH for tos-optee_t234_aligned.img
00:10:31.914 - Info: [   6.6043 ] adding BCH for eks_t234_aligned.img
00:10:32.233 - Info: [   6.6942 ] INFO: compressing display-t234-dce_with_kernel_tegra234-p3768-0000+p3767-0003-nv_aligned.bin
00:10:32.277 - Info: [   7.0150 ] INFO: complete compression, display-t234-dce_with_kernel_tegra234-p3768-0000+p3767-0003-nv_aligned.bin, ratio = 6%
00:10:32.322 - Info: [   7.0583 ] adding BCH for display-t234-dce_with_kernel_tegra234-p3768-0000+p3767-0003-nv_aligned_blob_w_bin_aligned.bin
00:10:32.340 - Info: [   7.1035 ] adding BCH for spe_t234_aligned.bin
00:10:32.354 - Info: [   7.1219 ] adding BCH for camera-rtcpu-t234-rce_aligned.img
00:10:32.377 - Info: [   7.1361 ] adding BCH for adsp-fw_aligned.bin
00:10:32.437 - Info: [   7.1586 ] INFO: compressing nvpva_020_aligned.fw
00:10:32.443 - Info: [   7.2184 ] INFO: complete compression, nvpva_020_aligned.fw, ratio = 2%
00:10:32.447 - Info: [   7.2244 ] adding BCH for nvpva_020_aligned_blob_w_bin_aligned.fw
00:10:32.905 - Info: [   7.2311 ] Filling MB1 storage info
00:10:32.905 - Info: [   7.2312 ] Parsing dev params for multi chains
00:10:32.905 - Info: [   7.2427 ] Generating br-bct
00:10:32.905 - Info: [   7.2433 ] Updating dev and MSS params in BR BCT
00:10:32.905 - Info: [   7.2433 ] tegrabct_v2 --dev_param tegra234-br-bct-p3767-0000-l4t_cpp.dtb --sdram tegra234-p3767-0001-sdram-l4t_cpp.dtb --brbct br_bct.cfg --chip 0x23 0
00:10:32.905 - Info: [   7.4342 ] Updating bl info
00:10:32.905 - Info: [   7.4346 ] tegrabct_v2 --brbct br_bct_BR.bct --chip 0x23 0 --updateblinfo flash.xml.bin
00:10:32.905 - Info: [   7.4491 ] Generating br-bct
00:10:32.905 - Info: [   7.4496 ] Updating dev and MSS params in BR BCT
00:10:32.905 - Info: [   7.4496 ] tegrabct_v2 --dev_param tegra234-br-bct_b-p3767-0000-l4t_cpp.dtb --sdram tegra234-p3767-0001-sdram-l4t_cpp.dtb --brbct br_bct.cfg --chip 0x23 0
00:10:32.905 - Info: [   7.6208 ] Updating bl info
00:10:32.905 - Info: [   7.6214 ] tegrabct_v2 --brbct br_bct_BR.bct --chip 0x23 0 --updateblinfo flash.xml.bin
00:10:32.905 - Info: [   7.6236 ] Generating BCT backup image
00:10:32.905 - Info: [   7.6236 ] dd if=/dev/zero of=bct_backup.img bs=1 count=32768
00:10:32.905 - Info: [   7.6251 ] 32768+0 records in
00:10:32.905 - Info: [   7.6864 ] 32768+0 records out
00:10:32.922 - Info: [   7.6865 ] 32768 bytes (33 kB, 32 KiB) copied, 0.0607277 s, 540 kB/s
00:10:32.922 - Info: [   7.6865 ] 
00:10:32.922 - Info: [   7.6865 ] Concatenating BCT for chain A to bct_backup.img
00:10:32.922 - Info: 
00:10:32.922 - Info: [   7.6865 ] dd if=br_bct_BR.bct of=bct_backup.img bs=1 seek=0 conv=notrunc
00:10:32.922 - Info: [   7.6870 ] 8192+0 records in
00:10:32.939 - Info: [   7.7032 ] 8192+0 records out
00:10:32.939 - Info: [   7.7032 ] 8192 bytes (8.2 kB, 8.0 KiB) copied, 0.0152978 s, 536 kB/s
00:10:32.939 - Info: [   7.7032 ] 
00:10:32.939 - Info: [   7.7032 ] Concatenating BCT for chain B to bct_backup.img
00:10:32.939 - Info: 
00:10:32.939 - Info: [   7.7033 ] dd if=br_bct_b_BR.bct of=bct_backup.img bs=1 seek=16384 conv=notrunc
00:10:32.939 - Info: [   7.7039 ] 8192+0 records in
00:10:32.939 - Info: [   7.7203 ] 8192+0 records out
00:10:32.943 - Info: [   7.7204 ] 8192 bytes (8.2 kB, 8.0 KiB) copied, 0.0155919 s, 525 kB/s
00:10:32.943 - Info: [   7.7204 ] 
00:10:32.943 - Info: [   7.7204 ] Generating signatures
00:10:32.943 - Info: [   7.7213 ] tegrasign_v3.py --key None --list images_list.xml --pubkeyhash pub_key.key --sha sha512
00:10:32.943 - Info: [   7.7216 ] Assuming zero filled SBK key
00:10:33.253 - Info: [   7.8507 ] Warning: pub_key.key is not found
00:10:33.253 - Info: [   7.8531 ] Parsing dev params for multi chains
00:10:33.253 - Info: [   7.8532 ] Generating br-bct
00:10:33.254 - Info: [   7.8536 ] Updating dev and MSS params in BR BCT
00:10:33.254 - Info: [   7.8537 ] tegrabct_v2 --dev_param tegra234-br-bct-p3767-0000-l4t_cpp.dtb --sdram tegra234-p3767-0001-sdram-l4t_cpp.dtb --brbct br_bct.cfg --chip 0x23 0
00:10:33.254 - Info: [   8.0302 ] Updating customer data section
00:10:33.254 - Info: [   8.0310 ] tegrabct_v2 --chip 0x23 0 --brbct br_bct_BR.bct --update_custinfo custinfo_out.bin
00:10:33.254 - Info: [   8.0317 ] Updating bl info
00:10:33.254 - Info: [   8.0322 ] tegrabct_v2 --brbct br_bct_BR.bct --chip 0x23 0 --updateblinfo flash.xml.bin --updatesig images_list_signed.xml
00:10:33.254 - Info: [   8.0342 ] Generating SHA2 Hash
00:10:33.256 - Info: [   8.0360 ] Sha saved in br_bct_BR.sha
00:10:33.256 - Info: [   8.0353 ] Get Signed section of bct
00:10:33.256 - Info: [   8.0357 ] tegrabct_v2 --brbct br_bct_BR.bct --chip 0x23 0 --listbct bct_list.xml
00:10:33.256 - Info: [   8.0367 ] Signing BCT
00:10:33.256 - Info: [   8.0376 ] tegrasign_v3.py --key None --list bct_list.xml --pubkeyhash pub_key.key --sha sha512
00:10:33.256 - Info: [   8.0378 ] Assuming zero filled SBK key
00:10:33.261 - Info: [   8.0406 ] Sha saved in br_bct_BR.sha
00:10:33.261 - Info: [   8.0411 ] Warning: pub_key.key is not found
00:10:33.261 - Info: [   8.0402 ] Updating BCT with signature
00:10:33.261 - Info: [   8.0411 ] tegrabct_v2 --brbct br_bct_BR.bct --chip 0x23 0 --updatesig bct_list_signed.xml
00:10:33.261 - Info: [   8.0422 ] Offset :4608 Len :3584
00:10:33.264 - Info: [   8.0431 ] Generating SHA2 Hash
00:10:33.264 - Info: [   8.0440 ] tegrasign_v3.py --key None --list bct_list.xml --sha sha512
00:10:33.264 - Info: [   8.0442 ] Assuming zero filled SBK key
00:10:33.264 - Info: [   8.0443 ] Assuming zero filled SBK key
00:10:33.269 - Info: [   8.0489 ] Sha saved in br_bct_BR.sha
00:10:33.269 - Info: [   8.0483 ] Updating BCT with SHA2 Hash
00:10:33.269 - Info: [   8.0492 ] tegrabct_v2 --brbct br_bct_BR.bct --chip 0x23 0 --updatesha bct_list_signed.xml
00:10:33.269 - Info: [   8.0498 ] Offset :4608 Len :3584
00:10:33.269 - Info: [   8.0502 ] Offset :68 Len :8124
00:10:33.452 - Info: [   8.0506 ] Generating br-bct
00:10:33.452 - Info: [   8.0511 ] Updating dev and MSS params in BR BCT
00:10:33.452 - Info: [   8.0511 ] tegrabct_v2 --dev_param tegra234-br-bct_b-p3767-0000-l4t_cpp.dtb --sdram tegra234-p3767-0001-sdram-l4t_cpp.dtb --brbct br_bct.cfg --chip 0x23 0
00:10:33.452 - Info: [   8.2271 ] Updating customer data section
00:10:33.452 - Info: [   8.2283 ] tegrabct_v2 --chip 0x23 0 --brbct br_bct_BR.bct --update_custinfo custinfo_out.bin
00:10:33.452 - Info: [   8.2298 ] Updating bl info
00:10:33.452 - Info: [   8.2305 ] tegrabct_v2 --brbct br_bct_BR.bct --chip 0x23 0 --updateblinfo flash.xml.bin --updatesig images_list_signed.xml
00:10:33.452 - Info: [   8.2328 ] Generating SHA2 Hash
00:10:33.455 - Info: [   8.2347 ] Sha saved in br_bct_BR.sha
00:10:33.455 - Info: [   8.2340 ] Get Signed section of bct
00:10:33.455 - Info: [   8.2345 ] tegrabct_v2 --brbct br_bct_BR.bct --chip 0x23 0 --listbct bct_list.xml
00:10:33.455 - Info: [   8.2354 ] Signing BCT
00:10:33.455 - Info: [   8.2363 ] tegrasign_v3.py --key None --list bct_list.xml --pubkeyhash pub_key.key --sha sha512
00:10:33.455 - Info: [   8.2364 ] Assuming zero filled SBK key
00:10:33.461 - Info: [   8.2390 ] Sha saved in br_bct_BR.sha
00:10:33.461 - Info: [   8.2395 ] Warning: pub_key.key is not found
00:10:33.461 - Info: [   8.2386 ] Updating BCT with signature
00:10:33.461 - Info: [   8.2405 ] tegrabct_v2 --brbct br_bct_BR.bct --chip 0x23 0 --updatesig bct_list_signed.xml
00:10:33.461 - Info: [   8.2417 ] Offset :4608 Len :3584
00:10:33.463 - Info: [   8.2426 ] Generating SHA2 Hash
00:10:33.463 - Info: [   8.2435 ] tegrasign_v3.py --key None --list bct_list.xml --sha sha512
00:10:33.463 - Info: [   8.2438 ] Assuming zero filled SBK key
00:10:33.463 - Info: [   8.2438 ] Assuming zero filled SBK key
00:10:33.468 - Info: [   8.2487 ] Sha saved in br_bct_BR.sha
00:10:33.468 - Info: [   8.2483 ] Updating BCT with SHA2 Hash
00:10:33.468 - Info: [   8.2490 ] tegrabct_v2 --brbct br_bct_BR.bct --chip 0x23 0 --updatesha bct_list_signed.xml
00:10:33.468 - Info: [   8.2494 ] Offset :4608 Len :3584
00:10:33.468 - Info: [   8.2498 ] Offset :68 Len :8124
00:10:33.536 - Info: [   8.2501 ] Generating BCT backup image
00:10:33.536 - Info: [   8.2502 ] dd if=/dev/zero of=bct_backup.img bs=1 count=32768
00:10:33.536 - Info: [   8.2506 ] 32768+0 records in
00:10:33.536 - Info: [   8.3174 ] 32768+0 records out
00:10:33.553 - Info: [   8.3175 ] 32768 bytes (33 kB, 32 KiB) copied, 0.0660994 s, 496 kB/s
00:10:33.553 - Info: [   8.3175 ] 
00:10:33.553 - Info: [   8.3175 ] Concatenating BCT for chain A to bct_backup.img
00:10:33.553 - Info: 
00:10:33.553 - Info: [   8.3175 ] dd if=br_bct_BR.bct of=bct_backup.img bs=1 seek=0 conv=notrunc
00:10:33.553 - Info: [   8.3180 ] 8192+0 records in
00:10:33.553 - Info: [   8.3342 ] 8192+0 records out
00:10:33.569 - Info: [   8.3344 ] 8192 bytes (8.2 kB, 8.0 KiB) copied, 0.015651 s, 523 kB/s
00:10:33.569 - Info: [   8.3344 ] 
00:10:33.569 - Info: [   8.3344 ] Concatenating BCT for chain B to bct_backup.img
00:10:33.569 - Info: 
00:10:33.569 - Info: [   8.3344 ] dd if=br_bct_b_BR.bct of=bct_backup.img bs=1 seek=16384 conv=notrunc
00:10:33.569 - Info: [   8.3350 ] 8192+0 records in
00:10:33.570 - Info: [   8.3511 ] 8192+0 records out
00:10:33.571 - Info: [   8.3512 ] 8192 bytes (8.2 kB, 8.0 KiB) copied, 0.0154637 s, 530 kB/s
00:10:33.571 - Info: [   8.3512 ] 
00:10:33.571 - Info: [   8.3512 ] Generating coldboot mb1-bct
00:10:33.571 - Info: [   8.3518 ] tegrabct_v2 --chip 0x23 0 --mb1bct mb1_cold_boot_bct.cfg --misc tegra234-mb1-bct-misc-p3767-0000_cpp.dtb --wb0sdram tegra234-p3767-0001-wb0sdram-l4t_cpp.dtb --pinmux tegra234-mb1-bct-pinmux-p3767-dp-a03_cpp.dtb --pmc tegra234-mb1-bct-padvoltage-p3767-dp-a03_cpp.dtb --pmic tegra234-mb1-bct-pmic-p3767-0000-a02_cpp.dtb --brcommand tegra234-mb1-bct-reset-p3767-0000_cpp.dtb --prod tegra234-mb1-bct-prod-p3767-0000_cpp.dtb --gpioint tegra234-mb1-bct-gpioint-p3767-0000_cpp.dtb --uphy tegra234-mb1-bct-uphylane-si_cpp.dtb --device tegra234-mb1-bct-device-p3767-0000_cpp.dtb --deviceprod tegra234-mb1-bct-cprod-p3767-0000_cpp.dtb --minratchet tegra234-mb1-bct-ratchet-p3767-0000_cpp.dtb --ratchet_blob ratchet_blob.bin
00:10:33.571 - Info: [   8.3524 ] MB1-BCT version: 0.13
00:10:33.573 - Info: 
00:10:33.573 - Info: [   8.3544 ] Parsing config file :tegra234-mb1-bct-pinmux-p3767-dp-a03_cpp.dtb 
00:10:33.577 - Info: [   8.3547 ] Added Platform Config 0 data with size :- 2416
00:10:33.577 - Info: 
00:10:33.577 - Info: [   8.3584 ] Parsing config file :tegra234-mb1-bct-padvoltage-p3767-dp-a03_cpp.dtb 
00:10:33.577 - Info: [   8.3587 ] WARNING: unknown node 'g2'
00:10:33.577 - Info: [   8.3589 ] WARNING: unknown node 'g2'
00:10:33.578 - Info: [   8.3591 ] WARNING: unknown node 'g9'
00:10:33.585 - Info: [   8.3593 ] WARNING: unknown node 'g9'
00:10:33.585 - Info: [   8.3593 ] Added Platform Config 2 data with size :- 24
00:10:33.585 - Info: [   8.3593 ] 
00:10:33.585 - Info: [   8.3593 ] Parsing config file :tegra234-mb1-bct-pmic-p3767-0000-a02_cpp.dtb 
00:10:33.585 - Info: [   8.3593 ] Added Platform Config 4 data with size :- 288
00:10:33.585 - Info: [   8.3593 ] 
00:10:33.585 - Info: [   8.3593 ] Parsing config file :tegra234-mb1-bct-reset-p3767-0000_cpp.dtb 
00:10:33.585 - Info: [   8.3593 ] Added Platform Config 3 data with size :- 52
00:10:33.585 - Info: [   8.3593 ] 
00:10:33.585 - Info: [   8.3593 ] Parsing config file :tegra234-mb1-bct-prod-p3767-0000_cpp.dtb 
00:10:33.585 - Info: [   8.3593 ] WARNING: unknown property 'major'
00:10:33.585 - Info: [   8.3593 ] WARNING: unknown property 'minor'
00:10:33.585 - Info: [   8.3593 ] Added Platform Config 5 data with size :- 512
00:10:33.585 - Info: [   8.3593 ] 
00:10:33.585 - Info: [   8.3593 ] Parsing config file :tegra234-mb1-bct-gpioint-p3767-0000_cpp.dtb 
00:10:33.585 - Info: [   8.3593 ] WARNING: unknown property 'major'
00:10:33.585 - Info: [   8.3593 ] WARNING: unknown property 'minor'
00:10:33.585 - Info: [   8.3594 ] Added Platform Config 7 data with size :- 380
00:10:33.585 - Info: [   8.3594 ] 
00:10:33.585 - Info: [   8.3594 ] Parsing config file :tegra234-mb1-bct-uphylane-si_cpp.dtb 
00:10:33.585 - Info: [   8.3594 ] Added Platform Config 8 data with size :- 24
00:10:33.585 - Info: [   8.3594 ] 
00:10:33.585 - Info: [   8.3594 ] Parsing config file :tegra234-mb1-bct-device-p3767-0000_cpp.dtb 
00:10:33.585 - Info: [   8.3594 ] Added Platform Config 9 data with size :- 100
00:10:33.585 - Info: [   8.3594 ] 
00:10:33.585 - Info: [   8.3594 ] Parsing config file :tegra234-mb1-bct-cprod-p3767-0000_cpp.dtb 
00:10:33.585 - Info: [   8.3594 ] ModuleCount 0 NumProdNames 0
00:10:33.585 - Info: [   8.3594 ] Added Platform Config 6 data with size :- 16
00:10:33.585 - Info: [   8.3594 ] 
00:10:33.585 - Info: [   8.3594 ] Parsing config file :tegra234-mb1-bct-ratchet-p3767-0000_cpp.dtb 
00:10:33.585 - Info: [   8.3594 ] 
00:10:33.585 - Info: [   8.3594 ] Updating mb1-bct with firmware information
00:10:33.585 - Info: [   8.3614 ] tegrabct_v2 --chip 0x23 0 --mb1bct mb1_cold_boot_bct_MB1.bct --updatefwinfo flash.xml.bin
00:10:33.585 - Info: [   8.3646 ] tegrahost_v2 --chip 0x23 0 --align mb1_cold_boot_bct_MB1_aligned.bct
00:10:33.585 - Info: [   8.3656 ] Generating SHA2 Hash for mb1bct
00:10:33.587 - Info: [   8.3677 ] Sha saved in mb1_cold_boot_bct_MB1_aligned.sha
00:10:33.588 - Info: [   8.3693 ] Sha saved in mb1_cold_boot_bct_MB1.sha
00:10:33.588 - Info: [   8.3692 ] tegrahost_v2 --chip 0x23 0 --magicid MBCT --ratchet_blob ratchet_blob.bin --appendsigheader mb1_cold_boot_bct_MB1_aligned.bct zerosbk
00:10:33.588 - Info: [   8.3696 ] adding BCH for mb1_cold_boot_bct_MB1_aligned.bct
00:10:33.592 - Info: [   8.3722 ] tegrasign_v3.py --key None --list mb1_cold_boot_bct_MB1_aligned_sigheader.bct_list.xml --pubkeyhash pub_key.key --sha sha512
00:10:33.592 - Info: [   8.3725 ] Assuming zero filled SBK key
00:10:33.601 - Info: [   8.3775 ] Warning: pub_key.key is not found
00:10:33.601 - Info: [   8.3783 ] tegrahost_v2 --chip 0x23 0 --updatesigheader mb1_cold_boot_bct_MB1_aligned_sigheader.bct.encrypt mb1_cold_boot_bct_MB1_aligned_sigheader.bct.hash zerosbk
00:10:33.601 - Info: [   8.3804 ] Generating recovery mb1-bct
00:10:33.601 - Info: [   8.3814 ] tegrabct_v2 --chip 0x23 0 --mb1bct mb1_bct.cfg --misc tegra234-mb1-bct-misc-p3767-0000_cpp.dtb --wb0sdram tegra234-p3767-0001-wb0sdram-l4t_cpp.dtb --pinmux tegra234-mb1-bct-pinmux-p3767-dp-a03_cpp.dtb --pmc tegra234-mb1-bct-padvoltage-p3767-dp-a03_cpp.dtb --pmic tegra234-mb1-bct-pmic-p3767-0000-a02_cpp.dtb --brcommand tegra234-mb1-bct-reset-p3767-0000_cpp.dtb --prod tegra234-mb1-bct-prod-p3767-0000_cpp.dtb --gpioint tegra234-mb1-bct-gpioint-p3767-0000_cpp.dtb --uphy tegra234-mb1-bct-uphylane-si_cpp.dtb --device tegra234-mb1-bct-device-p3767-0000_cpp.dtb --deviceprod tegra234-mb1-bct-cprod-p3767-0000_cpp.dtb --minratchet tegra234-mb1-bct-ratchet-p3767-0000_cpp.dtb --ratchet_blob ratchet_blob.bin
00:10:33.601 - Info: [   8.3821 ] MB1-BCT version: 0.13
00:10:33.603 - Info: 
00:10:33.603 - Info: [   8.3843 ] Parsing config file :tegra234-mb1-bct-pinmux-p3767-dp-a03_cpp.dtb 
00:10:33.605 - Info: [   8.3845 ] Added Platform Config 0 data with size :- 2416
00:10:33.605 - Info: 
00:10:33.606 - Info: [   8.3869 ] Parsing config file :tegra234-mb1-bct-padvoltage-p3767-dp-a03_cpp.dtb 
00:10:33.606 - Info: [   8.3872 ] WARNING: unknown node 'g2'
00:10:33.606 - Info: [   8.3873 ] WARNING: unknown node 'g2'
00:10:33.606 - Info: [   8.3875 ] WARNING: unknown node 'g9'
00:10:33.607 - Info: [   8.3876 ] WARNING: unknown node 'g9'
00:10:33.615 - Info: [   8.3878 ] Added Platform Config 2 data with size :- 24
00:10:33.615 - Info: [   8.3878 ] 
00:10:33.615 - Info: [   8.3878 ] Parsing config file :tegra234-mb1-bct-pmic-p3767-0000-a02_cpp.dtb 
00:10:33.615 - Info: [   8.3878 ] Added Platform Config 4 data with size :- 288
00:10:33.615 - Info: [   8.3878 ] 
00:10:33.615 - Info: [   8.3878 ] Parsing config file :tegra234-mb1-bct-reset-p3767-0000_cpp.dtb 
00:10:33.615 - Info: [   8.3878 ] Added Platform Config 3 data with size :- 52
00:10:33.615 - Info: [   8.3878 ] 
00:10:33.615 - Info: [   8.3878 ] Parsing config file :tegra234-mb1-bct-prod-p3767-0000_cpp.dtb 
00:10:33.615 - Info: [   8.3878 ] WARNING: unknown property 'major'
00:10:33.615 - Info: [   8.3878 ] WARNING: unknown property 'minor'
00:10:33.615 - Info: [   8.3878 ] Added Platform Config 5 data with size :- 512
00:10:33.615 - Info: [   8.3878 ] 
00:10:33.615 - Info: [   8.3878 ] Parsing config file :tegra234-mb1-bct-gpioint-p3767-0000_cpp.dtb 
00:10:33.615 - Info: [   8.3878 ] WARNING: unknown property 'major'
00:10:33.615 - Info: [   8.3878 ] WARNING: unknown property 'minor'
00:10:33.615 - Info: [   8.3878 ] Added Platform Config 7 data with size :- 380
00:10:33.615 - Info: [   8.3878 ] 
00:10:33.615 - Info: [   8.3878 ] Parsing config file :tegra234-mb1-bct-uphylane-si_cpp.dtb 
00:10:33.615 - Info: [   8.3878 ] Added Platform Config 8 data with size :- 24
00:10:33.615 - Info: [   8.3878 ] 
00:10:33.615 - Info: [   8.3878 ] Parsing config file :tegra234-mb1-bct-device-p3767-0000_cpp.dtb 
00:10:33.615 - Info: [   8.3878 ] Added Platform Config 9 data with size :- 100
00:10:33.615 - Info: [   8.3878 ] 
00:10:33.615 - Info: [   8.3878 ] Parsing config file :tegra234-mb1-bct-cprod-p3767-0000_cpp.dtb 
00:10:33.615 - Info: [   8.3878 ] ModuleCount 0 NumProdNames 0
00:10:33.615 - Info: [   8.3878 ] Added Platform Config 6 data with size :- 16
00:10:33.615 - Info: [   8.3878 ] 
00:10:33.615 - Info: [   8.3878 ] Parsing config file :tegra234-mb1-bct-ratchet-p3767-0000_cpp.dtb 
00:10:33.615 - Info: [   8.3878 ] 
00:10:33.615 - Info: [   8.3879 ] Updating mb1-bct with firmware information
00:10:33.615 - Info: [   8.3885 ] tegrabct_v2 --chip 0x23 0 --mb1bct mb1_bct_MB1.bct --recov --updatefwinfo flash.xml.bin
00:10:33.615 - Info: [   8.3924 ] tegrahost_v2 --chip 0x23 0 --align mb1_bct_MB1_aligned.bct
00:10:33.615 - Info: [   8.3935 ] Generating SHA2 Hash for mb1bct
00:10:33.617 - Info: [   8.3974 ] Sha saved in mb1_bct_MB1_aligned.sha
00:10:33.618 - Info: [   8.3997 ] Sha saved in mb1_bct_MB1.sha
00:10:33.618 - Info: [   8.3994 ] tegrahost_v2 --chip 0x23 0 --magicid MBCT --ratchet_blob ratchet_blob.bin --appendsigheader mb1_bct_MB1_aligned.bct zerosbk
00:10:33.619 - Info: [   8.3999 ] adding BCH for mb1_bct_MB1_aligned.bct
00:10:33.621 - Info: [   8.4020 ] tegrasign_v3.py --key None --list mb1_bct_MB1_aligned_sigheader.bct_list.xml --pubkeyhash pub_key.key --sha sha512
00:10:33.621 - Info: [   8.4022 ] Assuming zero filled SBK key
00:10:33.808 - Info: [   8.4037 ] Warning: pub_key.key is not found
00:10:33.808 - Info: [   8.4033 ] tegrahost_v2 --chip 0x23 0 --updatesigheader mb1_bct_MB1_aligned_sigheader.bct.encrypt mb1_bct_MB1_aligned_sigheader.bct.hash zerosbk
00:10:33.808 - Info: [   8.4075 ] Generating coldboot mem-bct
00:10:33.808 - Info: [   8.4133 ] tegrabct_v2 --chip 0x23 0 --sdram tegra234-p3767-0001-sdram-l4t_cpp.dtb --wb0sdram tegra234-p3767-0001-wb0sdram-l4t_cpp.dtb --membct tegra234-p3767-0001-sdram-l4t_cpp_1.bct tegra234-p3767-0001-sdram-l4t_cpp_2.bct tegra234-p3767-0001-sdram-l4t_cpp_3.bct tegra234-p3767-0001-sdram-l4t_cpp_4.bct
00:10:33.810 - Info: [   8.4143 ]  packing sdram params with Wb0 file tegra234-p3767-0001-wb0sdram-l4t_cpp.dtb
00:10:33.810 - Info: [   8.5905 ] Packing sdram param for instance[0]
00:10:33.810 - Info: [   8.5907 ] Packing sdram param for instance[1]
00:10:33.810 - Info: [   8.5910 ] Packing sdram param for instance[2]
00:10:33.810 - Info: [   8.5915 ] Packing sdram param for instance[3]
00:10:33.811 - Info: [   8.5921 ] Packing sdram param for instance[4]
00:10:33.812 - Info: [   8.5929 ] Packing sdram param for instance[5]
00:10:33.813 - Info: [   8.5936 ] Packing sdram param for instance[6]
00:10:33.814 - Info: [   8.5947 ] Packing sdram param for instance[7]
00:10:33.816 - Info: [   8.5955 ] Packing sdram param for instance[8]
00:10:33.816 - Info: [   8.5959 ] Packing sdram param for instance[9]
00:10:33.816 - Info: [   8.5961 ] Packing sdram param for instance[10]
00:10:33.816 - Info: [   8.5962 ] Packing sdram param for instance[11]
00:10:33.816 - Info: [   8.5964 ] Packing sdram param for instance[12]
00:10:33.816 - Info: [   8.5966 ] Packing sdram param for instance[13]
00:10:33.816 - Info: [   8.5967 ] Packing sdram param for instance[14]
00:10:33.816 - Info: [   8.5969 ] Packing sdram param for instance[15]
00:10:34.027 - Info: [   8.8042 ] Getting sector size from pt
00:10:34.027 - Info: [   8.8047 ] tegraparser_v2 --getsectorsize flash.xml.bin sector_info.bin
00:10:34.027 - Info: [   8.8063 ] BlockSize read from layout is 0x200
00:10:34.027 - Info: 
00:10:34.027 - Info: [   8.8078 ] tegrahost_v2 --chip 0x23 0 --blocksize 512 --magicid MEMB --addsigheader_multi tegra234-p3767-0001-sdram-l4t_cpp_1.bct tegra234-p3767-0001-sdram-l4t_cpp_2.bct tegra234-p3767-0001-sdram-l4t_cpp_3.bct tegra234-p3767-0001-sdram-l4t_cpp_4.bct --ratchet_blob ratchet_blob.bin
00:10:34.027 - Info: [   8.8088 ] Binary 0 length is 58752
00:10:34.029 - Info: [   8.8091 ] Binary 0 align length is 58880
00:10:34.029 - Info: [   8.8106 ] Binary 1 length is 58752
00:10:34.032 - Info: [   8.8108 ] Binary 1 align length is 58880
00:10:34.032 - Info: [   8.8133 ] Binary 2 length is 58752
00:10:34.033 - Info: [   8.8134 ] Binary 2 align length is 58880
00:10:34.033 - Info: [   8.8141 ] Binary 3 length is 58752
00:10:34.034 - Info: [   8.8142 ] Binary 3 align length is 58880
00:10:34.034 - Info: [   8.8153 ] Buffer length is 235520
00:10:34.034 - Info: [   8.8154 ] adding BCH for tegra234-p3767-0001-sdram-l4t_cpp_1.bct
00:10:34.034 - Info: [   8.8156 ] new length is 243712
00:10:34.037 - Info: [   8.8169 ] tegrahost_v2 --chip 0x23 0 --align mem_coldboot_aligned.bct
00:10:34.037 - Info: [   8.8177 ] tegrahost_v2 --chip 0x23 0 --magicid MEMB --ratchet_blob ratchet_blob.bin --appendsigheader mem_coldboot_aligned.bct zerosbk
00:10:34.037 - Info: [   8.8180 ] Header already present for mem_coldboot_aligned.bct
00:10:34.039 - Info: [   8.8200 ] tegrasign_v3.py --key None --list mem_coldboot_aligned_sigheader.bct_list.xml --pubkeyhash pub_key.key --sha sha512
00:10:34.039 - Info: [   8.8202 ] Assuming zero filled SBK key
00:10:34.214 - Info: [   8.8220 ] Warning: pub_key.key is not found
00:10:34.214 - Info: [   8.8239 ] tegrahost_v2 --chip 0x23 0 --updatesigheader mem_coldboot_aligned_sigheader.bct.encrypt mem_coldboot_aligned_sigheader.bct.hash zerosbk
00:10:34.214 - Info: [   8.8275 ] Generating recovery mem-bct
00:10:34.214 - Info: [   8.8289 ] tegrabct_v2 --chip 0x23 0 --sdram tegra234-p3767-0001-sdram-l4t_cpp.dtb --wb0sdram tegra234-p3767-0001-wb0sdram-l4t_cpp.dtb --membct tegra234-p3767-0001-sdram-l4t_cpp_1.bct tegra234-p3767-0001-sdram-l4t_cpp_2.bct tegra234-p3767-0001-sdram-l4t_cpp_3.bct tegra234-p3767-0001-sdram-l4t_cpp_4.bct
00:10:34.214 - Info: [   8.8299 ]  packing sdram params with Wb0 file tegra234-p3767-0001-wb0sdram-l4t_cpp.dtb
00:10:34.215 - Info: [   8.9961 ] Packing sdram param for instance[0]
00:10:34.215 - Info: [   8.9963 ] Packing sdram param for instance[1]
00:10:34.215 - Info: [   8.9965 ] Packing sdram param for instance[2]
00:10:34.215 - Info: [   8.9966 ] Packing sdram param for instance[3]
00:10:34.215 - Info: [   8.9968 ] Packing sdram param for instance[4]
00:10:34.216 - Info: [   8.9971 ] Packing sdram param for instance[5]
00:10:34.216 - Info: [   8.9973 ] Packing sdram param for instance[6]
00:10:34.216 - Info: [   8.9977 ] Packing sdram param for instance[7]
00:10:34.217 - Info: [   8.9980 ] Packing sdram param for instance[8]
00:10:34.217 - Info: [   8.9983 ] Packing sdram param for instance[9]
00:10:34.217 - Info: [   8.9985 ] Packing sdram param for instance[10]
00:10:34.217 - Info: [   8.9987 ] Packing sdram param for instance[11]
00:10:34.218 - Info: [   8.9990 ] Packing sdram param for instance[12]
00:10:34.218 - Info: [   8.9992 ] Packing sdram param for instance[13]
00:10:34.218 - Info: [   8.9994 ] Packing sdram param for instance[14]
00:10:34.218 - Info: [   8.9997 ] Packing sdram param for instance[15]
00:10:34.389 - Info: [   9.1686 ] Generating mem_bct based on ramcode group number
00:10:34.389 - Info: [   9.1687 ] Got ramcode 3 from the command line
00:10:34.389 - Info: [   9.1687 ] Using ramcode group number 0
00:10:34.389 - Info: [   9.1687 ] Disabled BPMP dtb trim, using default dtb
00:10:34.389 - Info: [   9.1687 ] 
00:10:34.389 - Info: [   9.1695 ] tegrahost_v2 --chip 0x23 0 --align mem_rcm_aligned.bct
00:10:34.389 - Info: [   9.1704 ] tegrahost_v2 --chip 0x23 0 --magicid MEM0 --ratchet_blob ratchet_blob.bin --appendsigheader mem_rcm_aligned.bct zerosbk
00:10:34.389 - Info: [   9.1707 ] adding BCH for mem_rcm_aligned.bct
00:10:34.397 - Info: [   9.1765 ] tegrasign_v3.py --key None --list mem_rcm_aligned_sigheader.bct_list.xml --pubkeyhash pub_key.key --sha sha512
00:10:34.397 - Info: [   9.1769 ] Assuming zero filled SBK key
00:10:34.402 - Info: [   9.1807 ] Warning: pub_key.key is not found
00:10:34.402 - Info: [   9.1806 ] tegrahost_v2 --chip 0x23 0 --updatesigheader mem_rcm_aligned_sigheader.bct.encrypt mem_rcm_aligned_sigheader.bct.hash zerosbk
00:10:34.402 - Info: [   9.1820 ] Generating all 4 mem_bct for ramcode group (0..3)
00:10:34.402 - Info: [   9.1820 ] Disabled BPMP dtb trim, using default dtb
00:10:34.402 - Info: [   9.1820 ] 
00:10:34.402 - Info: [   9.1826 ] tegrahost_v2 --chip 0x23 0 --align mem_rcm_0_aligned.bct
00:10:34.402 - Info: [   9.1835 ] tegrahost_v2 --chip 0x23 0 --magicid MEM0 --ratchet_blob ratchet_blob.bin --appendsigheader mem_rcm_0_aligned.bct zerosbk
00:10:34.403 - Info: [   9.1838 ] adding BCH for mem_rcm_0_aligned.bct
00:10:34.406 - Info: [   9.1877 ] tegrasign_v3.py --key None --list mem_rcm_0_aligned_sigheader.bct_list.xml --pubkeyhash pub_key.key --sha sha512
00:10:34.406 - Info: [   9.1878 ] Assuming zero filled SBK key
00:10:34.416 - Info: [   9.1895 ] Warning: pub_key.key is not found
00:10:34.416 - Info: [   9.1899 ] tegrahost_v2 --chip 0x23 0 --updatesigheader mem_rcm_0_aligned_sigheader.bct.encrypt mem_rcm_0_aligned_sigheader.bct.hash zerosbk
00:10:34.416 - Info: [   9.1925 ] Disabled BPMP dtb trim, using default dtb
00:10:34.416 - Info: [   9.1926 ] 
00:10:34.416 - Info: [   9.1955 ] tegrahost_v2 --chip 0x23 0 --align mem_rcm_1_aligned.bct
00:10:34.416 - Info: [   9.1970 ] tegrahost_v2 --chip 0x23 0 --magicid MEM1 --ratchet_blob ratchet_blob.bin --appendsigheader mem_rcm_1_aligned.bct zerosbk
00:10:34.416 - Info: [   9.1975 ] adding BCH for mem_rcm_1_aligned.bct
00:10:34.420 - Info: [   9.2015 ] tegrasign_v3.py --key None --list mem_rcm_1_aligned_sigheader.bct_list.xml --pubkeyhash pub_key.key --sha sha512
00:10:34.420 - Info: [   9.2017 ] Assuming zero filled SBK key
00:10:34.428 - Info: [   9.2032 ] Warning: pub_key.key is not found
00:10:34.428 - Info: [   9.2028 ] tegrahost_v2 --chip 0x23 0 --updatesigheader mem_rcm_1_aligned_sigheader.bct.encrypt mem_rcm_1_aligned_sigheader.bct.hash zerosbk
00:10:34.428 - Info: [   9.2042 ] Disabled BPMP dtb trim, using default dtb
00:10:34.428 - Info: [   9.2042 ] 
00:10:34.428 - Info: [   9.2050 ] tegrahost_v2 --chip 0x23 0 --align mem_rcm_2_aligned.bct
00:10:34.428 - Info: [   9.2074 ] tegrahost_v2 --chip 0x23 0 --magicid MEM2 --ratchet_blob ratchet_blob.bin --appendsigheader mem_rcm_2_aligned.bct zerosbk
00:10:34.428 - Info: [   9.2086 ] adding BCH for mem_rcm_2_aligned.bct
00:10:34.434 - Info: [   9.2146 ] tegrasign_v3.py --key None --list mem_rcm_2_aligned_sigheader.bct_list.xml --pubkeyhash pub_key.key --sha sha512
00:10:34.434 - Info: [   9.2148 ] Assuming zero filled SBK key
00:10:34.439 - Info: [   9.2170 ] Warning: pub_key.key is not found
00:10:34.439 - Info: [   9.2167 ] tegrahost_v2 --chip 0x23 0 --updatesigheader mem_rcm_2_aligned_sigheader.bct.encrypt mem_rcm_2_aligned_sigheader.bct.hash zerosbk
00:10:34.439 - Info: [   9.2180 ] Disabled BPMP dtb trim, using default dtb
00:10:34.439 - Info: [   9.2180 ] 
00:10:34.439 - Info: [   9.2188 ] tegrahost_v2 --chip 0x23 0 --align mem_rcm_3_aligned.bct
00:10:34.439 - Info: [   9.2202 ] tegrahost_v2 --chip 0x23 0 --magicid MEM3 --ratchet_blob ratchet_blob.bin --appendsigheader mem_rcm_3_aligned.bct zerosbk
00:10:34.439 - Info: [   9.2207 ] adding BCH for mem_rcm_3_aligned.bct
00:10:34.446 - Info: [   9.2263 ] tegrasign_v3.py --key None --list mem_rcm_3_aligned_sigheader.bct_list.xml --pubkeyhash pub_key.key --sha sha512
00:10:34.446 - Info: [   9.2265 ] Assuming zero filled SBK key
00:10:34.549 - Info: [   9.2298 ] Warning: pub_key.key is not found
00:10:34.549 - Info: [   9.2305 ] tegrahost_v2 --chip 0x23 0 --updatesigheader mem_rcm_3_aligned_sigheader.bct.encrypt mem_rcm_3_aligned_sigheader.bct.hash zerosbk
00:10:34.549 - Info: [   9.2324 ] Copying signatures
00:10:34.549 - Info: [   9.2337 ] tegrahost_v2 --chip 0x23 0 --partitionlayout flash.xml.bin --updatesig images_list_signed.xml
00:10:34.549 - Info: [   9.3284 ] tegraparser_v2 --generategpt --pt flash.xml.bin
00:10:34.549 - Info: [   9.3296 ] gpt_secondary_3_0.bin:
00:10:34.549 - Info: [   9.3306 ] partition_id	partition_name			      StartingLba	EndingLba
00:10:34.550 - Info: [   9.3309 ]            1	BCT                                 	       0	    2047
00:10:34.550 - Info: [   9.3314 ]            2	A_mb1                               	    2048	    3071
00:10:34.550 - Info: [   9.3317 ]            3	A_psc_bl1                           	    3072	    3583
00:10:34.551 - Info: [   9.3321 ]            4	A_MB1_BCT                           	    3584	    3839
00:10:34.551 - Info: [   9.3325 ]            5	A_MEM_BCT                           	    3840	    4351
00:10:34.552 - Info: [   9.3329 ]            6	A_tsec-fw                           	    4352	    6399
00:10:34.552 - Info: [   9.3333 ]            7	A_nvdec                             	    6400	    8447
00:10:34.552 - Info: [   9.3337 ]            8	A_mb2                               	    8448	    9471
00:10:34.553 - Info: [   9.3340 ]            9	A_xusb-fw                           	    9472	    9983
00:10:34.553 - Info: [   9.3344 ]           10	A_bpmp-fw                           	    9984	   13055
00:10:34.553 - Info: [   9.3347 ]           11	A_bpmp-fw-dtb                       	   13056	   21247
00:10:34.554 - Info: [   9.3351 ]           12	A_psc-fw                            	   21248	   22783
00:10:34.554 - Info: [   9.3355 ]           13	A_mts-mce                           	   22784	   23807
00:10:34.555 - Info: [   9.3358 ]           14	A_sc7                               	   23808	   24191
00:10:34.555 - Info: [   9.3362 ]           15	A_pscrf                             	   24192	   24575
00:10:34.562 - Info: [   9.3367 ]           16	A_mb2rf                             	   24576	   24831
00:10:34.562 - Info: [   9.3367 ]           17	A_cpu-bootloader                    	   24832	   31999
00:10:34.562 - Info: [   9.3367 ]           18	A_secure-os                         	   32000	   40191
00:10:34.562 - Info: [   9.3367 ]           19	A_smm-fw                            	   40192	   44287
00:10:34.562 - Info: [   9.3367 ]           20	A_eks                               	   44288	   44799
00:10:34.562 - Info: [   9.3367 ]           21	A_dce-fw                            	   44800	   55039
00:10:34.562 - Info: [   9.3367 ]           22	A_spe-fw                            	   55040	   56191
00:10:34.562 - Info: [   9.3367 ]           23	A_rce-fw                            	   56192	   58239
00:10:34.562 - Info: [   9.3367 ]           24	A_adsp-fw                           	   58240	   62335
00:10:34.562 - Info: [   9.3367 ]           25	A_pva-fw                            	   62336	   62847
00:10:34.562 - Info: [   9.3367 ]           26	A_reserved_on_boot                  	   62848	   65023
00:10:34.562 - Info: [   9.3367 ]           27	B_mb1                               	   65024	   66047
00:10:34.562 - Info: [   9.3367 ]           28	B_psc_bl1                           	   66048	   66559
00:10:34.562 - Info: [   9.3367 ]           29	B_MB1_BCT                           	   66560	   66815
00:10:34.562 - Info: [   9.3367 ]           30	B_MEM_BCT                           	   66816	   67327
00:10:34.562 - Info: [   9.3367 ]           31	B_tsec-fw                           	   67328	   69375
00:10:34.562 - Info: [   9.3367 ]           32	B_nvdec                             	   69376	   71423
00:10:34.562 - Info: [   9.3367 ]           33	B_mb2                               	   71424	   72447
00:10:34.562 - Info: [   9.3367 ]           34	B_xusb-fw                           	   72448	   72959
00:10:34.562 - Info: [   9.3367 ]           35	B_bpmp-fw                           	   72960	   76031
00:10:34.562 - Info: [   9.3367 ]           36	B_bpmp-fw-dtb                       	   76032	   84223
00:10:34.562 - Info: [   9.3367 ]           37	B_psc-fw                            	   84224	   85759
00:10:34.562 - Info: [   9.3367 ]           38	B_mts-mce                           	   85760	   86783
00:10:34.562 - Info: [   9.3367 ]           39	B_sc7                               	   86784	   87167
00:10:34.562 - Info: [   9.3367 ]           40	B_pscrf                             	   87168	   87551
00:10:34.562 - Info: [   9.3367 ]           41	B_mb2rf                             	   87552	   87807
00:10:34.562 - Info: [   9.3367 ]           42	B_cpu-bootloader                    	   87808	   94975
00:10:34.562 - Info: [   9.3367 ]           43	B_secure-os                         	   94976	  103167
00:10:34.562 - Info: [   9.3367 ]           44	B_smm-fw                            	  103168	  107263
00:10:34.562 - Info: [   9.3367 ]           45	B_eks                               	  107264	  107775
00:10:34.562 - Info: [   9.3367 ]           46	B_dce-fw                            	  107776	  118015
00:10:34.562 - Info: [   9.3367 ]           47	B_spe-fw                            	  118016	  119167
00:10:34.562 - Info: [   9.3367 ]           48	B_rce-fw                            	  119168	  121215
00:10:34.562 - Info: [   9.3367 ]           49	B_adsp-fw                           	  121216	  125311
00:10:34.562 - Info: [   9.3367 ]           50	B_pva-fw                            	  125312	  125823
00:10:34.562 - Info: [   9.3367 ]           51	B_reserved_on_boot                  	  125824	  127999
00:10:34.562 - Info: [   9.3367 ]           52	uefi_variables                      	  128000	  128511
00:10:34.562 - Info: [   9.3367 ]           53	uefi_ftw                            	  128512	  129535
00:10:34.562 - Info: [   9.3367 ]           54	reserved                            	  129536	  129919
00:10:34.562 - Info: [   9.3367 ]           55	worm                                	  129920	  130303
00:10:34.562 - Info: [   9.3367 ]           56	BCT-boot-chain_backup               	  130304	  130431
00:10:34.562 - Info: [   9.3367 ]           57	reserved_partition                  	  130432	  130559
00:10:34.562 - Info: [   9.3367 ]           58	secondary_gpt_backup                	  130560	  130687
00:10:34.562 - Info: [   9.3367 ]           59	B_VER                               	  130688	  130815
00:10:34.563 - Info: [   9.3367 ]           60	A_VER                               	  130816	  130943
00:10:34.563 - Info: [   9.3367 ] gpt_primary_6_0.bin:
00:10:34.563 - Info: [   9.3367 ] partition_id	partition_name			      StartingLba	EndingLba
00:10:34.563 - Info: [   9.3367 ]            1	APP                                 	 3050048	119537623
00:10:34.563 - Info: [   9.3367 ]            2	A_kernel                            	      40	  262183
00:10:34.563 - Info: [   9.3367 ]            3	A_kernel-dtb                        	  262184	  263719
00:10:34.563 - Info: [   9.3367 ]            4	A_reserved_on_user                  	  263720	  328487
00:10:34.563 - Info: [   9.3367 ]            5	B_kernel                            	  328488	  590631
00:10:34.563 - Info: [   9.3367 ]            6	B_kernel-dtb                        	  590632	  592167
00:10:34.563 - Info: [   9.3367 ]            7	B_reserved_on_user                  	  592168	  656935
00:10:34.563 - Info: [   9.3367 ]            8	recovery                            	  656936	  820775
00:10:34.563 - Info: [   9.3367 ]            9	recovery-dtb                        	  820776	  821799
00:10:34.563 - Info: [   9.3367 ]           10	esp                                 	  821800	  952871
00:10:34.563 - Info: [   9.3367 ]           11	recovery_alt                        	  952872	 1116711
00:10:34.563 - Info: [   9.3367 ]           12	recovery-dtb_alt                    	 1116712	 1117735
00:10:34.563 - Info: [   9.3367 ]           13	esp_alt                             	 1117736	 1248807
00:10:34.563 - Info: [   9.3367 ]           14	UDA                                 	 1248832	 2068031
00:10:34.563 - Info: [   9.3367 ]           15	reserved                            	 2068032	 3050047
00:10:34.563 - Info: [   9.3367 ] gpt_secondary_6_0.bin:
00:10:34.563 - Info: [   9.3367 ] partition_id	partition_name			      StartingLba	EndingLba
00:10:34.563 - Info: [   9.3367 ]            1	APP                                 	 3050048	119537623
00:10:34.563 - Info: [   9.3367 ]            2	A_kernel                            	      40	  262183
00:10:34.563 - Info: [   9.3367 ]            3	A_kernel-dtb                        	  262184	  263719
00:10:34.563 - Info: [   9.3367 ]            4	A_reserved_on_user                  	  263720	  328487
00:10:34.563 - Info: [   9.3367 ]            5	B_kernel                            	  328488	  590631
00:10:34.563 - Info: [   9.3367 ]            6	B_kernel-dtb                        	  590632	  592167
00:10:34.563 - Info: [   9.3368 ]            7	B_reserved_on_user                  	  592168	  656935
00:10:34.563 - Info: [   9.3368 ]            8	recovery                            	  656936	  820775
00:10:34.563 - Info: [   9.3368 ]            9	recovery-dtb                        	  820776	  821799
00:10:34.563 - Info: [   9.3368 ]           10	esp                                 	  821800	  952871
00:10:34.563 - Info: [   9.3368 ]           11	recovery_alt                        	  952872	 1116711
00:10:34.563 - Info: [   9.3368 ]           12	recovery-dtb_alt                    	 1116712	 1117735
00:10:34.563 - Info: [   9.3368 ]           13	esp_alt                             	 1117736	 1248807
00:10:34.563 - Info: [   9.3368 ]           14	UDA                                 	 1248832	 2068031
00:10:34.563 - Info: [   9.3368 ]           15	reserved                            	 2068032	 3050047
00:10:34.563 - Info: [   9.3368 ] 
00:10:34.563 - Info: [   9.3410 ] Get magic id
00:10:34.563 - Info: [   9.3427 ] tegraparser_v2 --get_magic psc_fw
00:10:34.563 - Info: [   9.3435 ] PFWP
00:10:34.568 - Info: [   9.3439 ] partition type psc_fw, magic id = PFWP
00:10:34.568 - Info: [   9.3471 ] tegrahost_v2 --chip 0x23 0 --align pscfw_t234_prod_aligned.bin
00:10:34.568 - Info: [   9.3488 ] tegrahost_v2 --chip 0x23 0 --magicid PFWP --ratchet_blob ratchet_blob.bin --appendsigheader pscfw_t234_prod_aligned.bin zerosbk
00:10:34.568 - Info: [   9.3493 ] Header already present for pscfw_t234_prod_aligned.bin
00:10:34.583 - Info: [   9.3615 ] tegrasign_v3.py --key None --list pscfw_t234_prod_aligned_sigheader.bin_list.xml --pubkeyhash pub_key.key --sha sha512
00:10:34.584 - Info: [   9.3619 ] Assuming zero filled SBK key
00:10:34.590 - Info: [   9.3672 ] Warning: pub_key.key is not found
00:10:34.590 - Info: [   9.3671 ] tegrahost_v2 --chip 0x23 0 --updatesigheader pscfw_t234_prod_aligned_sigheader.bin.encrypt pscfw_t234_prod_aligned_sigheader.bin.hash zerosbk
00:10:34.590 - Info: [   9.3702 ] Get magic id
00:10:34.590 - Info: [   9.3709 ] tegraparser_v2 --get_magic mts_mce
00:10:34.592 - Info: [   9.3714 ] MTSM
00:10:34.599 - Info: [   9.3737 ] partition type mts_mce, magic id = MTSM
00:10:34.599 - Info: [   9.3760 ] tegrahost_v2 --chip 0x23 0 --align mce_flash_o10_cr_prod_aligned.bin
00:10:34.599 - Info: [   9.3786 ] tegrahost_v2 --chip 0x23 0 --magicid MTSM --ratchet_blob ratchet_blob.bin --appendsigheader mce_flash_o10_cr_prod_aligned.bin zerosbk
00:10:34.601 - Info: [   9.3803 ] Header already present for mce_flash_o10_cr_prod_aligned.bin
00:10:34.605 - Info: [   9.3859 ] tegrasign_v3.py --key None --list mce_flash_o10_cr_prod_aligned_sigheader.bin_list.xml --pubkeyhash pub_key.key --sha sha512
00:10:34.605 - Info: [   9.3861 ] Assuming zero filled SBK key
00:10:34.611 - Info: [   9.3878 ] Warning: pub_key.key is not found
00:10:34.611 - Info: [   9.3876 ] tegrahost_v2 --chip 0x23 0 --updatesigheader mce_flash_o10_cr_prod_aligned_sigheader.bin.encrypt mce_flash_o10_cr_prod_aligned_sigheader.bin.hash zerosbk
00:10:34.611 - Info: [   9.3906 ] Get magic id
00:10:34.611 - Info: [   9.3915 ] tegraparser_v2 --get_magic tsec_fw
00:10:34.611 - Info: [   9.3926 ] TSEC
00:10:34.616 - Info: [   9.3929 ] partition type tsec_fw, magic id = TSEC
00:10:34.616 - Info: [   9.3950 ] tegrahost_v2 --chip 0x23 0 --align tsec_t234_aligned.bin
00:10:34.616 - Info: [   9.3970 ] tegrahost_v2 --chip 0x23 0 --magicid TSEC --ratchet_blob ratchet_blob.bin --appendsigheader tsec_t234_aligned.bin zerosbk
00:10:34.616 - Info: [   9.3974 ] Header already present for tsec_t234_aligned.bin
00:10:34.622 - Info: [   9.4029 ] tegrasign_v3.py --key None --list tsec_t234_aligned_sigheader.bin_list.xml --pubkeyhash pub_key.key --sha sha512
00:10:34.622 - Info: [   9.4030 ] Assuming zero filled SBK key
00:10:34.630 - Info: [   9.4047 ] Warning: pub_key.key is not found
00:10:34.630 - Info: [   9.4045 ] tegrahost_v2 --chip 0x23 0 --updatesigheader tsec_t234_aligned_sigheader.bin.encrypt tsec_t234_aligned_sigheader.bin.hash zerosbk
00:10:34.630 - Info: [   9.4092 ] Get magic id
00:10:34.630 - Info: [   9.4101 ] tegraparser_v2 --get_magic mb2_applet
00:10:34.630 - Info: [   9.4110 ] MB2A
00:10:34.634 - Info: [   9.4113 ] partition type mb2_applet, magic id = MB2A
00:10:34.634 - Info: [   9.4126 ] tegrahost_v2 --chip 0x23 0 --align applet_t234_aligned.bin
00:10:34.634 - Info: [   9.4141 ] tegrahost_v2 --chip 0x23 0 --magicid MB2A --ratchet_blob ratchet_blob.bin --appendsigheader applet_t234_aligned.bin zerosbk
00:10:34.634 - Info: [   9.4147 ] adding BCH for applet_t234_aligned.bin
00:10:34.649 - Info: [   9.4300 ] tegrasign_v3.py --key None --list applet_t234_aligned_sigheader.bin_list.xml --pubkeyhash pub_key.key --sha sha512
00:10:34.650 - Info: [   9.4302 ] Assuming zero filled SBK key
00:10:34.658 - Info: [   9.4329 ] Warning: pub_key.key is not found
00:10:34.658 - Info: [   9.4326 ] tegrahost_v2 --chip 0x23 0 --updatesigheader applet_t234_aligned_sigheader.bin.encrypt applet_t234_aligned_sigheader.bin.hash zerosbk
00:10:34.658 - Info: [   9.4357 ] Generating recovery mb2-bct
00:10:34.658 - Info: [   9.4357 ] tegrabct_v2 --chip 0x23 0 --mb2bct mb2_bct.cfg --recov --mb2bctcfg tegra234-mb2-bct-misc-p3767-0000_cpp.dtb --scr tegra234-mb2-bct-scr-p3767-0000_cpp.dtb
00:10:34.658 - Info: [   9.4362 ] WARNING: unknown property 'tfc_version'
00:10:34.660 - Info: [   9.4386 ] WARNING: unknown property 'addr_header_version'
00:10:34.682 - Info: [   9.4582 ] Updating mb2-bct with storage information for RCM
00:10:34.682 - Info: [   9.4588 ] tegrabct_v2 --chip 0x23 0 --mb2bct mb2_bct_MB2.bct --updatestorageinfo flash.xml.bin
00:10:34.682 - Info: [   9.4603 ] Concatenating mb2-bct to mb2 binary
00:10:34.682 - Info: [   9.4603 ] mb2_bin_file = mb2_t234.bin
00:10:34.682 - Info: [   9.4603 ] mb2_bct_file = mb2_bct_MB2.bct
00:10:34.682 - Info: [   9.4620 ] Get magic id
00:10:34.682 - Info: [   9.4630 ] tegraparser_v2 --get_magic mb2_bootloader
00:10:34.682 - Info: [   9.4635 ] MB2B
00:10:34.686 - Info: [   9.4636 ] partition type mb2_bootloader, magic id = MB2B
00:10:34.686 - Info: [   9.4646 ] tegrahost_v2 --chip 0x23 0 --align mb2_t234_with_mb2_bct_MB2_aligned.bin
00:10:34.686 - Info: [   9.4659 ] tegrahost_v2 --chip 0x23 0 --magicid MB2B --ratchet_blob ratchet_blob.bin --appendsigheader mb2_t234_with_mb2_bct_MB2_aligned.bin zerosbk
00:10:34.686 - Info: [   9.4664 ] adding BCH for mb2_t234_with_mb2_bct_MB2_aligned.bin
00:10:34.705 - Info: [   9.4863 ] tegrasign_v3.py --key None --list mb2_t234_with_mb2_bct_MB2_aligned_sigheader.bin_list.xml --pubkeyhash pub_key.key --sha sha512
00:10:34.705 - Info: [   9.4864 ] Assuming zero filled SBK key
00:10:34.712 - Info: [   9.4883 ] Warning: pub_key.key is not found
00:10:34.712 - Info: [   9.4880 ] tegrahost_v2 --chip 0x23 0 --updatesigheader mb2_t234_with_mb2_bct_MB2_aligned_sigheader.bin.encrypt mb2_t234_with_mb2_bct_MB2_aligned_sigheader.bin.hash zerosbk
00:10:34.712 - Info: [   9.4913 ] Get magic id
00:10:34.712 - Info: [   9.4924 ] tegraparser_v2 --get_magic xusb_fw
00:10:34.712 - Info: [   9.4932 ] XUSB
00:10:34.717 - Info: [   9.4935 ] partition type xusb_fw, magic id = XUSB
00:10:34.717 - Info: [   9.4962 ] tegrahost_v2 --chip 0x23 0 --align xusb_t234_prod_aligned.bin
00:10:34.717 - Info: [   9.4977 ] tegrahost_v2 --chip 0x23 0 --magicid XUSB --ratchet_blob ratchet_blob.bin --appendsigheader xusb_t234_prod_aligned.bin zerosbk
00:10:34.717 - Info: [   9.4982 ] adding BCH for xusb_t234_prod_aligned.bin
00:10:34.726 - Info: [   9.5059 ] tegrasign_v3.py --key None --list xusb_t234_prod_aligned_sigheader.bin_list.xml --pubkeyhash pub_key.key --sha sha512
00:10:34.726 - Info: [   9.5061 ] Assuming zero filled SBK key
00:10:34.734 - Info: [   9.5099 ] Warning: pub_key.key is not found
00:10:34.734 - Info: [   9.5104 ] tegrahost_v2 --chip 0x23 0 --updatesigheader xusb_t234_prod_aligned_sigheader.bin.encrypt xusb_t234_prod_aligned_sigheader.bin.hash zerosbk
00:10:34.734 - Info: [   9.5143 ] Get magic id
00:10:34.734 - Info: [   9.5150 ] tegraparser_v2 --get_magic pva_fw
00:10:34.734 - Info: [   9.5155 ] PVAF
00:10:34.742 - Info: [   9.5157 ] partition type pva_fw, magic id = PVAF
00:10:34.742 - Info: [   9.5189 ] tegrahost_v2 --chip 0x23 0 --align nvpva_020_aligned.fw
00:10:34.742 - Info: [   9.5197 ] tegrahost_v2 --chip 0x23 0 --magicid PVAF --ratchet_blob ratchet_blob.bin --appendsigheader nvpva_020_aligned.fw zerosbk
00:10:34.742 - Info: [   9.5201 ] adding BCH for nvpva_020_aligned.fw
00:10:34.834 - Info: [   9.6143 ] tegrasign_v3.py --key None --list nvpva_020_aligned_sigheader.fw_list.xml --pubkeyhash pub_key.key --sha sha512
00:10:34.834 - Info: [   9.6148 ] Assuming zero filled SBK key
00:10:34.959 - Info: [   9.6199 ] Warning: pub_key.key is not found
00:10:34.959 - Info: [   9.6196 ] tegrahost_v2 --chip 0x23 0 --updatesigheader nvpva_020_aligned_sigheader.fw.encrypt nvpva_020_aligned_sigheader.fw.hash zerosbk
00:10:34.959 - Info: [   9.6274 ] Kernel DTB used: kernel_tegra234-p3768-0000+p3767-0003-nv.dtb
00:10:34.959 - Info: [   9.6274 ] Concatenating kernel-dtb to dce-fw binary
00:10:34.959 - Info: [   9.6275 ] dce_bin = display-t234-dce.bin
00:10:34.959 - Info: [   9.6275 ] kernel_dtb = kernel_tegra234-p3768-0000+p3767-0003-nv.dtb
00:10:34.959 - Info: [   9.6275 ] dce_with_dtb = display-t234-dce_with_kernel_tegra234-p3768-0000+p3767-0003-nv.bin
00:10:34.959 - Info: [   9.6392 ] Get magic id
00:10:34.959 - Info: [   9.6400 ] tegraparser_v2 --get_magic dce_fw
00:10:34.959 - Info: [   9.6414 ] DCEF
00:10:34.959 - Info: [   9.6414 ] 
00:10:34.959 - Info: [   9.6414 ] partition type dce_fw, magic id = DCEF
00:10:34.960 - Info: [   9.7176 ] tegrahost_v2 --chip 0x23 0 --align display-t234-dce_with_kernel_tegra234-p3768-0000+p3767-0003-nv_aligned.bin
00:10:34.960 - Info: [   9.7200 ] tegrahost_v2 --chip 0x23 0 --magicid DCEF --ratchet_blob ratchet_blob.bin --appendsigheader display-t234-dce_with_kernel_tegra234-p3768-0000+p3767-0003-nv_aligned.bin zerosbk
00:10:34.960 - Info: [   9.7232 ] adding BCH for display-t234-dce_with_kernel_tegra234-p3768-0000+p3767-0003-nv_aligned.bin
00:10:35.497 - Info: [  10.2690 ] tegrasign_v3.py --key None --list display-t234-dce_with_kernel_tegra234-p3768-0000+p3767-0003-nv_aligned_sigheader.bin_list.xml --pubkeyhash pub_key.key --sha sha512
00:10:35.497 - Info: [  10.2691 ] Assuming zero filled SBK key
00:10:35.631 - Info: [  10.3077 ] Warning: pub_key.key is not found
00:10:35.632 - Info: [  10.3079 ] tegrahost_v2 --chip 0x23 0 --updatesigheader display-t234-dce_with_kernel_tegra234-p3768-0000+p3767-0003-nv_aligned_sigheader.bin.encrypt display-t234-dce_with_kernel_tegra234-p3768-0000+p3767-0003-nv_aligned_sigheader.bin.hash zerosbk
00:10:35.632 - Info: [  10.3826 ] Get magic id
00:10:35.632 - Info: [  10.3832 ] tegraparser_v2 --get_magic nvdec
00:10:35.632 - Info: [  10.3836 ] NDEC
00:10:35.632 - Info: [  10.3838 ] partition type nvdec, magic id = NDEC
00:10:35.632 - Info: [  10.4084 ] tegrahost_v2 --chip 0x23 0 --align nvdec_t234_prod_aligned.fw
00:10:35.632 - Info: [  10.4108 ] tegrahost_v2 --chip 0x23 0 --magicid NDEC --ratchet_blob ratchet_blob.bin --appendsigheader nvdec_t234_prod_aligned.fw zerosbk
00:10:35.632 - Info: [  10.4115 ] Header already present for nvdec_t234_prod_aligned.fw
00:10:35.639 - Info: [  10.4200 ] tegrasign_v3.py --key None --list nvdec_t234_prod_aligned_sigheader.fw_list.xml --pubkeyhash pub_key.key --sha sha512
00:10:35.639 - Info: [  10.4202 ] Assuming zero filled SBK key
00:10:35.646 - Info: [  10.4221 ] Warning: pub_key.key is not found
00:10:35.646 - Info: [  10.4226 ] tegrahost_v2 --chip 0x23 0 --updatesigheader nvdec_t234_prod_aligned_sigheader.fw.encrypt nvdec_t234_prod_aligned_sigheader.fw.hash zerosbk
00:10:35.646 - Info: [  10.4259 ] Get magic id
00:10:35.647 - Info: [  10.4270 ] tegraparser_v2 --get_magic bpmp_fw
00:10:35.647 - Info: [  10.4278 ] BPMF
00:10:35.653 - Info: [  10.4288 ] partition type bpmp_fw, magic id = BPMF
00:10:35.653 - Info: [  10.4318 ] tegrahost_v2 --chip 0x23 0 --align bpmp_t234-TE950M-A1_prod_aligned.bin
00:10:35.653 - Info: [  10.4329 ] tegrahost_v2 --chip 0x23 0 --magicid BPMF --ratchet_blob ratchet_blob.bin --appendsigheader bpmp_t234-TE950M-A1_prod_aligned.bin zerosbk
00:10:35.653 - Info: [  10.4333 ] Header already present for bpmp_t234-TE950M-A1_prod_aligned.bin
00:10:35.678 - Info: [  10.4572 ] tegrasign_v3.py --key None --list bpmp_t234-TE950M-A1_prod_aligned_sigheader.bin_list.xml --pubkeyhash pub_key.key --sha sha512
00:10:35.678 - Info: [  10.4575 ] Assuming zero filled SBK key
00:10:35.689 - Info: [  10.4661 ] Warning: pub_key.key is not found
00:10:35.689 - Info: [  10.4664 ] tegrahost_v2 --chip 0x23 0 --updatesigheader bpmp_t234-TE950M-A1_prod_aligned_sigheader.bin.encrypt bpmp_t234-TE950M-A1_prod_aligned_sigheader.bin.hash zerosbk
00:10:35.689 - Info: [  10.4698 ] Using bpmp-dtb concatenated with odmdata
00:10:35.689 - Info: [  10.4698 ] Get magic id
00:10:35.689 - Info: [  10.4703 ] tegraparser_v2 --get_magic bpmp_fw_dtb
00:10:35.689 - Info: [  10.4707 ] BPMD
00:10:35.694 - Info: [  10.4709 ] partition type bpmp_fw_dtb, magic id = BPMD
00:10:35.694 - Info: [  10.4722 ] tegrahost_v2 --chip 0x23 0 --align tegra234-bpmp-3767-0003-3509-a02_with_odm_aligned.dtb
00:10:35.694 - Info: [  10.4738 ] tegrahost_v2 --chip 0x23 0 --magicid BPMD --ratchet_blob ratchet_blob.bin --appendsigheader tegra234-bpmp-3767-0003-3509-a02_with_odm_aligned.dtb zerosbk
00:10:35.694 - Info: [  10.4746 ] adding BCH for tegra234-bpmp-3767-0003-3509-a02_with_odm_aligned.dtb
00:10:35.709 - Info: [  10.4882 ] tegrasign_v3.py --key None --list tegra234-bpmp-3767-0003-3509-a02_with_odm_aligned_sigheader.dtb_list.xml --pubkeyhash pub_key.key --sha sha512
00:10:35.709 - Info: [  10.4883 ] Assuming zero filled SBK key
00:10:35.715 - Info: [  10.4911 ] Warning: pub_key.key is not found
00:10:35.715 - Info: [  10.4913 ] tegrahost_v2 --chip 0x23 0 --updatesigheader tegra234-bpmp-3767-0003-3509-a02_with_odm_aligned_sigheader.dtb.encrypt tegra234-bpmp-3767-0003-3509-a02_with_odm_aligned_sigheader.dtb.hash zerosbk
00:10:35.715 - Info: [  10.4947 ] Get magic id
00:10:35.715 - Info: [  10.4956 ] tegraparser_v2 --get_magic rce_fw
00:10:35.715 - Info: [  10.4965 ] RCEF
00:10:35.719 - Info: [  10.4968 ] partition type rce_fw, magic id = RCEF
00:10:35.719 - Info: [  10.4988 ] tegrahost_v2 --chip 0x23 0 --align camera-rtcpu-t234-rce_aligned.img
00:10:35.719 - Info: [  10.4997 ] tegrahost_v2 --chip 0x23 0 --magicid RCEF --ratchet_blob ratchet_blob.bin --appendsigheader camera-rtcpu-t234-rce_aligned.img zerosbk
00:10:35.721 - Info: [  10.5000 ] adding BCH for camera-rtcpu-t234-rce_aligned.img
00:10:35.738 - Info: [  10.5195 ] tegrasign_v3.py --key None --list camera-rtcpu-t234-rce_aligned_sigheader.img_list.xml --pubkeyhash pub_key.key --sha sha512
00:10:35.738 - Info: [  10.5196 ] Assuming zero filled SBK key
00:10:35.746 - Info: [  10.5218 ] Warning: pub_key.key is not found
00:10:35.746 - Info: [  10.5215 ] tegrahost_v2 --chip 0x23 0 --updatesigheader camera-rtcpu-t234-rce_aligned_sigheader.img.encrypt camera-rtcpu-t234-rce_aligned_sigheader.img.hash zerosbk
00:10:35.746 - Info: [  10.5253 ] Get magic id
00:10:35.746 - Info: [  10.5267 ] tegraparser_v2 --get_magic ape_fw
00:10:35.746 - Info: [  10.5274 ] APEF
00:10:35.750 - Info: [  10.5276 ] partition type ape_fw, magic id = APEF
00:10:35.751 - Info: [  10.5292 ] tegrahost_v2 --chip 0x23 0 --align adsp-fw_aligned.bin
00:10:35.751 - Info: [  10.5311 ] tegrahost_v2 --chip 0x23 0 --magicid APEF --ratchet_blob ratchet_blob.bin --appendsigheader adsp-fw_aligned.bin zerosbk
00:10:35.751 - Info: [  10.5318 ] adding BCH for adsp-fw_aligned.bin
00:10:35.757 - Info: [  10.5381 ] tegrasign_v3.py --key None --list adsp-fw_aligned_sigheader.bin_list.xml --pubkeyhash pub_key.key --sha sha512
00:10:35.757 - Info: [  10.5383 ] Assuming zero filled SBK key
00:10:35.763 - Info: [  10.5402 ] Warning: pub_key.key is not found
00:10:35.763 - Info: [  10.5403 ] tegrahost_v2 --chip 0x23 0 --updatesigheader adsp-fw_aligned_sigheader.bin.encrypt adsp-fw_aligned_sigheader.bin.hash zerosbk
00:10:35.763 - Info: [  10.5427 ] Get magic id
00:10:35.763 - Info: [  10.5439 ] tegraparser_v2 --get_magic spe_fw
00:10:35.763 - Info: [  10.5446 ] SPEF
00:10:35.769 - Info: [  10.5448 ] partition type spe_fw, magic id = SPEF
00:10:35.769 - Info: [  10.5482 ] tegrahost_v2 --chip 0x23 0 --align spe_t234_aligned.bin
00:10:35.769 - Info: [  10.5495 ] tegrahost_v2 --chip 0x23 0 --magicid SPEF --ratchet_blob ratchet_blob.bin --appendsigheader spe_t234_aligned.bin zerosbk
00:10:35.769 - Info: [  10.5500 ] adding BCH for spe_t234_aligned.bin
00:10:35.782 - Info: [  10.5634 ] tegrasign_v3.py --key None --list spe_t234_aligned_sigheader.bin_list.xml --pubkeyhash pub_key.key --sha sha512
00:10:35.782 - Info: [  10.5636 ] Assuming zero filled SBK key
00:10:35.787 - Info: [  10.5655 ] Warning: pub_key.key is not found
00:10:35.787 - Info: [  10.5654 ] tegrahost_v2 --chip 0x23 0 --updatesigheader spe_t234_aligned_sigheader.bin.encrypt spe_t234_aligned_sigheader.bin.hash zerosbk
00:10:35.787 - Info: [  10.5677 ] Get magic id
00:10:35.787 - Info: [  10.5682 ] tegraparser_v2 --get_magic tos
00:10:35.787 - Info: [  10.5686 ] TOSB
00:10:35.793 - Info: [  10.5687 ] partition type tos, magic id = TOSB
00:10:35.793 - Info: [  10.5710 ] tegrahost_v2 --chip 0x23 0 --align tos-optee_t234_aligned.img
00:10:35.793 - Info: [  10.5718 ] tegrahost_v2 --chip 0x23 0 --magicid TOSB --ratchet_blob ratchet_blob.bin --appendsigheader tos-optee_t234_aligned.img zerosbk
00:10:35.793 - Info: [  10.5721 ] adding BCH for tos-optee_t234_aligned.img
00:10:35.883 - Info: [  10.6625 ] tegrasign_v3.py --key None --list tos-optee_t234_aligned_sigheader.img_list.xml --pubkeyhash pub_key.key --sha sha512
00:10:35.883 - Info: [  10.6630 ] Assuming zero filled SBK key
00:10:35.896 - Info: [  10.6691 ] Warning: pub_key.key is not found
00:10:35.897 - Info: [  10.6688 ] tegrahost_v2 --chip 0x23 0 --updatesigheader tos-optee_t234_aligned_sigheader.img.encrypt tos-optee_t234_aligned_sigheader.img.hash zerosbk
00:10:35.897 - Info: [  10.6761 ] Get magic id
00:10:35.897 - Info: [  10.6771 ] tegraparser_v2 --get_magic eks
00:10:35.897 - Info: [  10.6780 ] EKSB
00:10:35.899 - Info: [  10.6782 ] partition type eks, magic id = EKSB
00:10:35.899 - Info: [  10.6795 ] tegrahost_v2 --chip 0x23 0 --align eks_t234_aligned.img
00:10:35.899 - Info: [  10.6806 ] tegrahost_v2 --chip 0x23 0 --magicid EKSB --ratchet_blob ratchet_blob.bin --appendsigheader eks_t234_aligned.img zerosbk
00:10:35.900 - Info: [  10.6809 ] adding BCH for eks_t234_aligned.img
00:10:35.902 - Info: [  10.6829 ] tegrasign_v3.py --key None --list eks_t234_aligned_sigheader.img_list.xml --pubkeyhash pub_key.key --sha sha512
00:10:35.902 - Info: [  10.6832 ] Assuming zero filled SBK key
00:10:35.919 - Info: [  10.6850 ] Warning: pub_key.key is not found
00:10:35.919 - Info: [  10.6848 ] tegrahost_v2 --chip 0x23 0 --updatesigheader eks_t234_aligned_sigheader.img.encrypt eks_t234_aligned_sigheader.img.hash zerosbk
00:10:35.919 - Info: [  10.6905 ] tegrahost_v2 --chip 0x23 0 --align uefi_jetson_with_dtb_aligned.bin
00:10:35.919 - Info: [  10.6930 ] tegrahost_v2 --chip 0x23 0 --magicid CPBL --ratchet_blob ratchet_blob.bin --appendsigheader uefi_jetson_with_dtb_aligned.bin zerosbk
00:10:35.919 - Info: [  10.6937 ] adding BCH for uefi_jetson_with_dtb_aligned.bin
00:10:36.068 - Info: [  10.8483 ] tegrasign_v3.py --key None --list uefi_jetson_with_dtb_aligned_sigheader.bin_list.xml --pubkeyhash pub_key.key --sha sha512
00:10:36.068 - Info: [  10.8486 ] Assuming zero filled SBK key
00:10:38.917 - Info: [  10.8562 ] Warning: pub_key.key is not found
00:10:38.917 - Info: [  10.8568 ] tegrahost_v2 --chip 0x23 0 --updatesigheader uefi_jetson_with_dtb_aligned_sigheader.bin.encrypt uefi_jetson_with_dtb_aligned_sigheader.bin.hash zerosbk
00:10:38.917 - Info: [  10.8687 ] Copying enc\/signed file in /home/chuy/nvidia/nvidia_sdk/JetPack_6.2.2_Linux_JETSON_ORIN_NANO_TARGETS/Linux_for_Tegra/bootloader/signed
00:10:38.917 - Info: [  10.9241 ] Copying br bct for multi chains
00:10:38.917 - Info: [  10.9245 ] Signed BCT for boot chain A is copied to /home/chuy/nvidia/nvidia_sdk/JetPack_6.2.2_Linux_JETSON_ORIN_NANO_TARGETS/Linux_for_Tegra/bootloader/signed/br_bct_BR.bct
00:10:38.917 - Info: 
00:10:38.917 - Info: [  10.9246 ] Signed BCT for boot chain B is copied to /home/chuy/nvidia/nvidia_sdk/JetPack_6.2.2_Linux_JETSON_ORIN_NANO_TARGETS/Linux_for_Tegra/bootloader/signed/br_bct_b_BR.bct
00:10:38.917 - Info: 
00:10:38.917 - Info: [  10.9246 ] Copying BCT backup image bct_backup.img to /home/chuy/nvidia/nvidia_sdk/JetPack_6.2.2_Linux_JETSON_ORIN_NANO_TARGETS/Linux_for_Tegra/bootloader/signed/bct_backup.img
00:10:38.917 - Info: [  10.9327 ] Copying pscfw_t234_prod_sigheader.bin.encrypt to /home/chuy/nvidia/nvidia_sdk/JetPack_6.2.2_Linux_JETSON_ORIN_NANO_TARGETS/Linux_for_Tegra/bootloader/signed
00:10:38.917 - Info: [  10.9333 ] Signed file: /home/chuy/nvidia/nvidia_sdk/JetPack_6.2.2_Linux_JETSON_ORIN_NANO_TARGETS/Linux_for_Tegra/bootloader/signed/pscfw_t234_prod_sigheader.bin.encrypt
00:10:38.917 - Info: [  10.9333 ] Copying mce_flash_o10_cr_prod_sigheader.bin.encrypt to /home/chuy/nvidia/nvidia_sdk/JetPack_6.2.2_Linux_JETSON_ORIN_NANO_TARGETS/Linux_for_Tegra/bootloader/signed
00:10:38.917 - Info: [  10.9336 ] Signed file: /home/chuy/nvidia/nvidia_sdk/JetPack_6.2.2_Linux_JETSON_ORIN_NANO_TARGETS/Linux_for_Tegra/bootloader/signed/mce_flash_o10_cr_prod_sigheader.bin.encrypt
00:10:38.917 - Info: [  10.9336 ] Copying tsec_t234_sigheader.bin.encrypt to /home/chuy/nvidia/nvidia_sdk/JetPack_6.2.2_Linux_JETSON_ORIN_NANO_TARGETS/Linux_for_Tegra/bootloader/signed
00:10:38.917 - Info: [  10.9340 ] Signed file: /home/chuy/nvidia/nvidia_sdk/JetPack_6.2.2_Linux_JETSON_ORIN_NANO_TARGETS/Linux_for_Tegra/bootloader/signed/tsec_t234_sigheader.bin.encrypt
00:10:38.917 - Info: [  10.9340 ] Copying applet_t234_sigheader.bin.encrypt to /home/chuy/nvidia/nvidia_sdk/JetPack_6.2.2_Linux_JETSON_ORIN_NANO_TARGETS/Linux_for_Tegra/bootloader/signed
00:10:38.917 - Info: [  10.9344 ] Signed file: /home/chuy/nvidia/nvidia_sdk/JetPack_6.2.2_Linux_JETSON_ORIN_NANO_TARGETS/Linux_for_Tegra/bootloader/signed/applet_t234_sigheader.bin.encrypt
00:10:38.917 - Info: [  10.9344 ] Copying mb2_t234_with_mb2_bct_MB2_sigheader.bin.encrypt to /home/chuy/nvidia/nvidia_sdk/JetPack_6.2.2_Linux_JETSON_ORIN_NANO_TARGETS/Linux_for_Tegra/bootloader/signed
00:10:38.917 - Info: [  10.9348 ] Signed file: /home/chuy/nvidia/nvidia_sdk/JetPack_6.2.2_Linux_JETSON_ORIN_NANO_TARGETS/Linux_for_Tegra/bootloader/signed/mb2_t234_with_mb2_bct_MB2_sigheader.bin.encrypt
00:10:38.917 - Info: [  10.9348 ] Copying xusb_t234_prod_sigheader.bin.encrypt to /home/chuy/nvidia/nvidia_sdk/JetPack_6.2.2_Linux_JETSON_ORIN_NANO_TARGETS/Linux_for_Tegra/bootloader/signed
00:10:38.917 - Info: [  10.9351 ] Signed file: /home/chuy/nvidia/nvidia_sdk/JetPack_6.2.2_Linux_JETSON_ORIN_NANO_TARGETS/Linux_for_Tegra/bootloader/signed/xusb_t234_prod_sigheader.bin.encrypt
00:10:38.917 - Info: [  10.9351 ] Copying nvpva_020_sigheader.fw.encrypt to /home/chuy/nvidia/nvidia_sdk/JetPack_6.2.2_Linux_JETSON_ORIN_NANO_TARGETS/Linux_for_Tegra/bootloader/signed
00:10:38.917 - Info: [  10.9367 ] Signed file: /home/chuy/nvidia/nvidia_sdk/JetPack_6.2.2_Linux_JETSON_ORIN_NANO_TARGETS/Linux_for_Tegra/bootloader/signed/nvpva_020_sigheader.fw.encrypt
00:10:38.917 - Info: [  10.9367 ] Copying display-t234-dce_sigheader.bin.encrypt to /home/chuy/nvidia/nvidia_sdk/JetPack_6.2.2_Linux_JETSON_ORIN_NANO_TARGETS/Linux_for_Tegra/bootloader/signed
00:10:38.917 - Info: [  10.9477 ] Signed file: /home/chuy/nvidia/nvidia_sdk/JetPack_6.2.2_Linux_JETSON_ORIN_NANO_TARGETS/Linux_for_Tegra/bootloader/signed/display-t234-dce_sigheader.bin.encrypt
00:10:38.917 - Info: [  10.9477 ] Copying display-t234-dce_with_kernel_tegra234-p3768-0000+p3767-0003-nv_sigheader.bin.encrypt to /home/chuy/nvidia/nvidia_sdk/JetPack_6.2.2_Linux_JETSON_ORIN_NANO_TARGETS/Linux_for_Tegra/bootloader/signed
00:10:38.917 - Info: [  10.9572 ] Signed file: /home/chuy/nvidia/nvidia_sdk/JetPack_6.2.2_Linux_JETSON_ORIN_NANO_TARGETS/Linux_for_Tegra/bootloader/signed/display-t234-dce_with_kernel_tegra234-p3768-0000+p3767-0003-nv_sigheader.bin.encrypt
00:10:38.917 - Info: [  10.9572 ] Copying nvdec_t234_prod_sigheader.fw.encrypt to /home/chuy/nvidia/nvidia_sdk/JetPack_6.2.2_Linux_JETSON_ORIN_NANO_TARGETS/Linux_for_Tegra/bootloader/signed
00:10:38.917 - Info: [  10.9580 ] Signed file: /home/chuy/nvidia/nvidia_sdk/JetPack_6.2.2_Linux_JETSON_ORIN_NANO_TARGETS/Linux_for_Tegra/bootloader/signed/nvdec_t234_prod_sigheader.fw.encrypt
00:10:38.917 - Info: [  10.9580 ] Copying bpmp_t234-TE950M-A1_prod_sigheader.bin.encrypt to /home/chuy/nvidia/nvidia_sdk/JetPack_6.2.2_Linux_JETSON_ORIN_NANO_TARGETS/Linux_for_Tegra/bootloader/signed
00:10:38.917 - Info: [  10.9597 ] Signed file: /home/chuy/nvidia/nvidia_sdk/JetPack_6.2.2_Linux_JETSON_ORIN_NANO_TARGETS/Linux_for_Tegra/bootloader/signed/bpmp_t234-TE950M-A1_prod_sigheader.bin.encrypt
00:10:38.917 - Info: [  10.9597 ] Copying tegra234-bpmp-3767-0003-3509-a02_with_odm_sigheader.dtb.encrypt to /home/chuy/nvidia/nvidia_sdk/JetPack_6.2.2_Linux_JETSON_ORIN_NANO_TARGETS/Linux_for_Tegra/bootloader/signed
00:10:38.917 - Info: [  10.9605 ] Signed file: /home/chuy/nvidia/nvidia_sdk/JetPack_6.2.2_Linux_JETSON_ORIN_NANO_TARGETS/Linux_for_Tegra/bootloader/signed/tegra234-bpmp-3767-0003-3509-a02_with_odm_sigheader.dtb.encrypt
00:10:38.917 - Info: [  10.9605 ] Copying camera-rtcpu-t234-rce_sigheader.img.encrypt to /home/chuy/nvidia/nvidia_sdk/JetPack_6.2.2_Linux_JETSON_ORIN_NANO_TARGETS/Linux_for_Tegra/bootloader/signed
00:10:38.917 - Info: [  10.9616 ] Signed file: /home/chuy/nvidia/nvidia_sdk/JetPack_6.2.2_Linux_JETSON_ORIN_NANO_TARGETS/Linux_for_Tegra/bootloader/signed/camera-rtcpu-t234-rce_sigheader.img.encrypt
00:10:38.917 - Info: [  10.9616 ] Copying adsp-fw_sigheader.bin.encrypt to /home/chuy/nvidia/nvidia_sdk/JetPack_6.2.2_Linux_JETSON_ORIN_NANO_TARGETS/Linux_for_Tegra/bootloader/signed
00:10:38.918 - Info: [  10.9625 ] Signed file: /home/chuy/nvidia/nvidia_sdk/JetPack_6.2.2_Linux_JETSON_ORIN_NANO_TARGETS/Linux_for_Tegra/bootloader/signed/adsp-fw_sigheader.bin.encrypt
00:10:38.918 - Info: [  10.9625 ] Copying spe_t234_sigheader.bin.encrypt to /home/chuy/nvidia/nvidia_sdk/JetPack_6.2.2_Linux_JETSON_ORIN_NANO_TARGETS/Linux_for_Tegra/bootloader/signed
00:10:38.918 - Info: [  10.9637 ] Signed file: /home/chuy/nvidia/nvidia_sdk/JetPack_6.2.2_Linux_JETSON_ORIN_NANO_TARGETS/Linux_for_Tegra/bootloader/signed/spe_t234_sigheader.bin.encrypt
00:10:38.918 - Info: [  10.9637 ] Copying tos-optee_t234_sigheader.img.encrypt to /home/chuy/nvidia/nvidia_sdk/JetPack_6.2.2_Linux_JETSON_ORIN_NANO_TARGETS/Linux_for_Tegra/bootloader/signed
00:10:38.918 - Info: [  10.9665 ] Signed file: /home/chuy/nvidia/nvidia_sdk/JetPack_6.2.2_Linux_JETSON_ORIN_NANO_TARGETS/Linux_for_Tegra/bootloader/signed/tos-optee_t234_sigheader.img.encrypt
00:10:38.918 - Info: [  10.9665 ] Copying eks_t234_sigheader.img.encrypt to /home/chuy/nvidia/nvidia_sdk/JetPack_6.2.2_Linux_JETSON_ORIN_NANO_TARGETS/Linux_for_Tegra/bootloader/signed
00:10:38.918 - Info: [  10.9668 ] Signed file: /home/chuy/nvidia/nvidia_sdk/JetPack_6.2.2_Linux_JETSON_ORIN_NANO_TARGETS/Linux_for_Tegra/bootloader/signed/eks_t234_sigheader.img.encrypt
00:10:38.918 - Info: [  10.9668 ] Copying uefi_jetson_with_dtb_sigheader.bin.encrypt to /home/chuy/nvidia/nvidia_sdk/JetPack_6.2.2_Linux_JETSON_ORIN_NANO_TARGETS/Linux_for_Tegra/bootloader/signed
00:10:38.918 - Info: [  10.9702 ] Signed file: /home/chuy/nvidia/nvidia_sdk/JetPack_6.2.2_Linux_JETSON_ORIN_NANO_TARGETS/Linux_for_Tegra/bootloader/signed/uefi_jetson_with_dtb_sigheader.bin.encrypt
00:10:38.918 - Info: [  10.9723 ] tegraparser_v2 --pt flash.xml.bin --generateflashindex /home/chuy/nvidia/nvidia_sdk/JetPack_6.2.2_Linux_JETSON_ORIN_NANO_TARGETS/Linux_for_Tegra/bootloader/signed/flash.xml.tmp flash.idx
00:10:39.089 - Info: Using bpmp-dtb concatenated with odmdata in blob for t23x
00:10:39.120 - Info: ./tegraflash.py --bl uefi_jetson_with_dtb_sigheader.bin.encrypt --bct br_bct_BR.bct --securedev  --bldtb tegra234-p3768-0000+p3767-0003-nv.dtb --applet rcm_2_encrypt.rcm --applet_softfuse rcm_1_encrypt.rcm --cmd "rcmboot"  --cfg secureflash.xml --chip 0x23 --mb1_bct mb1_bct_MB1_sigheader.bct.encrypt --mem_bct mem_rcm_sigheader.bct.encrypt --mb1_cold_boot_bct mb1_cold_boot_bct_MB1_sigheader.bct.encrypt --mb1_bin mb1_t234_prod_aligned_sigheader.bin.encrypt --psc_bl1_bin psc_bl1_t234_prod_aligned_sigheader.bin.encrypt --mem_bct_cold_boot mem_coldboot_sigheader.bct.encrypt  --bins "psc_fw pscfw_t234_prod_sigheader.bin.encrypt; mts_mce mce_flash_o10_cr_prod_sigheader.bin.encrypt; tsec_fw tsec_t234_sigheader.bin.encrypt; mb2_applet applet_t234_sigheader.bin.encrypt; mb2_bootloader mb2_t234_with_mb2_cold_boot_bct_MB2_sigheader.bin.encrypt; xusb_fw xusb_t234_prod_sigheader.bin.encrypt; pva_fw nvpva_020_sigheader.fw.encrypt; dce_fw display-t234-dce_sigheader.bin.encrypt; nvdec nvdec_t234_prod_sigheader.fw.encrypt; bpmp_fw bpmp_t234-TE950M-A1_prod_sigheader.bin.encrypt; bpmp_fw_dtb tegra234-bpmp-3767-0003-3509-a02_with_odm_sigheader.dtb.encrypt; rce_fw camera-rtcpu-t234-rce_sigheader.img.encrypt; ape_fw adsp-fw_sigheader.bin.encrypt; spe_fw spe_t234_sigheader.bin.encrypt; tos tos-optee_t234_sigheader.img.encrypt; eks eks_t234_sigheader.img.encrypt; kernel boot.img; kernel_dtb tegra234-p3768-0000+p3767-0003-nv.dtb"    --bct_backup 
00:10:39.120 - Info: saving flash command in flashcmd.txt
00:10:39.122 - Info: --rcm-boot with --no-flash, prepare rcmboot_blob.
00:10:39.127 - Info: tegraflashcmd with --no_flash:
00:10:39.127 - Info: ./tegraflash.py --bl uefi_jetson_with_dtb_sigheader.bin.encrypt --bct br_bct_BR.bct --securedev  --bldtb tegra234-p3768-0000+p3767-0003-nv.dtb --applet rcm_2_encrypt.rcm --applet_softfuse rcm_1_encrypt.rcm --cmd "rcmboot"  --cfg secureflash.xml --chip 0x23 --mb1_bct mb1_bct_MB1_sigheader.bct.encrypt --mem_bct mem_rcm_sigheader.bct.encrypt --mb1_cold_boot_bct mb1_cold_boot_bct_MB1_sigheader.bct.encrypt --mb1_bin mb1_t234_prod_aligned_sigheader.bin.encrypt --psc_bl1_bin psc_bl1_t234_prod_aligned_sigheader.bin.encrypt --mem_bct_cold_boot mem_coldboot_sigheader.bct.encrypt  --bins "psc_fw pscfw_t234_prod_sigheader.bin.encrypt; mts_mce mce_flash_o10_cr_prod_sigheader.bin.encrypt; tsec_fw tsec_t234_sigheader.bin.encrypt; mb2_applet applet_t234_sigheader.bin.encrypt; mb2_bootloader mb2_t234_with_mb2_cold_boot_bct_MB2_sigheader.bin.encrypt; xusb_fw xusb_t234_prod_sigheader.bin.encrypt; pva_fw nvpva_020_sigheader.fw.encrypt; dce_fw display-t234-dce_sigheader.bin.encrypt; nvdec nvdec_t234_prod_sigheader.fw.encrypt; bpmp_fw bpmp_t234-TE950M-A1_prod_sigheader.bin.encrypt; bpmp_fw_dtb tegra234-bpmp-3767-0003-3509-a02_with_odm_sigheader.dtb.encrypt; rce_fw camera-rtcpu-t234-rce_sigheader.img.encrypt; ape_fw adsp-fw_sigheader.bin.encrypt; spe_fw spe_t234_sigheader.bin.encrypt; tos tos-optee_t234_sigheader.img.encrypt; eks eks_t234_sigheader.img.encrypt; kernel boot.img; kernel_dtb tegra234-p3768-0000+p3767-0003-nv.dtb"    --bct_backup  --no_flash 
00:10:39.257 - Info: Welcome to Tegra Flash
00:10:39.257 - Info: version 1.0.0
00:10:39.257 - Info: Type ? or help for help and q or quit to exit
00:10:39.257 - Info: Use ! to execute system commands
00:10:39.257 - Info:  
00:10:39.257 - Info: 
00:10:39.257 - Info:  Entering RCM boot
00:10:39.257 - Info: 
00:10:39.257 - Info: [   0.0385 ] mb1_t234_prod_aligned_sigheader.bin.encrypt filename is from --mb1_bin
00:10:39.257 - Info: [   0.0385 ] psc_bl1_t234_prod_aligned_sigheader.bin.encrypt filename is from --psc_bl1_bin
00:10:39.257 - Info: [   0.0385 ] rcm boot with presigned binaries
00:10:39.257 - Info: [   0.0390 ] Generating blob for T23x
00:10:39.257 - Info: [   0.0405 ] tegrahost_v2 --chip 0x23 0 --generateblob blob.xml blob.bin
00:10:39.257 - Info: [   0.0408 ] The number of images in blob is 19
00:10:39.257 - Info: [   0.0414 ] blobsize is 83554811
00:10:39.307 - Info: [   0.0415 ] Added binary blob_uefi_jetson_with_dtb_sigheader.bin.encrypt of size 3489856
00:10:39.311 - Info: [   0.0913 ] Added binary blob_pscfw_t234_prod_sigheader.bin.encrypt of size 310768
00:10:39.311 - Info: [   0.0952 ] Added binary blob_mce_flash_o10_cr_prod_sigheader.bin.encrypt of size 187120
00:10:39.312 - Info: [   0.0957 ] Added binary blob_tsec_t234_sigheader.bin.encrypt of size 192512
00:10:39.312 - Info: [   0.0961 ] Added binary blob_applet_t234_sigheader.bin.encrypt of size 279808
00:10:39.312 - Info: [   0.0966 ] Not supported type: mb2_applet
00:10:39.313 - Info: [   0.0968 ] Added binary blob_mb2_t234_with_mb2_cold_boot_bct_MB2_sigheader.bin.encrypt of size 440880
00:10:39.316 - Info: [   0.0973 ] Added binary blob_xusb_t234_prod_sigheader.bin.encrypt of size 164864
00:10:39.318 - Info: [   0.0977 ] Added binary blob_nvpva_020_sigheader.fw.encrypt of size 2164640
00:10:39.326 - Info: [   0.1021 ] Added binary blob_display-t234-dce_sigheader.bin.encrypt of size 12079296
00:10:39.330 - Info: [   0.1103 ] Added binary blob_nvdec_t234_prod_sigheader.fw.encrypt of size 294912
00:10:39.333 - Info: [   0.1145 ] Added binary blob_bpmp_t234-TE950M-A1_prod_sigheader.bin.encrypt of size 1027072
00:10:39.333 - Info: [   0.1170 ] Added binary blob_tegra234-bpmp-3767-0003-3509-a02_with_odm_sigheader.dtb.encrypt of size 294528
00:10:39.333 - Info: [   0.1176 ] Added binary blob_camera-rtcpu-t234-rce_sigheader.img.encrypt of size 458096
00:10:39.334 - Info: [   0.1179 ] Added binary blob_adsp-fw_sigheader.bin.encrypt of size 124832
00:10:39.334 - Info: [   0.1183 ] Added binary blob_spe_t234_sigheader.bin.encrypt of size 270336
00:10:39.336 - Info: [   0.1188 ] Added binary blob_tos-optee_t234_sigheader.img.encrypt of size 1932448
00:10:39.337 - Info: [   0.1201 ] Added binary blob_eks_t234_sigheader.img.encrypt of size 9232
00:10:39.390 - Info: [   0.1216 ] Added binary blob_boot.img of size 59582464
00:10:39.411 - Info: [   0.1745 ] Added binary blob_tegra234-p3768-0000+p3767-0003-nv.dtb of size 250043
00:10:39.565 - Info: [   0.3210 ] All RCM required files are saved in rcmboot_blob folder
00:10:39.586 - Info: rcmboot_blob generated.
00:10:39.586 - Info: 
00:10:39.586 - Info: *** no-flash flag enabled. Exiting now... *** 
00:10:39.586 - Info: 
00:10:39.586 - Info: User can run above saved command in factory environment without 
00:10:39.586 - Info: providing pkc and sbk keys to flash a device
00:10:39.586 - Info: 
00:10:39.586 - Info: Example:
00:10:39.586 - Info: 
00:10:39.586 - Info:     $ cd bootloader 
00:10:39.586 - Info:     $ sudo bash ./flashcmd.txt
00:10:39.586 - Info: 
00:10:39.587 - Info: Save initrd flashing command parameters to /home/chuy/nvidia/nvidia_sdk/JetPack_6.2.2_Linux_JETSON_ORIN_NANO_TARGETS/Linux_for_Tegra/tools/kernel_flash/initrdflashparam.txt
00:10:39.590 - Info: /tmp/tmp.6G8nxnQxkK /home/chuy/nvidia/nvidia_sdk/JetPack_6.2.2_Linux_JETSON_ORIN_NANO_TARGETS/Linux_for_Tegra
00:10:39.674 - Info: writing boot image config in bootimg.cfg
00:10:39.674 - Info: extracting kernel in zImage
00:10:39.674 - Info: extracting ramdisk in initrd.img
00:10:39.676 - Info: /tmp/tmp.6G8nxnQxkK/initrd /tmp/tmp.6G8nxnQxkK /home/chuy/nvidia/nvidia_sdk/JetPack_6.2.2_Linux_JETSON_ORIN_NANO_TARGETS/Linux_for_Tegra
00:10:40.169 - Info: 95490 blocks
00:11:00.689 - Info: 173237 blocks
00:11:00.799 - Info: /tmp/tmp.6G8nxnQxkK /home/chuy/nvidia/nvidia_sdk/JetPack_6.2.2_Linux_JETSON_ORIN_NANO_TARGETS/Linux_for_Tegra
00:11:01.901 - Info: flashimg0=boot0.img
00:11:01.901 - Info: /home/chuy/nvidia/nvidia_sdk/JetPack_6.2.2_Linux_JETSON_ORIN_NANO_TARGETS/Linux_for_Tegra
00:11:01.902 - Info: Success
00:11:01.902 - Info: Cleaning up...
00:11:01.963 - Info: Finish generating flash package.
00:11:02.016 - Info: # Entry added by NVIDIA initrd flash tool
00:11:02.030 - Info: /home/chuy/nvidia/nvidia_sdk/JetPack_6.2.2_Linux_JETSON_ORIN_NANO_TARGETS/Linux_for_Tegra/tools/kernel_flash/tmp 127.0.0.1(rw,nohide,insecure,no_subtree_check,async,no_root_squash)
00:11:02.035 - Info: rpcbind: another rpcbind is already running. Aborting
00:11:02.309 - Info: Export list for localhost:
00:11:02.309 - Info: /home/chuy/nvidia/nvidia_sdk/JetPack_6.2.2_Linux_JETSON_ORIN_NANO_TARGETS/Linux_for_Tegra/tools/kernel_flash/tmp 127.0.0.1
00:11:02.338 - Info: /home/chuy/nvidia/nvidia_sdk/JetPack_6.2.2_Linux_JETSON_ORIN_NANO_TARGETS/Linux_for_Tegra/tools/kernel_flash/l4t_initrd_flash_internal.sh --network usb0 --usb-instance 1-1 --device-instance 0 --flash-only --external-device nvme0n1p1 -c "tools/kernel_flash/flash_l4t_t234_nvme.xml" --network usb0 jetson-orin-nano-devkit internal
00:11:02.359 - Info: **********************************************
00:11:02.359 - Info: *                                            *
00:11:02.359 - Info: *  Step 1: Build the flashing environment    *
00:11:02.359 - Info: *                                            *
00:11:02.359 - Info: **********************************************
00:11:02.362 - Info: Create flash environment 0
00:11:02.366 - Info: /home/chuy/nvidia/nvidia_sdk/JetPack_6.2.2_Linux_JETSON_ORIN_NANO_TARGETS/Linux_for_Tegra/bootloader /home/chuy/nvidia/nvidia_sdk/JetPack_6.2.2_Linux_JETSON_ORIN_NANO_TARGETS/Linux_for_Tegra
00:11:02.651 - Info: /home/chuy/nvidia/nvidia_sdk/JetPack_6.2.2_Linux_JETSON_ORIN_NANO_TARGETS/Linux_for_Tegra
00:11:02.651 - Info: Finish creating flash environment 0.
00:11:02.652 - Info: ****************************************************
00:11:02.652 - Info: *                                                  *
00:11:02.652 - Info: *  Step 2: Boot the device with flash initrd image *
00:11:02.652 - Info: *                                                  *
00:11:02.652 - Info: ****************************************************
00:11:02.653 - Info: /home/chuy/nvidia/nvidia_sdk/JetPack_6.2.2_Linux_JETSON_ORIN_NANO_TARGETS/Linux_for_Tegra/temp_initrdflash/bootloader0 /home/chuy/nvidia/nvidia_sdk/JetPack_6.2.2_Linux_JETSON_ORIN_NANO_TARGETS/Linux_for_Tegra
00:11:02.661 - Info: ./tegraflash.py --bl uefi_jetson_with_dtb_sigheader.bin.encrypt --bct br_bct_BR.bct --securedev  --bldtb tegra234-p3768-0000+p3767-0003-nv.dtb --applet rcm_2_encrypt.rcm --applet_softfuse rcm_1_encrypt.rcm --instance 1-1 --cmd "rcmboot"  --cfg secureflash.xml --chip 0x23 --mb1_bct mb1_bct_MB1_sigheader.bct.encrypt --mem_bct mem_rcm_sigheader.bct.encrypt --mb1_cold_boot_bct mb1_cold_boot_bct_MB1_sigheader.bct.encrypt --mb1_bin mb1_t234_prod_aligned_sigheader.bin.encrypt --psc_bl1_bin psc_bl1_t234_prod_aligned_sigheader.bin.encrypt --mem_bct_cold_boot mem_coldboot_sigheader.bct.encrypt  --bins "psc_fw pscfw_t234_prod_sigheader.bin.encrypt; mts_mce mce_flash_o10_cr_prod_sigheader.bin.encrypt; tsec_fw tsec_t234_sigheader.bin.encrypt; mb2_applet applet_t234_sigheader.bin.encrypt; mb2_bootloader mb2_t234_with_mb2_cold_boot_bct_MB2_sigheader.bin.encrypt; xusb_fw xusb_t234_prod_sigheader.bin.encrypt; pva_fw nvpva_020_sigheader.fw.encrypt; dce_fw display-t234-dce_sigheader.bin.encrypt; nvdec nvdec_t234_prod_sigheader.fw.encrypt; bpmp_fw bpmp_t234-TE950M-A1_prod_sigheader.bin.encrypt; bpmp_fw_dtb tegra234-bpmp-3767-0003-3509-a02_with_odm_sigheader.dtb.encrypt; rce_fw camera-rtcpu-t234-rce_sigheader.img.encrypt; ape_fw adsp-fw_sigheader.bin.encrypt; spe_fw spe_t234_sigheader.bin.encrypt; tos tos-optee_t234_sigheader.img.encrypt; eks eks_t234_sigheader.img.encrypt; kernel boot0.img; kernel_dtb tegra234-p3768-0000+p3767-0003-nv.dtb"    --bct_backup 
00:11:02.917 - Info: Welcome to Tegra Flash
00:11:02.917 - Info: version 1.0.0
00:11:02.917 - Info: Type ? or help for help and q or quit to exit
00:11:02.917 - Info: Use ! to execute system commands
00:11:02.917 - Info:  
00:11:02.917 - Info: 
00:11:02.917 - Info:  Entering RCM boot
00:11:02.917 - Info: 
00:11:02.917 - Info: [   0.0582 ] mb1_t234_prod_aligned_sigheader.bin.encrypt filename is from --mb1_bin
00:11:02.917 - Info: [   0.0582 ] psc_bl1_t234_prod_aligned_sigheader.bin.encrypt filename is from --psc_bl1_bin
00:11:02.917 - Info: [   0.0582 ] rcm boot with presigned binaries
00:11:02.917 - Info: [   0.0587 ] tegrarcm_v2 --instance 1-1 --new_session --chip 0x23 0 --uid --download bct_br br_bct_BR.bct --download mb1 mb1_t234_prod_aligned_sigheader.bin.encrypt --download psc_bl1 psc_bl1_t234_prod_aligned_sigheader.bin.encrypt --download bct_mb1 mb1_bct_MB1_sigheader.bct.encrypt
00:11:02.917 - Info: [   0.0590 ] BR_CID: 0x80012344705E01E35000000009FD8180
00:11:02.929 - Info: [   0.0724 ] Sending bct_br
00:11:02.930 - Info: [   0.0847 ] Sending mb1
00:11:02.940 - Info: [   0.0854 ] Sending psc_bl1
00:11:02.945 - Info: [   0.0956 ] Sending bct_mb1
00:11:02.949 - Info: [   0.1021 ] Generating blob for T23x
00:11:02.949 - Info: [   0.1041 ] tegrahost_v2 --chip 0x23 0 --generateblob blob.xml blob.bin
00:11:02.949 - Info: [   0.1044 ] The number of images in blob is 19
00:11:02.949 - Info: [   0.1049 ] blobsize is 104485371
00:11:03.015 - Info: [   0.1050 ] Added binary blob_uefi_jetson_with_dtb_sigheader.bin.encrypt of size 3489856
00:11:03.016 - Info: [   0.1707 ] Added binary blob_pscfw_t234_prod_sigheader.bin.encrypt of size 310768
00:11:03.018 - Info: [   0.1722 ] Added binary blob_mce_flash_o10_cr_prod_sigheader.bin.encrypt of size 187120
00:11:03.018 - Info: [   0.1726 ] Added binary blob_tsec_t234_sigheader.bin.encrypt of size 192512
00:11:03.018 - Info: [   0.1730 ] Added binary blob_applet_t234_sigheader.bin.encrypt of size 279808
00:11:03.018 - Info: [   0.1733 ] Not supported type: mb2_applet
00:11:03.018 - Info: [   0.1735 ] Added binary blob_mb2_t234_with_mb2_cold_boot_bct_MB2_sigheader.bin.encrypt of size 440880
00:11:03.020 - Info: [   0.1740 ] Added binary blob_xusb_t234_prod_sigheader.bin.encrypt of size 164864
00:11:03.020 - Info: [   0.1753 ] Added binary blob_nvpva_020_sigheader.fw.encrypt of size 2164640
00:11:03.034 - Info: [   0.1757 ] Added binary blob_display-t234-dce_sigheader.bin.encrypt of size 12079296
00:11:03.037 - Info: [   0.1901 ] Added binary blob_nvdec_t234_prod_sigheader.fw.encrypt of size 294912
00:11:03.040 - Info: [   0.1928 ] Added binary blob_bpmp_t234-TE950M-A1_prod_sigheader.bin.encrypt of size 1027072
00:11:03.040 - Info: [   0.1938 ] Added binary blob_tegra234-bpmp-3767-0003-3509-a02_with_odm_sigheader.dtb.encrypt of size 294528
00:11:03.040 - Info: [   0.1944 ] Added binary blob_camera-rtcpu-t234-rce_sigheader.img.encrypt of size 458096
00:11:03.040 - Info: [   0.1948 ] Added binary blob_adsp-fw_sigheader.bin.encrypt of size 124832
00:11:03.040 - Info: [   0.1952 ] Added binary blob_spe_t234_sigheader.bin.encrypt of size 270336
00:11:03.046 - Info: [   0.1955 ] Added binary blob_tos-optee_t234_sigheader.img.encrypt of size 1932448
00:11:03.046 - Info: [   0.2007 ] Added binary blob_eks_t234_sigheader.img.encrypt of size 9232
00:11:03.122 - Info: [   0.2012 ] Added binary blob_boot0.img of size 80513024
00:11:03.152 - Info: [   0.2773 ] Added binary blob_tegra234-p3768-0000+p3767-0003-nv.dtb of size 250043
00:11:03.243 - Info: [   0.3886 ] tegrarcm_v2 --instance 1-1 --chip 0x23 0 --pollbl --download bct_mem mem_rcm_sigheader.bct.encrypt --download blob blob.bin
00:11:03.244 - Info: [   0.3889 ] BL: version 1.4.0.7-t234-54845784-56c609fa last_boot_error: 0
00:11:03.253 - Info: [   0.3991 ] Sending bct_mem
00:11:03.392 - Info: [   0.4091 ] Sending blob
00:11:13.448 - Info: [   0.5479 ] ERROR: might be timeout in USB write.
00:11:13.480 - Info: Error: Return value 3
00:11:13.480 - Info: Command tegrarcm_v2 --instance 1-1 --chip 0x23 0 --pollbl --download bct_mem mem_rcm_sigheader.bct.encrypt --download blob blob.bin
00:11:13.498 - Info: Cleaning up...
00:11:13.590 - Error: [exec_command]: /bin/bash -c /home/chuy/.nvsdkm/replays/scripts/JetPack_6.2.2_Linux/NV_L4T_JETSON_LINUX_FLASH_COMP.sh; [error]: rpcbind: another rpcbind is already running. Aborting
00:11:13.590 - Info: [ Component Install Finished with Error ]00:11:13.592 - Info: [host] [ 15.96 GB used. Disk Avail on Partition /dev/sda3: 19.78 GB ]00:11:13.592 - Info: [ NV_L4T_JETSON_LINUX_FLASH_COMP Install took 8m13s ]