{
    "marker_id": 10,
    "R_offset": [
        [
            0.43901174006106386,
            -0.8832997833283328,
            -0.16446940402602758
        ],
        [
            -0.8873073485186415,
            -0.45500596064254045,
            0.07520136331594496
        ],
        [
            -0.1412599070981382,
            0.11292062943447848,
            -0.9835113472119913
        ]
    ]
}