{
    "11": {
        "translation": [
            0.0,
            0.0,
            0.0
        ],
        "rotation": [
            [
                0.9998476951563913,
                -0.006254383109560493,
                -0.01629322504512165
            ],
            [
                0.01745240643728351,
                0.35831336837079053,
                0.9334382376763478
            ],
            [
                0.0,
                -0.9335804264972017,
                0.3583679495453004
            ]
        ]
    },
    "12": {
        "translation": [
            0.0,
            0.0,
            0.0
        ],
        "rotation": [
            [
                0.5704343246184223,
                -0.8213310721494866,
                0.0044666787324887935
            ],
            [
                -0.059955063458311975,
                -0.03621525958063515,
                0.9975439064718991
            ],
            [
                -0.8191520442889917,
                -0.5693010845723746,
                -0.06990138369076632
            ]
        ]
    },
    "13": {
        "translation": [
            0.0,
            0.0,
            0.0
        ],
        "rotation": [
            [
                1.0,
                -0.0,
                0.0
            ],
            [
                0.0,
                0.13917310096006547,
                0.9902680687415704
            ],
            [
                -0.0,
                -0.9902680687415704,
                0.13917310096006547
            ]
        ]
    },
    "14": {
        "translation": [
            0.0,
            0.0,
            0.0
        ],
        "rotation": [
            [
                1.0,
                -0.0,
                0.0
            ],
            [
                0.0,
                0.2249510543438651,
                0.9743700647852351
            ],
            [
                -0.0,
                -0.9743700647852351,
                0.2249510543438651
            ]
        ]
    },
    "15": {
        "translation": [
            0.0,
            0.0,
            0.0
        ],
        "rotation": [
            [
                1.0,
                -0.0,
                0.0
            ],
            [
                0.0,
                0.19080899537654483,
                0.981627183447664
            ],
            [
                -0.0,
                -0.981627183447664,
                0.19080899537654483
            ]
        ]
    },
    "16": {
        "translation": [
            0.0,
            0.0,
            0.0
        ],
        "rotation": [
            [
                1.0,
                -0.0,
                0.0
            ],
            [
                0.0,
                -0.45399049973954675,
                0.8910065241883679
            ],
            [
                -0.0,
                -0.8910065241883679,
                -0.45399049973954675
            ]
        ]
    },
    "17": {
        "translation": [
            0.0,
            0.0,
            0.0
        ],
        "rotation": [
            [
                1.0,
                -0.0,
                0.0
            ],
            [
                0.0,
                -0.5591929034707466,
                0.8290375725550417
            ],
            [
                -0.0,
                -0.8290375725550417,
                -0.5591929034707466
            ]
        ]
    },
    "18": {
        "translation": [
            0.0,
            0.0,
            0.0
        ],
        "rotation": [
            [
                1.0,
                -0.0,
                0.0
            ],
            [
                0.0,
                0.5000000000000002,
                0.8660254037844386
            ],
            [
                -0.0,
                -0.8660254037844386,
                0.5000000000000002
            ]
        ]
    },
    "19": {
        "translation": [
            0.0,
            0.0,
            0.0
        ],
        "rotation": [
            [
                1.0,
                -0.0,
                0.0
            ],
            [
                0.0,
                -0.4999999999999998,
                0.8660254037844388
            ],
            [
                -0.0,
                -0.8660254037844388,
                -0.4999999999999998
            ]
        ]
    },
    "20": {
        "translation": [
            0.0,
            0.0,
            0.0
        ],
        "rotation": [
            [
                1.0,
                -0.0,
                0.0
            ],
            [
                0.0,
                -0.1564344650402309,
                0.9876883405951378
            ],
            [
                -0.0,
                -0.9876883405951378,
                -0.1564344650402309
            ]
        ]
    }
}