solid OpenSCAD_Model
  facet normal 0 -0.5 0.866025
    outer loop
      vertex 3.85 13.625 4.31977
      vertex 8.15 7.875 1
      vertex 8.15 13.625 4.31977
    endloop
  endfacet
  facet normal 0 -0.5 0.866025
    outer loop
      vertex 8.15 7.875 1
      vertex 3.85 13.625 4.31977
      vertex 3.85 7.875 1
    endloop
  endfacet
  facet normal 0 -1 0
    outer loop
      vertex 3.85 13.625 4.31977
      vertex 8.15 13.625 16
      vertex 3.85 13.625 16
    endloop
  endfacet
  facet normal 0 -1 -0
    outer loop
      vertex 8.15 13.625 16
      vertex 3.85 13.625 4.31977
      vertex 8.15 13.625 4.31977
    endloop
  endfacet
  facet normal -0 0.5 0.866025
    outer loop
      vertex 3.85 7.875 1
      vertex 8.15 2.125 4.31977
      vertex 8.15 7.875 1
    endloop
  endfacet
  facet normal 0 0.5 0.866025
    outer loop
      vertex 8.15 2.125 4.31977
      vertex 3.85 7.875 1
      vertex 3.85 2.125 4.31977
    endloop
  endfacet
  facet normal 0 1 -0
    outer loop
      vertex 8.15 2.125 4.31977
      vertex 3.85 2.125 14.3198
      vertex 8.15 2.125 14.3198
    endloop
  endfacet
  facet normal 0 1 0
    outer loop
      vertex 3.85 2.125 14.3198
      vertex 8.15 2.125 4.31977
      vertex 3.85 2.125 4.31977
    endloop
  endfacet
  facet normal 0 1 -1.41896e-07
    outer loop
      vertex 8.15 2.125 14.3198
      vertex 3.85 2.125 16
      vertex 8.15 2.125 16
    endloop
  endfacet
  facet normal 0 1 -1.41896e-07
    outer loop
      vertex 3.85 2.125 16
      vertex 8.15 2.125 14.3198
      vertex 3.85 2.125 14.3198
    endloop
  endfacet
  facet normal 1 0 0
    outer loop
      vertex 3.85 2.125 14.3198
      vertex 3.85 4.725 16
      vertex 3.85 2.125 16
    endloop
  endfacet
  facet normal 1 0 0
    outer loop
      vertex 3.85 11.025 7.63953
      vertex 3.85 13.625 16
      vertex 3.85 11.025 16
    endloop
  endfacet
  facet normal 1 0 0
    outer loop
      vertex 3.85 13.625 16
      vertex 3.85 11.025 7.63953
      vertex 3.85 13.625 4.31977
    endloop
  endfacet
  facet normal 1 -0 0
    outer loop
      vertex 3.85 11.0098 7.33077
      vertex 3.85 13.625 4.31977
      vertex 3.85 11.025 7.63953
    endloop
  endfacet
  facet normal 1 -0 0
    outer loop
      vertex 3.85 10.9645 7.02499
      vertex 3.85 13.625 4.31977
      vertex 3.85 11.0098 7.33077
    endloop
  endfacet
  facet normal 1 -0 0
    outer loop
      vertex 3.85 10.8894 6.72513
      vertex 3.85 13.625 4.31977
      vertex 3.85 10.9645 7.02499
    endloop
  endfacet
  facet normal 1 -0 0
    outer loop
      vertex 3.85 10.7852 6.43408
      vertex 3.85 13.625 4.31977
      vertex 3.85 10.8894 6.72513
    endloop
  endfacet
  facet normal 1 -0 0
    outer loop
      vertex 3.85 10.6531 6.15463
      vertex 3.85 13.625 4.31977
      vertex 3.85 10.7852 6.43408
    endloop
  endfacet
  facet normal 1 -0 0
    outer loop
      vertex 3.85 10.4941 5.88948
      vertex 3.85 13.625 4.31977
      vertex 3.85 10.6531 6.15463
    endloop
  endfacet
  facet normal 1 -0 0
    outer loop
      vertex 3.85 10.31 5.64119
      vertex 3.85 13.625 4.31977
      vertex 3.85 10.4941 5.88948
    endloop
  endfacet
  facet normal 1 -0 0
    outer loop
      vertex 3.85 10.1024 5.41214
      vertex 3.85 13.625 4.31977
      vertex 3.85 10.31 5.64119
    endloop
  endfacet
  facet normal 1 -0 0
    outer loop
      vertex 3.85 9.87334 5.20455
      vertex 3.85 13.625 4.31977
      vertex 3.85 10.1024 5.41214
    endloop
  endfacet
  facet normal 1 -0 0
    outer loop
      vertex 3.85 9.62505 5.0204
      vertex 3.85 13.625 4.31977
      vertex 3.85 9.87334 5.20455
    endloop
  endfacet
  facet normal 1 -0 0
    outer loop
      vertex 3.85 9.3599 4.86148
      vertex 3.85 13.625 4.31977
      vertex 3.85 9.62505 5.0204
    endloop
  endfacet
  facet normal 1 0 0
    outer loop
      vertex 3.85 7.875 1
      vertex 3.85 9.3599 4.86148
      vertex 3.85 9.08045 4.72931
    endloop
  endfacet
  facet normal 1 0 0
    outer loop
      vertex 3.85 7.875 1
      vertex 3.85 9.08045 4.72931
      vertex 3.85 8.7894 4.62517
    endloop
  endfacet
  facet normal 1 0 0
    outer loop
      vertex 3.85 7.875 1
      vertex 3.85 8.7894 4.62517
      vertex 3.85 8.48953 4.55006
    endloop
  endfacet
  facet normal 1 0 0
    outer loop
      vertex 3.85 7.875 1
      vertex 3.85 8.48953 4.55006
      vertex 3.85 8.18375 4.5047
    endloop
  endfacet
  facet normal 1 0 0
    outer loop
      vertex 3.85 7.875 1
      vertex 3.85 8.18375 4.5047
      vertex 3.85 7.875 4.48953
    endloop
  endfacet
  facet normal 1 0 0
    outer loop
      vertex 3.85 9.3599 4.86148
      vertex 3.85 7.875 1
      vertex 3.85 13.625 4.31977
    endloop
  endfacet
  facet normal 1 0 0
    outer loop
      vertex 3.85 7.56625 4.5047
      vertex 3.85 7.875 1
      vertex 3.85 7.875 4.48953
    endloop
  endfacet
  facet normal 1 0 0
    outer loop
      vertex 3.85 7.26047 4.55006
      vertex 3.85 7.875 1
      vertex 3.85 7.56625 4.5047
    endloop
  endfacet
  facet normal 1 0 0
    outer loop
      vertex 3.85 6.9606 4.62517
      vertex 3.85 7.875 1
      vertex 3.85 7.26047 4.55006
    endloop
  endfacet
  facet normal 1 0 0
    outer loop
      vertex 3.85 6.66955 4.72931
      vertex 3.85 7.875 1
      vertex 3.85 6.9606 4.62517
    endloop
  endfacet
  facet normal 1 0 0
    outer loop
      vertex 3.85 6.3901 4.86148
      vertex 3.85 7.875 1
      vertex 3.85 6.66955 4.72931
    endloop
  endfacet
  facet normal 1 0 0
    outer loop
      vertex 3.85 2.125 4.31977
      vertex 3.85 6.3901 4.86148
      vertex 3.85 6.12495 5.0204
    endloop
  endfacet
  facet normal 1 0 0
    outer loop
      vertex 3.85 2.125 4.31977
      vertex 3.85 6.12495 5.0204
      vertex 3.85 5.87666 5.20455
    endloop
  endfacet
  facet normal 1 0 0
    outer loop
      vertex 3.85 2.125 4.31977
      vertex 3.85 5.87666 5.20455
      vertex 3.85 5.64761 5.41214
    endloop
  endfacet
  facet normal 1 0 0
    outer loop
      vertex 3.85 2.125 4.31977
      vertex 3.85 5.64761 5.41214
      vertex 3.85 5.44002 5.64119
    endloop
  endfacet
  facet normal 1 0 0
    outer loop
      vertex 3.85 2.125 4.31977
      vertex 3.85 5.44002 5.64119
      vertex 3.85 5.25587 5.88948
    endloop
  endfacet
  facet normal 1 0 0
    outer loop
      vertex 3.85 2.125 4.31977
      vertex 3.85 5.25587 5.88948
      vertex 3.85 5.09695 6.15463
    endloop
  endfacet
  facet normal 1 0 0
    outer loop
      vertex 3.85 4.725 16
      vertex 3.85 2.125 14.3198
      vertex 3.85 4.725 7.63953
    endloop
  endfacet
  facet normal 1 0 0
    outer loop
      vertex 3.85 2.125 4.31977
      vertex 3.85 4.725 7.63953
      vertex 3.85 2.125 14.3198
    endloop
  endfacet
  facet normal 1 0 0
    outer loop
      vertex 3.85 4.725 7.63953
      vertex 3.85 2.125 4.31977
      vertex 3.85 4.74017 7.33077
    endloop
  endfacet
  facet normal 1 0 0
    outer loop
      vertex 3.85 4.74017 7.33077
      vertex 3.85 2.125 4.31977
      vertex 3.85 4.78553 7.02499
    endloop
  endfacet
  facet normal 1 0 0
    outer loop
      vertex 3.85 4.78553 7.02499
      vertex 3.85 2.125 4.31977
      vertex 3.85 4.86064 6.72513
    endloop
  endfacet
  facet normal 1 0 0
    outer loop
      vertex 3.85 6.3901 4.86148
      vertex 3.85 2.125 4.31977
      vertex 3.85 7.875 1
    endloop
  endfacet
  facet normal 1 0 0
    outer loop
      vertex 3.85 4.96478 6.43408
      vertex 3.85 2.125 4.31977
      vertex 3.85 5.09695 6.15463
    endloop
  endfacet
  facet normal 1 0 0
    outer loop
      vertex 3.85 4.86064 6.72513
      vertex 3.85 2.125 4.31977
      vertex 3.85 4.96478 6.43408
    endloop
  endfacet
  facet normal -1 0 0
    outer loop
      vertex 8.15 2.125 4.31977
      vertex 8.15 13.625 4.31977
      vertex 8.15 7.875 1
    endloop
  endfacet
  facet normal -1 0 0
    outer loop
      vertex 8.15 2.125 14.3198
      vertex 8.15 13.625 4.31977
      vertex 8.15 2.125 4.31977
    endloop
  endfacet
  facet normal -1 0 0
    outer loop
      vertex 8.15 13.625 4.31977
      vertex 8.15 2.125 14.3198
      vertex 8.15 13.625 16
    endloop
  endfacet
  facet normal -1 -0 0
    outer loop
      vertex 8.15 13.625 16
      vertex 8.15 2.125 14.3198
      vertex 8.15 2.125 16
    endloop
  endfacet
  facet normal -0 0.0490679 0.998795
    outer loop
      vertex 0 7.875 4.48953
      vertex 3.85 7.56625 4.5047
      vertex 3.85 7.875 4.48953
    endloop
  endfacet
  facet normal 0 0.0490679 0.998795
    outer loop
      vertex 3.85 7.56625 4.5047
      vertex 0 7.875 4.48953
      vertex 0 7.56625 4.5047
    endloop
  endfacet
  facet normal 0 -0.0490679 0.998795
    outer loop
      vertex 0 8.18375 4.5047
      vertex 3.85 7.875 4.48953
      vertex 3.85 8.18375 4.5047
    endloop
  endfacet
  facet normal 0 -0.0490679 0.998795
    outer loop
      vertex 3.85 7.875 4.48953
      vertex 0 8.18375 4.5047
      vertex 0 7.875 4.48953
    endloop
  endfacet
  facet normal 0 1 -0
    outer loop
      vertex 3.85 4.725 7.63953
      vertex 0 4.725 16
      vertex 3.85 4.725 16
    endloop
  endfacet
  facet normal 0 1 0
    outer loop
      vertex 0 4.725 16
      vertex 3.85 4.725 7.63953
      vertex 0 4.725 7.63953
    endloop
  endfacet
  facet normal 0 -0.24298 0.970031
    outer loop
      vertex 0 8.7894 4.62517
      vertex 3.85 8.48953 4.55006
      vertex 3.85 8.7894 4.62517
    endloop
  endfacet
  facet normal 0 -0.24298 0.970031
    outer loop
      vertex 3.85 8.48953 4.55006
      vertex 0 8.7894 4.62517
      vertex 0 8.48953 4.55006
    endloop
  endfacet
  facet normal 0 -1 0
    outer loop
      vertex 0 11.025 7.63953
      vertex 3.85 11.025 16
      vertex 0 11.025 16
    endloop
  endfacet
  facet normal 0 -1 -0
    outer loop
      vertex 3.85 11.025 16
      vertex 0 11.025 7.63953
      vertex 3.85 11.025 7.63953
    endloop
  endfacet
  facet normal 0 -0.336889 0.941544
    outer loop
      vertex 0 9.08045 4.72931
      vertex 3.85 8.7894 4.62517
      vertex 3.85 9.08045 4.72931
    endloop
  endfacet
  facet normal 0 -0.336889 0.941544
    outer loop
      vertex 3.85 8.7894 4.62517
      vertex 0 9.08045 4.72931
      vertex 0 8.7894 4.62517
    endloop
  endfacet
  facet normal 0 0.970031 0.24298
    outer loop
      vertex 3.85 4.86064 6.72513
      vertex 0 4.78553 7.02499
      vertex 3.85 4.78553 7.02499
    endloop
  endfacet
  facet normal 0 0.970031 0.24298
    outer loop
      vertex 0 4.78553 7.02499
      vertex 3.85 4.86064 6.72513
      vertex 0 4.86064 6.72513
    endloop
  endfacet
  facet normal 0 0.998795 0.0490679
    outer loop
      vertex 3.85 4.74017 7.33077
      vertex 0 4.725 7.63953
      vertex 3.85 4.725 7.63953
    endloop
  endfacet
  facet normal 0 0.998795 0.0490679
    outer loop
      vertex 0 4.725 7.63953
      vertex 3.85 4.74017 7.33077
      vertex 0 4.74017 7.33077
    endloop
  endfacet
  facet normal 0 -0.998795 0.0490679
    outer loop
      vertex 0 11.0098 7.33077
      vertex 3.85 11.025 7.63953
      vertex 0 11.025 7.63953
    endloop
  endfacet
  facet normal 0 -0.998795 0.0490679
    outer loop
      vertex 3.85 11.025 7.63953
      vertex 0 11.0098 7.33077
      vertex 3.85 11.0098 7.33077
    endloop
  endfacet
  facet normal 0 -0.803207 0.5957
    outer loop
      vertex 0 10.31 5.64119
      vertex 3.85 10.4941 5.88948
      vertex 0 10.4941 5.88948
    endloop
  endfacet
  facet normal 0 -0.803207 0.5957
    outer loop
      vertex 3.85 10.4941 5.88948
      vertex 0 10.31 5.64119
      vertex 3.85 10.31 5.64119
    endloop
  endfacet
  facet normal 0 -0.146732 0.989176
    outer loop
      vertex 0 8.48953 4.55006
      vertex 3.85 8.18375 4.5047
      vertex 3.85 8.48953 4.55006
    endloop
  endfacet
  facet normal 0 -0.146732 0.989176
    outer loop
      vertex 3.85 8.18375 4.5047
      vertex 0 8.48953 4.55006
      vertex 0 8.18375 4.5047
    endloop
  endfacet
  facet normal 0 -0.514102 0.857729
    outer loop
      vertex 0 9.62505 5.0204
      vertex 3.85 9.3599 4.86148
      vertex 3.85 9.62505 5.0204
    endloop
  endfacet
  facet normal 0 -0.514102 0.857729
    outer loop
      vertex 3.85 9.3599 4.86148
      vertex 0 9.62505 5.0204
      vertex 0 9.3599 4.86148
    endloop
  endfacet
  facet normal 0 -0.427555 0.903989
    outer loop
      vertex 0 9.3599 4.86148
      vertex 3.85 9.08045 4.72931
      vertex 3.85 9.3599 4.86148
    endloop
  endfacet
  facet normal 0 -0.427555 0.903989
    outer loop
      vertex 3.85 9.08045 4.72931
      vertex 0 9.3599 4.86148
      vertex 0 9.08045 4.72931
    endloop
  endfacet
  facet normal 0 0.803207 0.5957
    outer loop
      vertex 3.85 5.44002 5.64119
      vertex 0 5.25587 5.88948
      vertex 3.85 5.25587 5.88948
    endloop
  endfacet
  facet normal 0 0.803207 0.5957
    outer loop
      vertex 0 5.25587 5.88948
      vertex 3.85 5.44002 5.64119
      vertex 0 5.44002 5.64119
    endloop
  endfacet
  facet normal 0 0.941544 0.336889
    outer loop
      vertex 3.85 4.96478 6.43408
      vertex 0 4.86064 6.72513
      vertex 3.85 4.86064 6.72513
    endloop
  endfacet
  facet normal 0 0.941544 0.336889
    outer loop
      vertex 0 4.86064 6.72513
      vertex 3.85 4.96478 6.43408
      vertex 0 4.96478 6.43408
    endloop
  endfacet
  facet normal 0 0.989176 0.146732
    outer loop
      vertex 3.85 4.78553 7.02499
      vertex 0 4.74017 7.33077
      vertex 3.85 4.74017 7.33077
    endloop
  endfacet
  facet normal 0 0.989176 0.146732
    outer loop
      vertex 0 4.74017 7.33077
      vertex 3.85 4.78553 7.02499
      vertex 0 4.78553 7.02499
    endloop
  endfacet
  facet normal 0 -0.67156 0.74095
    outer loop
      vertex 0 10.1024 5.41214
      vertex 3.85 9.87334 5.20455
      vertex 3.85 10.1024 5.41214
    endloop
  endfacet
  facet normal 0 -0.67156 0.74095
    outer loop
      vertex 3.85 9.87334 5.20455
      vertex 0 10.1024 5.41214
      vertex 0 9.87334 5.20455
    endloop
  endfacet
  facet normal -0 0.336889 0.941544
    outer loop
      vertex 0 6.9606 4.62517
      vertex 3.85 6.66955 4.72931
      vertex 3.85 6.9606 4.62517
    endloop
  endfacet
  facet normal 0 0.336889 0.941544
    outer loop
      vertex 3.85 6.66955 4.72931
      vertex 0 6.9606 4.62517
      vertex 0 6.66955 4.72931
    endloop
  endfacet
  facet normal 0 0.903989 0.427555
    outer loop
      vertex 3.85 5.09695 6.15463
      vertex 0 4.96478 6.43408
      vertex 3.85 4.96478 6.43408
    endloop
  endfacet
  facet normal 0 0.903989 0.427555
    outer loop
      vertex 0 4.96478 6.43408
      vertex 3.85 5.09695 6.15463
      vertex 0 5.09695 6.15463
    endloop
  endfacet
  facet normal 0 -0.857729 0.514102
    outer loop
      vertex 0 10.4941 5.88948
      vertex 3.85 10.6531 6.15463
      vertex 0 10.6531 6.15463
    endloop
  endfacet
  facet normal 0 -0.857729 0.514102
    outer loop
      vertex 3.85 10.6531 6.15463
      vertex 0 10.4941 5.88948
      vertex 3.85 10.4941 5.88948
    endloop
  endfacet
  facet normal 0 -0.74095 0.67156
    outer loop
      vertex 0 10.1024 5.41214
      vertex 3.85 10.31 5.64119
      vertex 0 10.31 5.64119
    endloop
  endfacet
  facet normal 0 -0.74095 0.67156
    outer loop
      vertex 3.85 10.31 5.64119
      vertex 0 10.1024 5.41214
      vertex 3.85 10.1024 5.41214
    endloop
  endfacet
  facet normal 0 -0.5957 0.803207
    outer loop
      vertex 0 9.87334 5.20455
      vertex 3.85 9.62505 5.0204
      vertex 3.85 9.87334 5.20455
    endloop
  endfacet
  facet normal 0 -0.5957 0.803207
    outer loop
      vertex 3.85 9.62505 5.0204
      vertex 0 9.87334 5.20455
      vertex 0 9.62505 5.0204
    endloop
  endfacet
  facet normal -0 0.67156 0.74095
    outer loop
      vertex 0 5.87666 5.20455
      vertex 3.85 5.64761 5.41214
      vertex 3.85 5.87666 5.20455
    endloop
  endfacet
  facet normal 0 0.67156 0.74095
    outer loop
      vertex 3.85 5.64761 5.41214
      vertex 0 5.87666 5.20455
      vertex 0 5.64761 5.41214
    endloop
  endfacet
  facet normal 0 0.74095 0.67156
    outer loop
      vertex 3.85 5.64761 5.41214
      vertex 0 5.44002 5.64119
      vertex 3.85 5.44002 5.64119
    endloop
  endfacet
  facet normal 0 0.74095 0.67156
    outer loop
      vertex 0 5.44002 5.64119
      vertex 3.85 5.64761 5.41214
      vertex 0 5.64761 5.41214
    endloop
  endfacet
  facet normal -0 0.5957 0.803207
    outer loop
      vertex 0 6.12495 5.0204
      vertex 3.85 5.87666 5.20455
      vertex 3.85 6.12495 5.0204
    endloop
  endfacet
  facet normal 0 0.5957 0.803207
    outer loop
      vertex 3.85 5.87666 5.20455
      vertex 0 6.12495 5.0204
      vertex 0 5.87666 5.20455
    endloop
  endfacet
  facet normal -0 0.427555 0.903989
    outer loop
      vertex 0 6.66955 4.72931
      vertex 3.85 6.3901 4.86148
      vertex 3.85 6.66955 4.72931
    endloop
  endfacet
  facet normal 0 0.427555 0.903989
    outer loop
      vertex 3.85 6.3901 4.86148
      vertex 0 6.66955 4.72931
      vertex 0 6.3901 4.86148
    endloop
  endfacet
  facet normal -0 0.514102 0.857729
    outer loop
      vertex 0 6.3901 4.86148
      vertex 3.85 6.12495 5.0204
      vertex 3.85 6.3901 4.86148
    endloop
  endfacet
  facet normal 0 0.514102 0.857729
    outer loop
      vertex 3.85 6.12495 5.0204
      vertex 0 6.3901 4.86148
      vertex 0 6.12495 5.0204
    endloop
  endfacet
  facet normal 0 0.857729 0.514102
    outer loop
      vertex 3.85 5.25587 5.88948
      vertex 0 5.09695 6.15463
      vertex 3.85 5.09695 6.15463
    endloop
  endfacet
  facet normal 0 0.857729 0.514102
    outer loop
      vertex 0 5.09695 6.15463
      vertex 3.85 5.25587 5.88948
      vertex 0 5.25587 5.88948
    endloop
  endfacet
  facet normal 0 -0.970031 0.24298
    outer loop
      vertex 0 10.8894 6.72513
      vertex 3.85 10.9645 7.02499
      vertex 0 10.9645 7.02499
    endloop
  endfacet
  facet normal 0 -0.970031 0.24298
    outer loop
      vertex 3.85 10.9645 7.02499
      vertex 0 10.8894 6.72513
      vertex 3.85 10.8894 6.72513
    endloop
  endfacet
  facet normal 0 -0.941544 0.336889
    outer loop
      vertex 0 10.7852 6.43408
      vertex 3.85 10.8894 6.72513
      vertex 0 10.8894 6.72513
    endloop
  endfacet
  facet normal 0 -0.941544 0.336889
    outer loop
      vertex 3.85 10.8894 6.72513
      vertex 0 10.7852 6.43408
      vertex 3.85 10.7852 6.43408
    endloop
  endfacet
  facet normal 0 -0.989176 0.146732
    outer loop
      vertex 0 10.9645 7.02499
      vertex 3.85 11.0098 7.33077
      vertex 0 11.0098 7.33077
    endloop
  endfacet
  facet normal 0 -0.989176 0.146732
    outer loop
      vertex 3.85 11.0098 7.33077
      vertex 0 10.9645 7.02499
      vertex 3.85 10.9645 7.02499
    endloop
  endfacet
  facet normal -0 0.146732 0.989176
    outer loop
      vertex 0 7.56625 4.5047
      vertex 3.85 7.26047 4.55006
      vertex 3.85 7.56625 4.5047
    endloop
  endfacet
  facet normal 0 0.146732 0.989176
    outer loop
      vertex 3.85 7.26047 4.55006
      vertex 0 7.56625 4.5047
      vertex 0 7.26047 4.55006
    endloop
  endfacet
  facet normal -0 0.24298 0.970031
    outer loop
      vertex 0 7.26047 4.55006
      vertex 3.85 6.9606 4.62517
      vertex 3.85 7.26047 4.55006
    endloop
  endfacet
  facet normal 0 0.24298 0.970031
    outer loop
      vertex 3.85 6.9606 4.62517
      vertex 0 7.26047 4.55006
      vertex 0 6.9606 4.62517
    endloop
  endfacet
  facet normal 0 -0.903989 0.427555
    outer loop
      vertex 0 10.6531 6.15463
      vertex 3.85 10.7852 6.43408
      vertex 0 10.7852 6.43408
    endloop
  endfacet
  facet normal 0 -0.903989 0.427555
    outer loop
      vertex 3.85 10.7852 6.43408
      vertex 0 10.6531 6.15463
      vertex 3.85 10.6531 6.15463
    endloop
  endfacet
  facet normal -2.22045e-16 0 -1
    outer loop
      vertex 12 2.95 1.77636e-15
      vertex 20 5.9 0
      vertex 20 2.95 0
    endloop
  endfacet
  facet normal -2.22045e-16 0 -1
    outer loop
      vertex 20 5.9 0
      vertex 12 2.95 1.77636e-15
      vertex 12 5.9 1.77636e-15
    endloop
  endfacet
  facet normal -1 0 0
    outer loop
      vertex 12 2.95 8
      vertex 12 5.9 16
      vertex 12 5.9 8
    endloop
  endfacet
  facet normal -1 -0 0
    outer loop
      vertex 12 5.9 16
      vertex 12 2.95 8
      vertex 12 2.95 16
    endloop
  endfacet
  facet normal -0 0 1
    outer loop
      vertex 12 5.9 16
      vertex 20 2.95 16
      vertex 20 5.9 16
    endloop
  endfacet
  facet normal 0 0 1
    outer loop
      vertex 20 2.95 16
      vertex 12 5.9 16
      vertex 12 2.95 16
    endloop
  endfacet
  facet normal 0 -1 0
    outer loop
      vertex 18.5277 2.95 10.2034
      vertex 20 2.95 16
      vertex 12 2.95 16
    endloop
  endfacet
  facet normal -0 -1 0
    outer loop
      vertex 18.9859 2.95 10.4483
      vertex 20 2.95 16
      vertex 18.7508 2.95 10.3371
    endloop
  endfacet
  facet normal -0 -1 0
    outer loop
      vertex 19.483 2.95 10.5991
      vertex 20 2.95 16
      vertex 19.2307 2.95 10.5359
    endloop
  endfacet
  facet normal -0 -1 0
    outer loop
      vertex 19.7403 2.95 10.6372
      vertex 20 2.95 16
      vertex 19.483 2.95 10.5991
    endloop
  endfacet
  facet normal 0 -1 0
    outer loop
      vertex 20 2.95 16
      vertex 20 2.95 10.65
      vertex 20.7841 2.95 15.9615
    endloop
  endfacet
  facet normal 0 -1 -0
    outer loop
      vertex 20.7841 2.95 15.9615
      vertex 20.2597 2.95 10.6372
      vertex 21.5607 2.95 15.8463
    endloop
  endfacet
  facet normal 0 -1 0
    outer loop
      vertex 20.517 2.95 10.5991
      vertex 21.5607 2.95 15.8463
      vertex 20.2597 2.95 10.6372
    endloop
  endfacet
  facet normal 0 -1 0
    outer loop
      vertex 20.7693 2.95 10.5359
      vertex 22.3223 2.95 15.6555
      vertex 20.517 2.95 10.5991
    endloop
  endfacet
  facet normal 0 -1 0
    outer loop
      vertex 21.0141 2.95 10.4483
      vertex 23.0615 2.95 15.391
      vertex 20.7693 2.95 10.5359
    endloop
  endfacet
  facet normal 0 -1 -0
    outer loop
      vertex 23.0615 2.95 15.391
      vertex 21.0141 2.95 10.4483
      vertex 23.7712 2.95 15.0554
    endloop
  endfacet
  facet normal 0 -1 -0
    outer loop
      vertex 23.7712 2.95 15.0554
      vertex 21.2492 2.95 10.3371
      vertex 24.4446 2.95 14.6518
    endloop
  endfacet
  facet normal 0 -1 0
    outer loop
      vertex 21.4723 2.95 10.2034
      vertex 24.4446 2.95 14.6518
      vertex 21.2492 2.95 10.3371
    endloop
  endfacet
  facet normal 0 -1 0
    outer loop
      vertex 21.2492 2.95 10.3371
      vertex 23.7712 2.95 15.0554
      vertex 21.0141 2.95 10.4483
    endloop
  endfacet
  facet normal 0 -1 -0
    outer loop
      vertex 22.3223 2.95 15.6555
      vertex 20.7693 2.95 10.5359
      vertex 23.0615 2.95 15.391
    endloop
  endfacet
  facet normal 0 -1 -0
    outer loop
      vertex 21.5607 2.95 15.8463
      vertex 20.517 2.95 10.5991
      vertex 22.3223 2.95 15.6555
    endloop
  endfacet
  facet normal 0 -1 0
    outer loop
      vertex 20.2597 2.95 10.6372
      vertex 20.7841 2.95 15.9615
      vertex 20 2.95 10.65
    endloop
  endfacet
  facet normal -0 -1 0
    outer loop
      vertex 20 2.95 10.65
      vertex 20 2.95 16
      vertex 19.7403 2.95 10.6372
    endloop
  endfacet
  facet normal -0 -1 0
    outer loop
      vertex 19.2307 2.95 10.5359
      vertex 20 2.95 16
      vertex 18.9859 2.95 10.4483
    endloop
  endfacet
  facet normal 0 -1 0
    outer loop
      vertex 20 2.95 16
      vertex 18.5277 2.95 10.2034
      vertex 18.7508 2.95 10.3371
    endloop
  endfacet
  facet normal 0 -1 0
    outer loop
      vertex 12 2.95 16
      vertex 18.3189 2.95 10.0485
      vertex 18.5277 2.95 10.2034
    endloop
  endfacet
  facet normal 0 -1 0
    outer loop
      vertex 12 2.95 16
      vertex 18.1262 2.95 9.87383
      vertex 18.3189 2.95 10.0485
    endloop
  endfacet
  facet normal 0 -1 0
    outer loop
      vertex 12 2.95 16
      vertex 17.9515 2.95 9.68114
      vertex 18.1262 2.95 9.87383
    endloop
  endfacet
  facet normal 0 -1 0
    outer loop
      vertex 12 2.95 16
      vertex 17.7966 2.95 9.47226
      vertex 17.9515 2.95 9.68114
    endloop
  endfacet
  facet normal 0 -1 0
    outer loop
      vertex 12 2.95 8
      vertex 17.7966 2.95 9.47226
      vertex 12 2.95 16
    endloop
  endfacet
  facet normal 0 -1 0
    outer loop
      vertex 17.7966 2.95 9.47226
      vertex 12 2.95 8
      vertex 17.6629 2.95 9.2492
    endloop
  endfacet
  facet normal 0 -1 0
    outer loop
      vertex 17.6629 2.95 9.2492
      vertex 12 2.95 8
      vertex 17.5517 2.95 9.01411
    endloop
  endfacet
  facet normal 0 -1 0
    outer loop
      vertex 17.5517 2.95 9.01411
      vertex 12 2.95 8
      vertex 17.4641 2.95 8.76925
    endloop
  endfacet
  facet normal 0 -1 0
    outer loop
      vertex 17.4641 2.95 8.76925
      vertex 12 2.95 8
      vertex 17.4009 2.95 8.51699
    endloop
  endfacet
  facet normal 0 -1 0
    outer loop
      vertex 17.4009 2.95 8.51699
      vertex 12 2.95 8
      vertex 17.3628 2.95 8.25974
    endloop
  endfacet
  facet normal 0 -1 0
    outer loop
      vertex 12 2.95 8
      vertex 17.35 2.95 8
      vertex 17.3628 2.95 8.25974
    endloop
  endfacet
  facet normal 0 -1 0
    outer loop
      vertex 12 2.95 8
      vertex 17.3628 2.95 7.74026
      vertex 17.35 2.95 8
    endloop
  endfacet
  facet normal 0 -1 0
    outer loop
      vertex 12 2.95 8
      vertex 17.4009 2.95 7.48301
      vertex 17.3628 2.95 7.74026
    endloop
  endfacet
  facet normal 0 -1 0
    outer loop
      vertex 12 2.95 8
      vertex 17.4641 2.95 7.23075
      vertex 17.4009 2.95 7.48301
    endloop
  endfacet
  facet normal 0 -1 0
    outer loop
      vertex 12 2.95 8
      vertex 17.5517 2.95 6.98589
      vertex 17.4641 2.95 7.23075
    endloop
  endfacet
  facet normal 0 -1 0
    outer loop
      vertex 12 2.95 8
      vertex 17.6629 2.95 6.7508
      vertex 17.5517 2.95 6.98589
    endloop
  endfacet
  facet normal 0 -1 0
    outer loop
      vertex 12 2.95 8
      vertex 17.7966 2.95 6.52774
      vertex 17.6629 2.95 6.7508
    endloop
  endfacet
  facet normal 0 -1 0
    outer loop
      vertex 12 2.95 1.77636e-15
      vertex 17.7966 2.95 6.52774
      vertex 12 2.95 8
    endloop
  endfacet
  facet normal 0 -1 -0
    outer loop
      vertex 17.7966 2.95 6.52774
      vertex 12 2.95 1.77636e-15
      vertex 17.9515 2.95 6.31886
    endloop
  endfacet
  facet normal 0 -1 -0
    outer loop
      vertex 17.9515 2.95 6.31886
      vertex 12 2.95 1.77636e-15
      vertex 18.1262 2.95 6.12617
    endloop
  endfacet
  facet normal 0 -1 -0
    outer loop
      vertex 18.1262 2.95 6.12617
      vertex 12 2.95 1.77636e-15
      vertex 18.3189 2.95 5.95152
    endloop
  endfacet
  facet normal 0 -1 -0
    outer loop
      vertex 18.3189 2.95 5.95152
      vertex 12 2.95 1.77636e-15
      vertex 18.5277 2.95 5.79661
    endloop
  endfacet
  facet normal 0 -1 0
    outer loop
      vertex 20 2.95 0
      vertex 18.5277 2.95 5.79661
      vertex 12 2.95 1.77636e-15
    endloop
  endfacet
  facet normal 0 -1 0
    outer loop
      vertex 18.5277 2.95 5.79661
      vertex 20 2.95 0
      vertex 18.7508 2.95 5.66291
    endloop
  endfacet
  facet normal 0 -1 0
    outer loop
      vertex 20 2.95 0
      vertex 20 2.95 5.35
      vertex 19.7403 2.95 5.36276
    endloop
  endfacet
  facet normal 0 -1 0
    outer loop
      vertex 20 2.95 5.35
      vertex 27.0554 2.95 4.22883
      vertex 27.391 2.95 4.93853
    endloop
  endfacet
  facet normal 0 -1 0
    outer loop
      vertex 20 2.95 0
      vertex 19.7403 2.95 5.36276
      vertex 19.483 2.95 5.40092
    endloop
  endfacet
  facet normal 0 -1 0
    outer loop
      vertex 20 2.95 5.35
      vertex 26.6518 2.95 3.55544
      vertex 27.0554 2.95 4.22883
    endloop
  endfacet
  facet normal 0 -1 0
    outer loop
      vertex 20 2.95 0
      vertex 19.483 2.95 5.40092
      vertex 19.2307 2.95 5.46411
    endloop
  endfacet
  facet normal 0 -1 0
    outer loop
      vertex 20 2.95 5.35
      vertex 26.1841 2.95 2.92485
      vertex 26.6518 2.95 3.55544
    endloop
  endfacet
  facet normal 0 -1 0
    outer loop
      vertex 18.7508 2.95 5.66291
      vertex 20 2.95 0
      vertex 18.9859 2.95 5.55172
    endloop
  endfacet
  facet normal 0 -1 0
    outer loop
      vertex 20 2.95 5.35
      vertex 25.6569 2.95 2.34315
      vertex 26.1841 2.95 2.92485
    endloop
  endfacet
  facet normal 0 -1 0
    outer loop
      vertex 20 2.95 5.35
      vertex 25.0751 2.95 1.81592
      vertex 25.6569 2.95 2.34315
    endloop
  endfacet
  facet normal 0 -1 0
    outer loop
      vertex 20 2.95 5.35
      vertex 24.4446 2.95 1.34824
      vertex 25.0751 2.95 1.81592
    endloop
  endfacet
  facet normal 0 -1 0
    outer loop
      vertex 20 2.95 5.35
      vertex 23.7712 2.95 0.944631
      vertex 24.4446 2.95 1.34824
    endloop
  endfacet
  facet normal 0 -1 0
    outer loop
      vertex 20 2.95 5.35
      vertex 23.0615 2.95 0.608964
      vertex 23.7712 2.95 0.944631
    endloop
  endfacet
  facet normal 0 -1 0
    outer loop
      vertex 20 2.95 5.35
      vertex 22.3223 2.95 0.344478
      vertex 23.0615 2.95 0.608964
    endloop
  endfacet
  facet normal 0 -1 0
    outer loop
      vertex 20 2.95 5.35
      vertex 21.5607 2.95 0.153718
      vertex 22.3223 2.95 0.344478
    endloop
  endfacet
  facet normal 0 -1 0
    outer loop
      vertex 20 2.95 5.35
      vertex 20.7841 2.95 0.0385227
      vertex 21.5607 2.95 0.153718
    endloop
  endfacet
  facet normal 0 -1 0
    outer loop
      vertex 18.9859 2.95 5.55172
      vertex 20 2.95 0
      vertex 19.2307 2.95 5.46411
    endloop
  endfacet
  facet normal 0 -1 0
    outer loop
      vertex 20 2.95 5.35
      vertex 20 2.95 0
      vertex 20.7841 2.95 0.0385227
    endloop
  endfacet
  facet normal 0 -1 -0
    outer loop
      vertex 24.4446 2.95 14.6518
      vertex 21.4723 2.95 10.2034
      vertex 25.0751 2.95 14.1841
    endloop
  endfacet
  facet normal 0 -1 0
    outer loop
      vertex 21.6811 2.95 10.0485
      vertex 25.0751 2.95 14.1841
      vertex 21.4723 2.95 10.2034
    endloop
  endfacet
  facet normal 0 -1 -0
    outer loop
      vertex 25.0751 2.95 14.1841
      vertex 21.6811 2.95 10.0485
      vertex 25.6569 2.95 13.6569
    endloop
  endfacet
  facet normal 0 -1 0
    outer loop
      vertex 21.8738 2.95 9.87383
      vertex 25.6569 2.95 13.6569
      vertex 21.6811 2.95 10.0485
    endloop
  endfacet
  facet normal 0 -1 -0
    outer loop
      vertex 25.6569 2.95 13.6569
      vertex 21.8738 2.95 9.87383
      vertex 26.1841 2.95 13.0751
    endloop
  endfacet
  facet normal 0 -1 0
    outer loop
      vertex 22.0485 2.95 9.68114
      vertex 26.1841 2.95 13.0751
      vertex 21.8738 2.95 9.87383
    endloop
  endfacet
  facet normal 0 -1 -0
    outer loop
      vertex 26.1841 2.95 13.0751
      vertex 22.0485 2.95 9.68114
      vertex 26.6518 2.95 12.4446
    endloop
  endfacet
  facet normal 0 -1 0
    outer loop
      vertex 22.2034 2.95 9.47226
      vertex 26.6518 2.95 12.4446
      vertex 22.0485 2.95 9.68114
    endloop
  endfacet
  facet normal 0 -1 -0
    outer loop
      vertex 26.6518 2.95 12.4446
      vertex 22.2034 2.95 9.47226
      vertex 27.0554 2.95 11.7712
    endloop
  endfacet
  facet normal 0 -1 0
    outer loop
      vertex 22.3371 2.95 9.2492
      vertex 27.0554 2.95 11.7712
      vertex 22.2034 2.95 9.47226
    endloop
  endfacet
  facet normal 0 -1 -0
    outer loop
      vertex 27.0554 2.95 11.7712
      vertex 22.3371 2.95 9.2492
      vertex 27.391 2.95 11.0615
    endloop
  endfacet
  facet normal 0 -1 0
    outer loop
      vertex 22.4483 2.95 9.01411
      vertex 27.391 2.95 11.0615
      vertex 22.3371 2.95 9.2492
    endloop
  endfacet
  facet normal 0 -1 -0
    outer loop
      vertex 27.391 2.95 11.0615
      vertex 22.4483 2.95 9.01411
      vertex 27.6555 2.95 10.3223
    endloop
  endfacet
  facet normal 0 -1 0
    outer loop
      vertex 22.5359 2.95 8.76925
      vertex 27.6555 2.95 10.3223
      vertex 22.4483 2.95 9.01411
    endloop
  endfacet
  facet normal 0 -1 -0
    outer loop
      vertex 27.6555 2.95 10.3223
      vertex 22.5359 2.95 8.76925
      vertex 27.8463 2.95 9.56072
    endloop
  endfacet
  facet normal 0 -1 0
    outer loop
      vertex 22.5991 2.95 8.51699
      vertex 27.8463 2.95 9.56072
      vertex 22.5359 2.95 8.76925
    endloop
  endfacet
  facet normal 0 -1 -0
    outer loop
      vertex 27.8463 2.95 9.56072
      vertex 22.5991 2.95 8.51699
      vertex 27.9615 2.95 8.78414
    endloop
  endfacet
  facet normal 0 -1 0
    outer loop
      vertex 22.6372 2.95 8.25974
      vertex 27.9615 2.95 8.78414
      vertex 22.5991 2.95 8.51699
    endloop
  endfacet
  facet normal 0 -1 0
    outer loop
      vertex 22.65 2.95 8
      vertex 27.9615 2.95 8.78414
      vertex 22.6372 2.95 8.25974
    endloop
  endfacet
  facet normal 0 -1 0
    outer loop
      vertex 22.65 2.95 8
      vertex 28 2.95 8
      vertex 27.9615 2.95 8.78414
    endloop
  endfacet
  facet normal 0 -1 0
    outer loop
      vertex 22.6372 2.95 7.74026
      vertex 28 2.95 8
      vertex 22.65 2.95 8
    endloop
  endfacet
  facet normal 0 -1 0
    outer loop
      vertex 27.9615 2.95 7.21586
      vertex 22.6372 2.95 7.74026
      vertex 22.5991 2.95 7.48301
    endloop
  endfacet
  facet normal 0 -1 0
    outer loop
      vertex 27.8463 2.95 6.43928
      vertex 22.5991 2.95 7.48301
      vertex 22.5359 2.95 7.23075
    endloop
  endfacet
  facet normal 0 -1 0
    outer loop
      vertex 22.6372 2.95 7.74026
      vertex 27.9615 2.95 7.21586
      vertex 28 2.95 8
    endloop
  endfacet
  facet normal 0 -1 0
    outer loop
      vertex 27.6555 2.95 5.67772
      vertex 22.5359 2.95 7.23075
      vertex 22.4483 2.95 6.98589
    endloop
  endfacet
  facet normal 0 -1 0
    outer loop
      vertex 27.391 2.95 4.93853
      vertex 22.4483 2.95 6.98589
      vertex 22.3371 2.95 6.7508
    endloop
  endfacet
  facet normal 0 -1 0
    outer loop
      vertex 27.391 2.95 4.93853
      vertex 22.3371 2.95 6.7508
      vertex 22.2034 2.95 6.52774
    endloop
  endfacet
  facet normal 0 -1 0
    outer loop
      vertex 22.5991 2.95 7.48301
      vertex 27.8463 2.95 6.43928
      vertex 27.9615 2.95 7.21586
    endloop
  endfacet
  facet normal 0 -1 0
    outer loop
      vertex 27.391 2.95 4.93853
      vertex 22.2034 2.95 6.52774
      vertex 22.0485 2.95 6.31886
    endloop
  endfacet
  facet normal 0 -1 0
    outer loop
      vertex 27.391 2.95 4.93853
      vertex 22.0485 2.95 6.31886
      vertex 21.8738 2.95 6.12617
    endloop
  endfacet
  facet normal 0 -1 0
    outer loop
      vertex 27.391 2.95 4.93853
      vertex 21.8738 2.95 6.12617
      vertex 21.6811 2.95 5.95152
    endloop
  endfacet
  facet normal 0 -1 0
    outer loop
      vertex 27.391 2.95 4.93853
      vertex 21.6811 2.95 5.95152
      vertex 21.4723 2.95 5.79661
    endloop
  endfacet
  facet normal 0 -1 0
    outer loop
      vertex 22.5359 2.95 7.23075
      vertex 27.6555 2.95 5.67772
      vertex 27.8463 2.95 6.43928
    endloop
  endfacet
  facet normal 0 -1 0
    outer loop
      vertex 27.391 2.95 4.93853
      vertex 21.4723 2.95 5.79661
      vertex 21.2492 2.95 5.66291
    endloop
  endfacet
  facet normal 0 -1 0
    outer loop
      vertex 27.391 2.95 4.93853
      vertex 21.2492 2.95 5.66291
      vertex 21.0141 2.95 5.55172
    endloop
  endfacet
  facet normal 0 -1 0
    outer loop
      vertex 27.391 2.95 4.93853
      vertex 21.0141 2.95 5.55172
      vertex 20.7693 2.95 5.46411
    endloop
  endfacet
  facet normal 0 -1 0
    outer loop
      vertex 27.391 2.95 4.93853
      vertex 20.7693 2.95 5.46411
      vertex 20.517 2.95 5.40092
    endloop
  endfacet
  facet normal 0 -1 0
    outer loop
      vertex 27.391 2.95 4.93853
      vertex 20.517 2.95 5.40092
      vertex 20.2597 2.95 5.36276
    endloop
  endfacet
  facet normal 0 -1 0
    outer loop
      vertex 27.391 2.95 4.93853
      vertex 20.2597 2.95 5.36276
      vertex 20 2.95 5.35
    endloop
  endfacet
  facet normal 0 -1 0
    outer loop
      vertex 22.4483 2.95 6.98589
      vertex 27.391 2.95 4.93853
      vertex 27.6555 2.95 5.67772
    endloop
  endfacet
  facet normal 0 1 0
    outer loop
      vertex 20.7841 5.9 15.9615
      vertex 20.2597 5.9 10.6372
      vertex 20 5.9 10.65
    endloop
  endfacet
  facet normal 0 1 0
    outer loop
      vertex 27.0554 5.9 11.7712
      vertex 20.517 5.9 10.5991
      vertex 20.2597 5.9 10.6372
    endloop
  endfacet
  facet normal 0 1 0
    outer loop
      vertex 27.0554 5.9 11.7712
      vertex 20.7693 5.9 10.5359
      vertex 20.517 5.9 10.5991
    endloop
  endfacet
  facet normal 0 1 0
    outer loop
      vertex 27.0554 5.9 11.7712
      vertex 21.0141 5.9 10.4483
      vertex 20.7693 5.9 10.5359
    endloop
  endfacet
  facet normal 0 1 0
    outer loop
      vertex 27.0554 5.9 11.7712
      vertex 21.2492 5.9 10.3371
      vertex 21.0141 5.9 10.4483
    endloop
  endfacet
  facet normal 0 1 0
    outer loop
      vertex 22.4483 5.9 9.01411
      vertex 27.391 5.9 11.0615
      vertex 27.6555 5.9 10.3223
    endloop
  endfacet
  facet normal 0 1 0
    outer loop
      vertex 27.0554 5.9 11.7712
      vertex 21.4723 5.9 10.2034
      vertex 21.2492 5.9 10.3371
    endloop
  endfacet
  facet normal 0 1 0
    outer loop
      vertex 27.0554 5.9 11.7712
      vertex 21.6811 5.9 10.0485
      vertex 21.4723 5.9 10.2034
    endloop
  endfacet
  facet normal 0 1 0
    outer loop
      vertex 27.0554 5.9 11.7712
      vertex 21.8738 5.9 9.87383
      vertex 21.6811 5.9 10.0485
    endloop
  endfacet
  facet normal 0 1 0
    outer loop
      vertex 27.0554 5.9 11.7712
      vertex 22.0485 5.9 9.68114
      vertex 21.8738 5.9 9.87383
    endloop
  endfacet
  facet normal 0 1 0
    outer loop
      vertex 22.5359 5.9 8.76925
      vertex 27.6555 5.9 10.3223
      vertex 27.8463 5.9 9.56072
    endloop
  endfacet
  facet normal 0 1 0
    outer loop
      vertex 27.0554 5.9 11.7712
      vertex 22.2034 5.9 9.47226
      vertex 22.0485 5.9 9.68114
    endloop
  endfacet
  facet normal 0 1 0
    outer loop
      vertex 27.0554 5.9 11.7712
      vertex 22.3371 5.9 9.2492
      vertex 22.2034 5.9 9.47226
    endloop
  endfacet
  facet normal 0 1 0
    outer loop
      vertex 27.391 5.9 11.0615
      vertex 22.4483 5.9 9.01411
      vertex 22.3371 5.9 9.2492
    endloop
  endfacet
  facet normal 0 1 0
    outer loop
      vertex 22.5991 5.9 8.51699
      vertex 27.8463 5.9 9.56072
      vertex 27.9615 5.9 8.78414
    endloop
  endfacet
  facet normal 0 1 0
    outer loop
      vertex 27.6555 5.9 10.3223
      vertex 22.5359 5.9 8.76925
      vertex 22.4483 5.9 9.01411
    endloop
  endfacet
  facet normal 0 1 0
    outer loop
      vertex 27.8463 5.9 9.56072
      vertex 22.5991 5.9 8.51699
      vertex 22.5359 5.9 8.76925
    endloop
  endfacet
  facet normal 0 1 0
    outer loop
      vertex 27.9615 5.9 8.78414
      vertex 22.6372 5.9 8.25974
      vertex 22.5991 5.9 8.51699
    endloop
  endfacet
  facet normal 0 1 0
    outer loop
      vertex 28 5.9 8
      vertex 22.6372 5.9 8.25974
      vertex 27.9615 5.9 8.78414
    endloop
  endfacet
  facet normal 0 1 0
    outer loop
      vertex 28 5.9 8
      vertex 22.65 5.9 8
      vertex 22.6372 5.9 8.25974
    endloop
  endfacet
  facet normal 0 1 0
    outer loop
      vertex 28 5.9 8
      vertex 22.6372 5.9 7.74026
      vertex 22.65 5.9 8
    endloop
  endfacet
  facet normal 0 1 -0
    outer loop
      vertex 27.9615 5.9 7.21586
      vertex 22.6372 5.9 7.74026
      vertex 28 5.9 8
    endloop
  endfacet
  facet normal 0 1 0
    outer loop
      vertex 22.6372 5.9 7.74026
      vertex 27.9615 5.9 7.21586
      vertex 22.5991 5.9 7.48301
    endloop
  endfacet
  facet normal 0 1 -0
    outer loop
      vertex 27.8463 5.9 6.43928
      vertex 22.5991 5.9 7.48301
      vertex 27.9615 5.9 7.21586
    endloop
  endfacet
  facet normal 0 1 0
    outer loop
      vertex 22.5991 5.9 7.48301
      vertex 27.8463 5.9 6.43928
      vertex 22.5359 5.9 7.23075
    endloop
  endfacet
  facet normal 0 1 -0
    outer loop
      vertex 27.6555 5.9 5.67772
      vertex 22.5359 5.9 7.23075
      vertex 27.8463 5.9 6.43928
    endloop
  endfacet
  facet normal 0 1 0
    outer loop
      vertex 22.5359 5.9 7.23075
      vertex 27.6555 5.9 5.67772
      vertex 22.4483 5.9 6.98589
    endloop
  endfacet
  facet normal 0 1 -0
    outer loop
      vertex 27.391 5.9 4.93853
      vertex 22.4483 5.9 6.98589
      vertex 27.6555 5.9 5.67772
    endloop
  endfacet
  facet normal 0 1 0
    outer loop
      vertex 22.4483 5.9 6.98589
      vertex 27.391 5.9 4.93853
      vertex 22.3371 5.9 6.7508
    endloop
  endfacet
  facet normal 0 1 -0
    outer loop
      vertex 27.0554 5.9 4.22883
      vertex 22.3371 5.9 6.7508
      vertex 27.391 5.9 4.93853
    endloop
  endfacet
  facet normal 0 1 0
    outer loop
      vertex 22.3371 5.9 6.7508
      vertex 27.0554 5.9 4.22883
      vertex 22.2034 5.9 6.52774
    endloop
  endfacet
  facet normal 0 1 -0
    outer loop
      vertex 26.6518 5.9 3.55544
      vertex 22.2034 5.9 6.52774
      vertex 27.0554 5.9 4.22883
    endloop
  endfacet
  facet normal 0 1 0
    outer loop
      vertex 22.2034 5.9 6.52774
      vertex 26.6518 5.9 3.55544
      vertex 22.0485 5.9 6.31886
    endloop
  endfacet
  facet normal 0 1 -0
    outer loop
      vertex 26.1841 5.9 2.92485
      vertex 22.0485 5.9 6.31886
      vertex 26.6518 5.9 3.55544
    endloop
  endfacet
  facet normal 0 1 0
    outer loop
      vertex 22.0485 5.9 6.31886
      vertex 26.1841 5.9 2.92485
      vertex 21.8738 5.9 6.12617
    endloop
  endfacet
  facet normal 0 1 -0
    outer loop
      vertex 25.6569 5.9 2.34315
      vertex 21.8738 5.9 6.12617
      vertex 26.1841 5.9 2.92485
    endloop
  endfacet
  facet normal 0 1 0
    outer loop
      vertex 21.8738 5.9 6.12617
      vertex 25.6569 5.9 2.34315
      vertex 21.6811 5.9 5.95152
    endloop
  endfacet
  facet normal 0 1 -0
    outer loop
      vertex 25.0751 5.9 1.81592
      vertex 21.6811 5.9 5.95152
      vertex 25.6569 5.9 2.34315
    endloop
  endfacet
  facet normal 0 1 0
    outer loop
      vertex 21.6811 5.9 5.95152
      vertex 25.0751 5.9 1.81592
      vertex 21.4723 5.9 5.79661
    endloop
  endfacet
  facet normal 0 1 -0
    outer loop
      vertex 24.4446 5.9 1.34824
      vertex 21.4723 5.9 5.79661
      vertex 25.0751 5.9 1.81592
    endloop
  endfacet
  facet normal 0 1 0
    outer loop
      vertex 20 5.9 10.65
      vertex 20 5.9 16
      vertex 20.7841 5.9 15.9615
    endloop
  endfacet
  facet normal 0 1 0
    outer loop
      vertex 20.2597 5.9 10.6372
      vertex 20.7841 5.9 15.9615
      vertex 21.5607 5.9 15.8463
    endloop
  endfacet
  facet normal 0 1 0
    outer loop
      vertex 20.2597 5.9 10.6372
      vertex 21.5607 5.9 15.8463
      vertex 22.3223 5.9 15.6555
    endloop
  endfacet
  facet normal 0 1 0
    outer loop
      vertex 20.2597 5.9 10.6372
      vertex 22.3223 5.9 15.6555
      vertex 23.0615 5.9 15.391
    endloop
  endfacet
  facet normal 0 1 0
    outer loop
      vertex 20.2597 5.9 10.6372
      vertex 23.0615 5.9 15.391
      vertex 23.7712 5.9 15.0554
    endloop
  endfacet
  facet normal 0 1 0
    outer loop
      vertex 20.2597 5.9 10.6372
      vertex 23.7712 5.9 15.0554
      vertex 24.4446 5.9 14.6518
    endloop
  endfacet
  facet normal 0 1 0
    outer loop
      vertex 20.2597 5.9 10.6372
      vertex 24.4446 5.9 14.6518
      vertex 25.0751 5.9 14.1841
    endloop
  endfacet
  facet normal 0 1 0
    outer loop
      vertex 20.2597 5.9 10.6372
      vertex 25.0751 5.9 14.1841
      vertex 25.6569 5.9 13.6569
    endloop
  endfacet
  facet normal 0 1 0
    outer loop
      vertex 20.2597 5.9 10.6372
      vertex 25.6569 5.9 13.6569
      vertex 26.1841 5.9 13.0751
    endloop
  endfacet
  facet normal 0 1 0
    outer loop
      vertex 20.2597 5.9 10.6372
      vertex 26.1841 5.9 13.0751
      vertex 26.6518 5.9 12.4446
    endloop
  endfacet
  facet normal 0 1 0
    outer loop
      vertex 20.2597 5.9 10.6372
      vertex 26.6518 5.9 12.4446
      vertex 27.0554 5.9 11.7712
    endloop
  endfacet
  facet normal 0 1 0
    outer loop
      vertex 22.3371 5.9 9.2492
      vertex 27.0554 5.9 11.7712
      vertex 27.391 5.9 11.0615
    endloop
  endfacet
  facet normal 0 1 0
    outer loop
      vertex 20 5.9 16
      vertex 20 5.9 10.65
      vertex 19.7403 5.9 10.6372
    endloop
  endfacet
  facet normal 0 1 0
    outer loop
      vertex 20 5.9 16
      vertex 19.7403 5.9 10.6372
      vertex 19.483 5.9 10.5991
    endloop
  endfacet
  facet normal 0 1 0
    outer loop
      vertex 20 5.9 16
      vertex 19.483 5.9 10.5991
      vertex 19.2307 5.9 10.5359
    endloop
  endfacet
  facet normal 0 1 0
    outer loop
      vertex 20 5.9 16
      vertex 19.2307 5.9 10.5359
      vertex 18.9859 5.9 10.4483
    endloop
  endfacet
  facet normal 0 1 0
    outer loop
      vertex 20 5.9 16
      vertex 18.9859 5.9 10.4483
      vertex 18.7508 5.9 10.3371
    endloop
  endfacet
  facet normal 0 1 0
    outer loop
      vertex 18.5277 5.9 10.2034
      vertex 20 5.9 16
      vertex 18.7508 5.9 10.3371
    endloop
  endfacet
  facet normal 0 1 0
    outer loop
      vertex 20 5.9 16
      vertex 18.5277 5.9 10.2034
      vertex 12 5.9 16
    endloop
  endfacet
  facet normal 0 1 -0
    outer loop
      vertex 18.3189 5.9 10.0485
      vertex 12 5.9 16
      vertex 18.5277 5.9 10.2034
    endloop
  endfacet
  facet normal 0 1 -0
    outer loop
      vertex 18.1262 5.9 9.87383
      vertex 12 5.9 16
      vertex 18.3189 5.9 10.0485
    endloop
  endfacet
  facet normal 0 1 -0
    outer loop
      vertex 17.9515 5.9 9.68114
      vertex 12 5.9 16
      vertex 18.1262 5.9 9.87383
    endloop
  endfacet
  facet normal 0 1 -0
    outer loop
      vertex 17.7966 5.9 9.47226
      vertex 12 5.9 16
      vertex 17.9515 5.9 9.68114
    endloop
  endfacet
  facet normal 0 1 0
    outer loop
      vertex 12 5.9 8
      vertex 17.7966 5.9 9.47226
      vertex 17.6629 5.9 9.2492
    endloop
  endfacet
  facet normal 0 1 0
    outer loop
      vertex 12 5.9 8
      vertex 17.6629 5.9 9.2492
      vertex 17.5517 5.9 9.01411
    endloop
  endfacet
  facet normal 0 1 0
    outer loop
      vertex 12 5.9 8
      vertex 17.5517 5.9 9.01411
      vertex 17.4641 5.9 8.76925
    endloop
  endfacet
  facet normal 0 1 0
    outer loop
      vertex 12 5.9 8
      vertex 17.4641 5.9 8.76925
      vertex 17.4009 5.9 8.51699
    endloop
  endfacet
  facet normal 0 1 0
    outer loop
      vertex 12 5.9 8
      vertex 17.4009 5.9 8.51699
      vertex 17.3628 5.9 8.25974
    endloop
  endfacet
  facet normal 0 1 0
    outer loop
      vertex 12 5.9 8
      vertex 17.3628 5.9 8.25974
      vertex 17.35 5.9 8
    endloop
  endfacet
  facet normal 0 1 0
    outer loop
      vertex 17.7966 5.9 9.47226
      vertex 12 5.9 8
      vertex 12 5.9 16
    endloop
  endfacet
  facet normal 0 1 0
    outer loop
      vertex 17.3628 5.9 7.74026
      vertex 12 5.9 8
      vertex 17.35 5.9 8
    endloop
  endfacet
  facet normal 0 1 0
    outer loop
      vertex 17.4009 5.9 7.48301
      vertex 12 5.9 8
      vertex 17.3628 5.9 7.74026
    endloop
  endfacet
  facet normal 0 1 0
    outer loop
      vertex 17.4641 5.9 7.23075
      vertex 12 5.9 8
      vertex 17.4009 5.9 7.48301
    endloop
  endfacet
  facet normal 0 1 0
    outer loop
      vertex 17.5517 5.9 6.98589
      vertex 12 5.9 8
      vertex 17.4641 5.9 7.23075
    endloop
  endfacet
  facet normal 0 1 0
    outer loop
      vertex 17.6629 5.9 6.7508
      vertex 12 5.9 8
      vertex 17.5517 5.9 6.98589
    endloop
  endfacet
  facet normal 0 1 0
    outer loop
      vertex 17.7966 5.9 6.52774
      vertex 12 5.9 8
      vertex 17.6629 5.9 6.7508
    endloop
  endfacet
  facet normal 0 1 0
    outer loop
      vertex 12 5.9 1.77636e-15
      vertex 17.7966 5.9 6.52774
      vertex 17.9515 5.9 6.31886
    endloop
  endfacet
  facet normal 0 1 0
    outer loop
      vertex 12 5.9 1.77636e-15
      vertex 17.9515 5.9 6.31886
      vertex 18.1262 5.9 6.12617
    endloop
  endfacet
  facet normal 0 1 0
    outer loop
      vertex 12 5.9 1.77636e-15
      vertex 18.1262 5.9 6.12617
      vertex 18.3189 5.9 5.95152
    endloop
  endfacet
  facet normal 0 1 0
    outer loop
      vertex 12 5.9 1.77636e-15
      vertex 18.3189 5.9 5.95152
      vertex 18.5277 5.9 5.79661
    endloop
  endfacet
  facet normal 0 1 0
    outer loop
      vertex 20 5.9 0
      vertex 18.5277 5.9 5.79661
      vertex 18.7508 5.9 5.66291
    endloop
  endfacet
  facet normal 0 1 0
    outer loop
      vertex 20 5.9 0
      vertex 18.7508 5.9 5.66291
      vertex 18.9859 5.9 5.55172
    endloop
  endfacet
  facet normal 0 1 0
    outer loop
      vertex 20 5.9 0
      vertex 18.9859 5.9 5.55172
      vertex 19.2307 5.9 5.46411
    endloop
  endfacet
  facet normal 0 1 0
    outer loop
      vertex 21.4723 5.9 5.79661
      vertex 24.4446 5.9 1.34824
      vertex 21.2492 5.9 5.66291
    endloop
  endfacet
  facet normal 0 1 -0
    outer loop
      vertex 23.7712 5.9 0.944631
      vertex 21.2492 5.9 5.66291
      vertex 24.4446 5.9 1.34824
    endloop
  endfacet
  facet normal 0 1 0
    outer loop
      vertex 21.2492 5.9 5.66291
      vertex 23.7712 5.9 0.944631
      vertex 21.0141 5.9 5.55172
    endloop
  endfacet
  facet normal 0 1 -0
    outer loop
      vertex 23.0615 5.9 0.608964
      vertex 21.0141 5.9 5.55172
      vertex 23.7712 5.9 0.944631
    endloop
  endfacet
  facet normal 0 1 0
    outer loop
      vertex 21.0141 5.9 5.55172
      vertex 23.0615 5.9 0.608964
      vertex 20.7693 5.9 5.46411
    endloop
  endfacet
  facet normal 0 1 -0
    outer loop
      vertex 22.3223 5.9 0.344478
      vertex 20.7693 5.9 5.46411
      vertex 23.0615 5.9 0.608964
    endloop
  endfacet
  facet normal 0 1 0
    outer loop
      vertex 20.7693 5.9 5.46411
      vertex 22.3223 5.9 0.344478
      vertex 20.517 5.9 5.40092
    endloop
  endfacet
  facet normal 0 1 -0
    outer loop
      vertex 21.5607 5.9 0.153718
      vertex 20.517 5.9 5.40092
      vertex 22.3223 5.9 0.344478
    endloop
  endfacet
  facet normal 0 1 0
    outer loop
      vertex 20.517 5.9 5.40092
      vertex 21.5607 5.9 0.153718
      vertex 20.2597 5.9 5.36276
    endloop
  endfacet
  facet normal 0 1 -0
    outer loop
      vertex 20.7841 5.9 0.0385227
      vertex 20.2597 5.9 5.36276
      vertex 21.5607 5.9 0.153718
    endloop
  endfacet
  facet normal 0 1 0
    outer loop
      vertex 20.2597 5.9 5.36276
      vertex 20.7841 5.9 0.0385227
      vertex 20 5.9 5.35
    endloop
  endfacet
  facet normal 0 1 0
    outer loop
      vertex 20 5.9 0
      vertex 20 5.9 5.35
      vertex 20.7841 5.9 0.0385227
    endloop
  endfacet
  facet normal 0 1 0
    outer loop
      vertex 20 5.9 5.35
      vertex 20 5.9 0
      vertex 19.7403 5.9 5.36276
    endloop
  endfacet
  facet normal 0 1 0
    outer loop
      vertex 19.7403 5.9 5.36276
      vertex 20 5.9 0
      vertex 19.483 5.9 5.40092
    endloop
  endfacet
  facet normal 0 1 0
    outer loop
      vertex 19.483 5.9 5.40092
      vertex 20 5.9 0
      vertex 19.2307 5.9 5.46411
    endloop
  endfacet
  facet normal 0 1 0
    outer loop
      vertex 18.5277 5.9 5.79661
      vertex 20 5.9 0
      vertex 12 5.9 1.77636e-15
    endloop
  endfacet
  facet normal 0 1 0
    outer loop
      vertex 17.7966 5.9 6.52774
      vertex 12 5.9 1.77636e-15
      vertex 12 5.9 8
    endloop
  endfacet
  facet normal 0.14673 0 0.989177
    outer loop
      vertex 20.7841 5.9 15.9615
      vertex 21.5607 2.95 15.8463
      vertex 21.5607 5.9 15.8463
    endloop
  endfacet
  facet normal 0.14673 0 0.989177
    outer loop
      vertex 21.5607 2.95 15.8463
      vertex 20.7841 5.9 15.9615
      vertex 20.7841 2.95 15.9615
    endloop
  endfacet
  facet normal 0.941545 -0 0.336888
    outer loop
      vertex 27.391 2.95 11.0615
      vertex 27.6555 5.9 10.3223
      vertex 27.391 5.9 11.0615
    endloop
  endfacet
  facet normal 0.941545 0 0.336888
    outer loop
      vertex 27.6555 5.9 10.3223
      vertex 27.391 2.95 11.0615
      vertex 27.6555 2.95 10.3223
    endloop
  endfacet
  facet normal 0.941544 0 -0.33689
    outer loop
      vertex 27.6555 2.95 5.67772
      vertex 27.391 5.9 4.93853
      vertex 27.6555 5.9 5.67772
    endloop
  endfacet
  facet normal 0.941544 0 -0.33689
    outer loop
      vertex 27.391 5.9 4.93853
      vertex 27.6555 2.95 5.67772
      vertex 27.391 2.95 4.93853
    endloop
  endfacet
  facet normal 0.903989 -0 0.427556
    outer loop
      vertex 27.0554 2.95 11.7712
      vertex 27.391 5.9 11.0615
      vertex 27.0554 5.9 11.7712
    endloop
  endfacet
  facet normal 0.903989 0 0.427556
    outer loop
      vertex 27.391 5.9 11.0615
      vertex 27.0554 2.95 11.7712
      vertex 27.391 2.95 11.0615
    endloop
  endfacet
  facet normal 0.14673 0 -0.989177
    outer loop
      vertex 20.7841 2.95 0.0385227
      vertex 21.5607 5.9 0.153718
      vertex 21.5607 2.95 0.153718
    endloop
  endfacet
  facet normal 0.14673 0 -0.989177
    outer loop
      vertex 21.5607 5.9 0.153718
      vertex 20.7841 2.95 0.0385227
      vertex 20.7841 5.9 0.0385227
    endloop
  endfacet
  facet normal 0.740951 -0 0.671559
    outer loop
      vertex 25.6569 2.95 13.6569
      vertex 26.1841 5.9 13.0751
      vertex 25.6569 5.9 13.6569
    endloop
  endfacet
  facet normal 0.740951 0 0.671559
    outer loop
      vertex 26.1841 5.9 13.0751
      vertex 25.6569 2.95 13.6569
      vertex 26.1841 2.95 13.0751
    endloop
  endfacet
  facet normal 0.998795 0 0.0490684
    outer loop
      vertex 28 5.9 8
      vertex 27.9615 2.95 8.78414
      vertex 28 2.95 8
    endloop
  endfacet
  facet normal 0.998795 0 0.0490684
    outer loop
      vertex 27.9615 5.9 8.78414
      vertex 27.9615 2.95 8.78414
      vertex 28 5.9 8
    endloop
  endfacet
  facet normal 0.998795 0 -0.0490684
    outer loop
      vertex 28 2.95 8
      vertex 27.9615 2.95 7.21586
      vertex 28 5.9 8
    endloop
  endfacet
  facet normal 0.989176 0 -0.146731
    outer loop
      vertex 27.9615 2.95 7.21586
      vertex 27.8463 5.9 6.43928
      vertex 27.9615 5.9 7.21586
    endloop
  endfacet
  facet normal 0.989176 0 -0.146731
    outer loop
      vertex 27.8463 5.9 6.43928
      vertex 27.9615 2.95 7.21586
      vertex 27.8463 2.95 6.43928
    endloop
  endfacet
  facet normal 0.803207 -0 0.5957
    outer loop
      vertex 26.1841 2.95 13.0751
      vertex 26.6518 5.9 12.4446
      vertex 26.1841 5.9 13.0751
    endloop
  endfacet
  facet normal 0.803207 0 0.5957
    outer loop
      vertex 26.6518 5.9 12.4446
      vertex 26.1841 2.95 13.0751
      vertex 26.6518 2.95 12.4446
    endloop
  endfacet
  facet normal 0.857728 -0 0.514104
    outer loop
      vertex 26.6518 2.95 12.4446
      vertex 27.0554 5.9 11.7712
      vertex 26.6518 5.9 12.4446
    endloop
  endfacet
  facet normal 0.857728 0 0.514104
    outer loop
      vertex 27.0554 5.9 11.7712
      vertex 26.6518 2.95 12.4446
      vertex 27.0554 2.95 11.7712
    endloop
  endfacet
  facet normal 0.595699 0 0.803208
    outer loop
      vertex 24.4446 5.9 14.6518
      vertex 25.0751 2.95 14.1841
      vertex 25.0751 5.9 14.1841
    endloop
  endfacet
  facet normal 0.595699 0 0.803208
    outer loop
      vertex 25.0751 2.95 14.1841
      vertex 24.4446 5.9 14.6518
      vertex 24.4446 2.95 14.6518
    endloop
  endfacet
  facet normal 0.514103 0 0.857729
    outer loop
      vertex 23.7712 5.9 15.0554
      vertex 24.4446 2.95 14.6518
      vertex 24.4446 5.9 14.6518
    endloop
  endfacet
  facet normal 0.514103 0 0.857729
    outer loop
      vertex 24.4446 2.95 14.6518
      vertex 23.7712 5.9 15.0554
      vertex 23.7712 2.95 15.0554
    endloop
  endfacet
  facet normal 0.989177 -0 0.146729
    outer loop
      vertex 27.8463 2.95 9.56072
      vertex 27.9615 5.9 8.78414
      vertex 27.8463 5.9 9.56072
    endloop
  endfacet
  facet normal 0.989177 0 0.146729
    outer loop
      vertex 27.9615 5.9 8.78414
      vertex 27.8463 2.95 9.56072
      vertex 27.9615 2.95 8.78414
    endloop
  endfacet
  facet normal 0.970031 -0 0.242983
    outer loop
      vertex 27.6555 2.95 10.3223
      vertex 27.8463 5.9 9.56072
      vertex 27.6555 5.9 10.3223
    endloop
  endfacet
  facet normal 0.970031 0 0.242983
    outer loop
      vertex 27.8463 5.9 9.56072
      vertex 27.6555 2.95 10.3223
      vertex 27.8463 2.95 9.56072
    endloop
  endfacet
  facet normal 0.970031 0 -0.24298
    outer loop
      vertex 27.8463 2.95 6.43928
      vertex 27.6555 5.9 5.67772
      vertex 27.8463 5.9 6.43928
    endloop
  endfacet
  facet normal 0.970031 0 -0.24298
    outer loop
      vertex 27.6555 5.9 5.67772
      vertex 27.8463 2.95 6.43928
      vertex 27.6555 2.95 5.67772
    endloop
  endfacet
  facet normal 0.998795 0 -0.0490684
    outer loop
      vertex 28 5.9 8
      vertex 27.9615 2.95 7.21586
      vertex 27.9615 5.9 7.21586
    endloop
  endfacet
  facet normal 0.24298 0 -0.970031
    outer loop
      vertex 21.5607 2.95 0.153718
      vertex 22.3223 5.9 0.344478
      vertex 22.3223 2.95 0.344478
    endloop
  endfacet
  facet normal 0.24298 0 -0.970031
    outer loop
      vertex 22.3223 5.9 0.344478
      vertex 21.5607 2.95 0.153718
      vertex 21.5607 5.9 0.153718
    endloop
  endfacet
  facet normal 0.33689 0 -0.941544
    outer loop
      vertex 22.3223 2.95 0.344478
      vertex 23.0615 5.9 0.608964
      vertex 23.0615 2.95 0.608964
    endloop
  endfacet
  facet normal 0.33689 0 -0.941544
    outer loop
      vertex 23.0615 5.9 0.608964
      vertex 22.3223 2.95 0.344478
      vertex 22.3223 5.9 0.344478
    endloop
  endfacet
  facet normal 0.595699 0 -0.803208
    outer loop
      vertex 24.4446 2.95 1.34824
      vertex 25.0751 5.9 1.81592
      vertex 25.0751 2.95 1.81592
    endloop
  endfacet
  facet normal 0.595699 0 -0.803208
    outer loop
      vertex 25.0751 5.9 1.81592
      vertex 24.4446 2.95 1.34824
      vertex 24.4446 5.9 1.34824
    endloop
  endfacet
  facet normal 0.803207 0 -0.5957
    outer loop
      vertex 26.6518 2.95 3.55544
      vertex 26.1841 5.9 2.92485
      vertex 26.6518 5.9 3.55544
    endloop
  endfacet
  facet normal 0.803207 0 -0.5957
    outer loop
      vertex 26.1841 5.9 2.92485
      vertex 26.6518 2.95 3.55544
      vertex 26.1841 2.95 2.92485
    endloop
  endfacet
  facet normal 0.0490683 0 0.998795
    outer loop
      vertex 20 5.9 16
      vertex 20.7841 2.95 15.9615
      vertex 20.7841 5.9 15.9615
    endloop
  endfacet
  facet normal 0.0490683 0 0.998795
    outer loop
      vertex 20.7841 2.95 15.9615
      vertex 20 5.9 16
      vertex 20 2.95 16
    endloop
  endfacet
  facet normal 0.33689 0 0.941544
    outer loop
      vertex 22.3223 5.9 15.6555
      vertex 23.0615 2.95 15.391
      vertex 23.0615 5.9 15.391
    endloop
  endfacet
  facet normal 0.33689 0 0.941544
    outer loop
      vertex 23.0615 2.95 15.391
      vertex 22.3223 5.9 15.6555
      vertex 22.3223 2.95 15.6555
    endloop
  endfacet
  facet normal 0.24298 0 0.970031
    outer loop
      vertex 21.5607 5.9 15.8463
      vertex 22.3223 2.95 15.6555
      vertex 22.3223 5.9 15.6555
    endloop
  endfacet
  facet normal 0.24298 0 0.970031
    outer loop
      vertex 22.3223 2.95 15.6555
      vertex 21.5607 5.9 15.8463
      vertex 21.5607 2.95 15.8463
    endloop
  endfacet
  facet normal 0.67156 0 0.740951
    outer loop
      vertex 25.0751 5.9 14.1841
      vertex 25.6569 2.95 13.6569
      vertex 25.6569 5.9 13.6569
    endloop
  endfacet
  facet normal 0.67156 0 0.740951
    outer loop
      vertex 25.6569 2.95 13.6569
      vertex 25.0751 5.9 14.1841
      vertex 25.0751 2.95 14.1841
    endloop
  endfacet
  facet normal 0.427555 0 0.903989
    outer loop
      vertex 23.0615 5.9 15.391
      vertex 23.7712 2.95 15.0554
      vertex 23.7712 5.9 15.0554
    endloop
  endfacet
  facet normal 0.427555 0 0.903989
    outer loop
      vertex 23.7712 2.95 15.0554
      vertex 23.0615 5.9 15.391
      vertex 23.0615 2.95 15.391
    endloop
  endfacet
  facet normal 0.0490684 0 -0.998795
    outer loop
      vertex 20 2.95 0
      vertex 20.7841 5.9 0.0385227
      vertex 20.7841 2.95 0.0385227
    endloop
  endfacet
  facet normal 0.0490684 0 -0.998795
    outer loop
      vertex 20.7841 5.9 0.0385227
      vertex 20 2.95 0
      vertex 20 5.9 0
    endloop
  endfacet
  facet normal 0.740951 0 -0.671559
    outer loop
      vertex 26.1841 2.95 2.92485
      vertex 25.6569 5.9 2.34315
      vertex 26.1841 5.9 2.92485
    endloop
  endfacet
  facet normal 0.740951 0 -0.671559
    outer loop
      vertex 25.6569 5.9 2.34315
      vertex 26.1841 2.95 2.92485
      vertex 25.6569 2.95 2.34315
    endloop
  endfacet
  facet normal 0.427555 0 -0.903989
    outer loop
      vertex 23.0615 2.95 0.608964
      vertex 23.7712 5.9 0.944631
      vertex 23.7712 2.95 0.944631
    endloop
  endfacet
  facet normal 0.427555 0 -0.903989
    outer loop
      vertex 23.7712 5.9 0.944631
      vertex 23.0615 2.95 0.608964
      vertex 23.0615 5.9 0.608964
    endloop
  endfacet
  facet normal 0.514103 0 -0.857729
    outer loop
      vertex 23.7712 2.95 0.944631
      vertex 24.4446 5.9 1.34824
      vertex 24.4446 2.95 1.34824
    endloop
  endfacet
  facet normal 0.514103 0 -0.857729
    outer loop
      vertex 24.4446 5.9 1.34824
      vertex 23.7712 2.95 0.944631
      vertex 23.7712 5.9 0.944631
    endloop
  endfacet
  facet normal 0.857729 0 -0.514102
    outer loop
      vertex 27.0554 2.95 4.22883
      vertex 26.6518 5.9 3.55544
      vertex 27.0554 5.9 4.22883
    endloop
  endfacet
  facet normal 0.857729 0 -0.514102
    outer loop
      vertex 26.6518 5.9 3.55544
      vertex 27.0554 2.95 4.22883
      vertex 26.6518 2.95 3.55544
    endloop
  endfacet
  facet normal 0.903989 0 -0.427556
    outer loop
      vertex 27.391 2.95 4.93853
      vertex 27.0554 5.9 4.22883
      vertex 27.391 5.9 4.93853
    endloop
  endfacet
  facet normal 0.903989 0 -0.427556
    outer loop
      vertex 27.0554 5.9 4.22883
      vertex 27.391 2.95 4.93853
      vertex 27.0554 2.95 4.22883
    endloop
  endfacet
  facet normal 0.67156 0 -0.740951
    outer loop
      vertex 25.0751 2.95 1.81592
      vertex 25.6569 5.9 2.34315
      vertex 25.6569 2.95 2.34315
    endloop
  endfacet
  facet normal 0.67156 0 -0.740951
    outer loop
      vertex 25.6569 5.9 2.34315
      vertex 25.0751 2.95 1.81592
      vertex 25.0751 5.9 1.81592
    endloop
  endfacet
  facet normal 0.0490666 0 -0.998796
    outer loop
      vertex 19.7403 2.95 10.6372
      vertex 20 5.9 10.65
      vertex 20 2.95 10.65
    endloop
  endfacet
  facet normal 0.0490666 0 -0.998796
    outer loop
      vertex 20 5.9 10.65
      vertex 19.7403 2.95 10.6372
      vertex 19.7403 5.9 10.6372
    endloop
  endfacet
  facet normal 0.941543 -0 0.336893
    outer loop
      vertex 17.4641 2.95 7.23075
      vertex 17.5517 5.9 6.98589
      vertex 17.4641 5.9 7.23075
    endloop
  endfacet
  facet normal 0.941543 0 0.336893
    outer loop
      vertex 17.5517 5.9 6.98589
      vertex 17.4641 2.95 7.23075
      vertex 17.5517 2.95 6.98589
    endloop
  endfacet
  facet normal -0.0490666 0 -0.998796
    outer loop
      vertex 20 2.95 10.65
      vertex 20.2597 5.9 10.6372
      vertex 20.2597 2.95 10.6372
    endloop
  endfacet
  facet normal -0.0490666 0 -0.998796
    outer loop
      vertex 20.2597 5.9 10.6372
      vertex 20 2.95 10.65
      vertex 20 5.9 10.65
    endloop
  endfacet
  facet normal 0.427556 0 -0.903989
    outer loop
      vertex 18.7508 2.95 10.3371
      vertex 18.9859 5.9 10.4483
      vertex 18.9859 2.95 10.4483
    endloop
  endfacet
  facet normal 0.427556 0 -0.903989
    outer loop
      vertex 18.9859 5.9 10.4483
      vertex 18.7508 2.95 10.3371
      vertex 18.7508 5.9 10.3371
    endloop
  endfacet
  facet normal 0.514104 0 -0.857728
    outer loop
      vertex 18.5277 2.95 10.2034
      vertex 18.7508 5.9 10.3371
      vertex 18.7508 2.95 10.3371
    endloop
  endfacet
  facet normal 0.514104 0 -0.857728
    outer loop
      vertex 18.7508 5.9 10.3371
      vertex 18.5277 2.95 10.2034
      vertex 18.5277 5.9 10.2034
    endloop
  endfacet
  facet normal -0.857731 0 -0.514099
    outer loop
      vertex 22.3371 2.95 9.2492
      vertex 22.2034 5.9 9.47226
      vertex 22.3371 5.9 9.2492
    endloop
  endfacet
  facet normal -0.857731 -0 -0.514099
    outer loop
      vertex 22.2034 5.9 9.47226
      vertex 22.3371 2.95 9.2492
      vertex 22.2034 2.95 9.47226
    endloop
  endfacet
  facet normal -0.427556 0 0.903989
    outer loop
      vertex 21.0141 5.9 5.55172
      vertex 21.2492 2.95 5.66291
      vertex 21.2492 5.9 5.66291
    endloop
  endfacet
  facet normal -0.427556 0 0.903989
    outer loop
      vertex 21.2492 2.95 5.66291
      vertex 21.0141 5.9 5.55172
      vertex 21.0141 2.95 5.55172
    endloop
  endfacet
  facet normal 0.595699 0 -0.803208
    outer loop
      vertex 18.3189 2.95 10.0485
      vertex 18.5277 5.9 10.2034
      vertex 18.5277 2.95 10.2034
    endloop
  endfacet
  facet normal 0.595699 0 -0.803208
    outer loop
      vertex 18.5277 5.9 10.2034
      vertex 18.3189 2.95 10.0485
      vertex 18.3189 5.9 10.0485
    endloop
  endfacet
  facet normal 0.740952 0 -0.671558
    outer loop
      vertex 18.1262 2.95 9.87383
      vertex 17.9515 5.9 9.68114
      vertex 18.1262 5.9 9.87383
    endloop
  endfacet
  facet normal 0.740952 0 -0.671558
    outer loop
      vertex 17.9515 5.9 9.68114
      vertex 18.1262 2.95 9.87383
      vertex 17.9515 2.95 9.68114
    endloop
  endfacet
  facet normal 0.998796 -0 0.0490666
    outer loop
      vertex 17.35 2.95 8
      vertex 17.3628 5.9 7.74026
      vertex 17.35 5.9 8
    endloop
  endfacet
  facet normal 0.998796 0 0.0490666
    outer loop
      vertex 17.3628 5.9 7.74026
      vertex 17.35 2.95 8
      vertex 17.3628 2.95 7.74026
    endloop
  endfacet
  facet normal 0.970033 0 -0.242971
    outer loop
      vertex 17.4641 2.95 8.76925
      vertex 17.4009 5.9 8.51699
      vertex 17.4641 5.9 8.76925
    endloop
  endfacet
  facet normal 0.970033 0 -0.242971
    outer loop
      vertex 17.4009 5.9 8.51699
      vertex 17.4641 2.95 8.76925
      vertex 17.4009 2.95 8.51699
    endloop
  endfacet
  facet normal 0.989176 0 -0.146737
    outer loop
      vertex 17.4009 2.95 8.51699
      vertex 17.3628 5.9 8.25974
      vertex 17.4009 5.9 8.51699
    endloop
  endfacet
  facet normal 0.989176 0 -0.146737
    outer loop
      vertex 17.3628 5.9 8.25974
      vertex 17.4009 2.95 8.51699
      vertex 17.3628 2.95 8.25974
    endloop
  endfacet
  facet normal 0.0490666 0 0.998796
    outer loop
      vertex 19.7403 5.9 5.36276
      vertex 20 2.95 5.35
      vertex 20 5.9 5.35
    endloop
  endfacet
  facet normal 0.0490666 0 0.998796
    outer loop
      vertex 20 2.95 5.35
      vertex 19.7403 5.9 5.36276
      vertex 19.7403 2.95 5.36276
    endloop
  endfacet
  facet normal 0.336891 0 0.941544
    outer loop
      vertex 18.9859 5.9 5.55172
      vertex 19.2307 2.95 5.46411
      vertex 19.2307 5.9 5.46411
    endloop
  endfacet
  facet normal 0.336891 0 0.941544
    outer loop
      vertex 19.2307 2.95 5.46411
      vertex 18.9859 5.9 5.55172
      vertex 18.9859 2.95 5.55172
    endloop
  endfacet
  facet normal 0.242977 0 0.970032
    outer loop
      vertex 19.2307 5.9 5.46411
      vertex 19.483 2.95 5.40092
      vertex 19.483 5.9 5.40092
    endloop
  endfacet
  facet normal 0.242977 0 0.970032
    outer loop
      vertex 19.483 2.95 5.40092
      vertex 19.2307 5.9 5.46411
      vertex 19.2307 2.95 5.46411
    endloop
  endfacet
  facet normal 0.595699 0 0.803208
    outer loop
      vertex 18.3189 5.9 5.95152
      vertex 18.5277 2.95 5.79661
      vertex 18.5277 5.9 5.79661
    endloop
  endfacet
  facet normal 0.595699 0 0.803208
    outer loop
      vertex 18.5277 2.95 5.79661
      vertex 18.3189 5.9 5.95152
      vertex 18.3189 2.95 5.95152
    endloop
  endfacet
  facet normal 0.67156 0 0.74095
    outer loop
      vertex 18.1262 5.9 6.12617
      vertex 18.3189 2.95 5.95152
      vertex 18.3189 5.9 5.95152
    endloop
  endfacet
  facet normal 0.67156 0 0.74095
    outer loop
      vertex 18.3189 2.95 5.95152
      vertex 18.1262 5.9 6.12617
      vertex 18.1262 2.95 6.12617
    endloop
  endfacet
  facet normal 0.857727 -0 0.514105
    outer loop
      vertex 17.6629 2.95 6.7508
      vertex 17.7966 5.9 6.52774
      vertex 17.6629 5.9 6.7508
    endloop
  endfacet
  facet normal 0.857727 0 0.514105
    outer loop
      vertex 17.7966 5.9 6.52774
      vertex 17.6629 2.95 6.7508
      vertex 17.7966 2.95 6.52774
    endloop
  endfacet
  facet normal 0.90399 -0 0.427553
    outer loop
      vertex 17.5517 2.95 6.98589
      vertex 17.6629 5.9 6.7508
      vertex 17.5517 5.9 6.98589
    endloop
  endfacet
  facet normal 0.90399 0 0.427553
    outer loop
      vertex 17.6629 5.9 6.7508
      vertex 17.5517 2.95 6.98589
      vertex 17.6629 2.95 6.7508
    endloop
  endfacet
  facet normal -0.671556 0 -0.740953
    outer loop
      vertex 21.6811 2.95 10.0485
      vertex 21.8738 5.9 9.87383
      vertex 21.8738 2.95 9.87383
    endloop
  endfacet
  facet normal -0.671556 0 -0.740953
    outer loop
      vertex 21.8738 5.9 9.87383
      vertex 21.6811 2.95 10.0485
      vertex 21.6811 5.9 10.0485
    endloop
  endfacet
  facet normal -0.740952 0 0.671558
    outer loop
      vertex 21.8738 2.95 6.12617
      vertex 22.0485 5.9 6.31886
      vertex 21.8738 5.9 6.12617
    endloop
  endfacet
  facet normal -0.740952 0 0.671558
    outer loop
      vertex 22.0485 5.9 6.31886
      vertex 21.8738 2.95 6.12617
      vertex 22.0485 2.95 6.31886
    endloop
  endfacet
  facet normal -0.595699 0 0.803208
    outer loop
      vertex 21.4723 5.9 5.79661
      vertex 21.6811 2.95 5.95152
      vertex 21.6811 5.9 5.95152
    endloop
  endfacet
  facet normal -0.595699 0 0.803208
    outer loop
      vertex 21.6811 2.95 5.95152
      vertex 21.4723 5.9 5.79661
      vertex 21.4723 2.95 5.79661
    endloop
  endfacet
  facet normal -0.998796 0 -0.0490666
    outer loop
      vertex 22.65 2.95 8
      vertex 22.6372 5.9 8.25974
      vertex 22.65 5.9 8
    endloop
  endfacet
  facet normal -0.998796 -0 -0.0490666
    outer loop
      vertex 22.6372 5.9 8.25974
      vertex 22.65 2.95 8
      vertex 22.6372 2.95 8.25974
    endloop
  endfacet
  facet normal 0.336889 0 -0.941544
    outer loop
      vertex 18.9859 2.95 10.4483
      vertex 19.2307 5.9 10.5359
      vertex 19.2307 2.95 10.5359
    endloop
  endfacet
  facet normal 0.336889 0 -0.941544
    outer loop
      vertex 19.2307 5.9 10.5359
      vertex 18.9859 2.95 10.4483
      vertex 18.9859 5.9 10.4483
    endloop
  endfacet
  facet normal 0.242979 0 -0.970032
    outer loop
      vertex 19.2307 2.95 10.5359
      vertex 19.483 5.9 10.5991
      vertex 19.483 2.95 10.5991
    endloop
  endfacet
  facet normal 0.242979 0 -0.970032
    outer loop
      vertex 19.483 5.9 10.5991
      vertex 19.2307 2.95 10.5359
      vertex 19.2307 5.9 10.5359
    endloop
  endfacet
  facet normal 0.671556 0 -0.740953
    outer loop
      vertex 18.1262 2.95 9.87383
      vertex 18.3189 5.9 10.0485
      vertex 18.3189 2.95 10.0485
    endloop
  endfacet
  facet normal 0.671556 0 -0.740953
    outer loop
      vertex 18.3189 5.9 10.0485
      vertex 18.1262 2.95 9.87383
      vertex 18.1262 5.9 9.87383
    endloop
  endfacet
  facet normal 0.998796 0 -0.0490666
    outer loop
      vertex 17.3628 2.95 8.25974
      vertex 17.35 5.9 8
      vertex 17.3628 5.9 8.25974
    endloop
  endfacet
  facet normal 0.998796 0 -0.0490666
    outer loop
      vertex 17.35 5.9 8
      vertex 17.3628 2.95 8.25974
      vertex 17.35 2.95 8
    endloop
  endfacet
  facet normal 0.903987 0 -0.427559
    outer loop
      vertex 17.6629 2.95 9.2492
      vertex 17.5517 5.9 9.01411
      vertex 17.6629 5.9 9.2492
    endloop
  endfacet
  facet normal 0.903987 0 -0.427559
    outer loop
      vertex 17.5517 5.9 9.01411
      vertex 17.6629 2.95 9.2492
      vertex 17.5517 2.95 9.01411
    endloop
  endfacet
  facet normal 0.941543 0 -0.336893
    outer loop
      vertex 17.5517 2.95 9.01411
      vertex 17.4641 5.9 8.76925
      vertex 17.5517 5.9 9.01411
    endloop
  endfacet
  facet normal 0.941543 0 -0.336893
    outer loop
      vertex 17.4641 5.9 8.76925
      vertex 17.5517 2.95 9.01411
      vertex 17.4641 2.95 8.76925
    endloop
  endfacet
  facet normal 0.803208 0 -0.595699
    outer loop
      vertex 17.9515 2.95 9.68114
      vertex 17.7966 5.9 9.47226
      vertex 17.9515 5.9 9.68114
    endloop
  endfacet
  facet normal 0.803208 0 -0.595699
    outer loop
      vertex 17.7966 5.9 9.47226
      vertex 17.9515 2.95 9.68114
      vertex 17.7966 2.95 9.47226
    endloop
  endfacet
  facet normal 0.857731 0 -0.514099
    outer loop
      vertex 17.7966 2.95 9.47226
      vertex 17.6629 5.9 9.2492
      vertex 17.7966 5.9 9.47226
    endloop
  endfacet
  facet normal 0.857731 0 -0.514099
    outer loop
      vertex 17.6629 5.9 9.2492
      vertex 17.7966 2.95 9.47226
      vertex 17.6629 2.95 9.2492
    endloop
  endfacet
  facet normal 0.146734 0 0.989176
    outer loop
      vertex 19.483 5.9 5.40092
      vertex 19.7403 2.95 5.36276
      vertex 19.7403 5.9 5.36276
    endloop
  endfacet
  facet normal 0.146734 0 0.989176
    outer loop
      vertex 19.7403 2.95 5.36276
      vertex 19.483 5.9 5.40092
      vertex 19.483 2.95 5.40092
    endloop
  endfacet
  facet normal 0.5141 0 0.85773
    outer loop
      vertex 18.5277 5.9 5.79661
      vertex 18.7508 2.95 5.66291
      vertex 18.7508 5.9 5.66291
    endloop
  endfacet
  facet normal 0.5141 0 0.85773
    outer loop
      vertex 18.7508 2.95 5.66291
      vertex 18.5277 5.9 5.79661
      vertex 18.5277 2.95 5.79661
    endloop
  endfacet
  facet normal 0.427556 0 0.903989
    outer loop
      vertex 18.7508 5.9 5.66291
      vertex 18.9859 2.95 5.55172
      vertex 18.9859 5.9 5.55172
    endloop
  endfacet
  facet normal 0.427556 0 0.903989
    outer loop
      vertex 18.9859 2.95 5.55172
      vertex 18.7508 5.9 5.66291
      vertex 18.7508 2.95 5.66291
    endloop
  endfacet
  facet normal 0.989177 -0 0.14673
    outer loop
      vertex 17.3628 2.95 7.74026
      vertex 17.4009 5.9 7.48301
      vertex 17.3628 5.9 7.74026
    endloop
  endfacet
  facet normal 0.989177 0 0.14673
    outer loop
      vertex 17.4009 5.9 7.48301
      vertex 17.3628 2.95 7.74026
      vertex 17.4009 2.95 7.48301
    endloop
  endfacet
  facet normal 0.970032 -0 0.242978
    outer loop
      vertex 17.4009 2.95 7.48301
      vertex 17.4641 5.9 7.23075
      vertex 17.4009 5.9 7.48301
    endloop
  endfacet
  facet normal 0.970032 0 0.242978
    outer loop
      vertex 17.4641 5.9 7.23075
      vertex 17.4009 2.95 7.48301
      vertex 17.4641 2.95 7.23075
    endloop
  endfacet
  facet normal 0.803208 -0 0.595699
    outer loop
      vertex 17.7966 2.95 6.52774
      vertex 17.9515 5.9 6.31886
      vertex 17.7966 5.9 6.52774
    endloop
  endfacet
  facet normal 0.803208 0 0.595699
    outer loop
      vertex 17.9515 5.9 6.31886
      vertex 17.7966 2.95 6.52774
      vertex 17.9515 2.95 6.31886
    endloop
  endfacet
  facet normal 0.740952 -0 0.671558
    outer loop
      vertex 17.9515 2.95 6.31886
      vertex 18.1262 5.9 6.12617
      vertex 17.9515 5.9 6.31886
    endloop
  endfacet
  facet normal 0.740952 0 0.671558
    outer loop
      vertex 18.1262 5.9 6.12617
      vertex 17.9515 2.95 6.31886
      vertex 18.1262 2.95 6.12617
    endloop
  endfacet
  facet normal -0.427556 0 -0.903989
    outer loop
      vertex 21.0141 2.95 10.4483
      vertex 21.2492 5.9 10.3371
      vertex 21.2492 2.95 10.3371
    endloop
  endfacet
  facet normal -0.427556 0 -0.903989
    outer loop
      vertex 21.2492 5.9 10.3371
      vertex 21.0141 2.95 10.4483
      vertex 21.0141 5.9 10.4483
    endloop
  endfacet
  facet normal -0.514104 0 -0.857728
    outer loop
      vertex 21.2492 2.95 10.3371
      vertex 21.4723 5.9 10.2034
      vertex 21.4723 2.95 10.2034
    endloop
  endfacet
  facet normal -0.514104 0 -0.857728
    outer loop
      vertex 21.4723 5.9 10.2034
      vertex 21.2492 2.95 10.3371
      vertex 21.2492 5.9 10.3371
    endloop
  endfacet
  facet normal -0.998796 0 0.0490666
    outer loop
      vertex 22.6372 2.95 7.74026
      vertex 22.65 5.9 8
      vertex 22.6372 5.9 7.74026
    endloop
  endfacet
  facet normal -0.998796 0 0.0490666
    outer loop
      vertex 22.65 5.9 8
      vertex 22.6372 2.95 7.74026
      vertex 22.65 2.95 8
    endloop
  endfacet
  facet normal -0.0490666 0 0.998796
    outer loop
      vertex 20 5.9 5.35
      vertex 20.2597 2.95 5.36276
      vertex 20.2597 5.9 5.36276
    endloop
  endfacet
  facet normal -0.0490666 0 0.998796
    outer loop
      vertex 20.2597 2.95 5.36276
      vertex 20 5.9 5.35
      vertex 20 2.95 5.35
    endloop
  endfacet
  facet normal -0.336889 0 0.941544
    outer loop
      vertex 20.7693 5.9 5.46411
      vertex 21.0141 2.95 5.55172
      vertex 21.0141 5.9 5.55172
    endloop
  endfacet
  facet normal -0.336889 0 0.941544
    outer loop
      vertex 21.0141 2.95 5.55172
      vertex 20.7693 5.9 5.46411
      vertex 20.7693 2.95 5.46411
    endloop
  endfacet
  facet normal -0.242979 0 0.970032
    outer loop
      vertex 20.517 5.9 5.40092
      vertex 20.7693 2.95 5.46411
      vertex 20.7693 5.9 5.46411
    endloop
  endfacet
  facet normal -0.242979 0 0.970032
    outer loop
      vertex 20.7693 2.95 5.46411
      vertex 20.517 5.9 5.40092
      vertex 20.517 2.95 5.40092
    endloop
  endfacet
  facet normal -0.514104 0 0.857728
    outer loop
      vertex 21.2492 5.9 5.66291
      vertex 21.4723 2.95 5.79661
      vertex 21.4723 5.9 5.79661
    endloop
  endfacet
  facet normal -0.514104 0 0.857728
    outer loop
      vertex 21.4723 2.95 5.79661
      vertex 21.2492 5.9 5.66291
      vertex 21.2492 2.95 5.66291
    endloop
  endfacet
  facet normal -0.671556 0 0.740953
    outer loop
      vertex 21.6811 5.9 5.95152
      vertex 21.8738 2.95 6.12617
      vertex 21.8738 5.9 6.12617
    endloop
  endfacet
  facet normal -0.671556 0 0.740953
    outer loop
      vertex 21.8738 2.95 6.12617
      vertex 21.6811 5.9 5.95152
      vertex 21.6811 2.95 5.95152
    endloop
  endfacet
  facet normal -0.989176 0 -0.146737
    outer loop
      vertex 22.6372 2.95 8.25974
      vertex 22.5991 5.9 8.51699
      vertex 22.6372 5.9 8.25974
    endloop
  endfacet
  facet normal -0.989176 -0 -0.146737
    outer loop
      vertex 22.5991 5.9 8.51699
      vertex 22.6372 2.95 8.25974
      vertex 22.5991 2.95 8.51699
    endloop
  endfacet
  facet normal -0.941543 0 -0.336893
    outer loop
      vertex 22.5359 2.95 8.76925
      vertex 22.4483 5.9 9.01411
      vertex 22.5359 5.9 8.76925
    endloop
  endfacet
  facet normal -0.941543 -0 -0.336893
    outer loop
      vertex 22.4483 5.9 9.01411
      vertex 22.5359 2.95 8.76925
      vertex 22.4483 2.95 9.01411
    endloop
  endfacet
  facet normal -0.903987 0 -0.427559
    outer loop
      vertex 22.4483 2.95 9.01411
      vertex 22.3371 5.9 9.2492
      vertex 22.4483 5.9 9.01411
    endloop
  endfacet
  facet normal -0.903987 -0 -0.427559
    outer loop
      vertex 22.3371 5.9 9.2492
      vertex 22.4483 2.95 9.01411
      vertex 22.3371 2.95 9.2492
    endloop
  endfacet
  facet normal 0.146734 0 -0.989176
    outer loop
      vertex 19.483 2.95 10.5991
      vertex 19.7403 5.9 10.6372
      vertex 19.7403 2.95 10.6372
    endloop
  endfacet
  facet normal 0.146734 0 -0.989176
    outer loop
      vertex 19.7403 5.9 10.6372
      vertex 19.483 2.95 10.5991
      vertex 19.483 5.9 10.5991
    endloop
  endfacet
  facet normal -0.242979 0 -0.970032
    outer loop
      vertex 20.517 2.95 10.5991
      vertex 20.7693 5.9 10.5359
      vertex 20.7693 2.95 10.5359
    endloop
  endfacet
  facet normal -0.242979 0 -0.970032
    outer loop
      vertex 20.7693 5.9 10.5359
      vertex 20.517 2.95 10.5991
      vertex 20.517 5.9 10.5991
    endloop
  endfacet
  facet normal -0.146734 0 -0.989176
    outer loop
      vertex 20.2597 2.95 10.6372
      vertex 20.517 5.9 10.5991
      vertex 20.517 2.95 10.5991
    endloop
  endfacet
  facet normal -0.146734 0 -0.989176
    outer loop
      vertex 20.517 5.9 10.5991
      vertex 20.2597 2.95 10.6372
      vertex 20.2597 5.9 10.6372
    endloop
  endfacet
  facet normal -0.740952 0 -0.671558
    outer loop
      vertex 22.0485 2.95 9.68114
      vertex 21.8738 5.9 9.87383
      vertex 22.0485 5.9 9.68114
    endloop
  endfacet
  facet normal -0.740952 -0 -0.671558
    outer loop
      vertex 21.8738 5.9 9.87383
      vertex 22.0485 2.95 9.68114
      vertex 21.8738 2.95 9.87383
    endloop
  endfacet
  facet normal -0.803208 0 -0.595699
    outer loop
      vertex 22.2034 2.95 9.47226
      vertex 22.0485 5.9 9.68114
      vertex 22.2034 5.9 9.47226
    endloop
  endfacet
  facet normal -0.803208 -0 -0.595699
    outer loop
      vertex 22.0485 5.9 9.68114
      vertex 22.2034 2.95 9.47226
      vertex 22.0485 2.95 9.68114
    endloop
  endfacet
  facet normal -0.595699 0 -0.803208
    outer loop
      vertex 21.4723 2.95 10.2034
      vertex 21.6811 5.9 10.0485
      vertex 21.6811 2.95 10.0485
    endloop
  endfacet
  facet normal -0.595699 0 -0.803208
    outer loop
      vertex 21.6811 5.9 10.0485
      vertex 21.4723 2.95 10.2034
      vertex 21.4723 5.9 10.2034
    endloop
  endfacet
  facet normal -0.336889 0 -0.941544
    outer loop
      vertex 20.7693 2.95 10.5359
      vertex 21.0141 5.9 10.4483
      vertex 21.0141 2.95 10.4483
    endloop
  endfacet
  facet normal -0.336889 0 -0.941544
    outer loop
      vertex 21.0141 5.9 10.4483
      vertex 20.7693 2.95 10.5359
      vertex 20.7693 5.9 10.5359
    endloop
  endfacet
  facet normal -0.941545 0 0.336887
    outer loop
      vertex 22.4483 2.95 6.98589
      vertex 22.5359 5.9 7.23075
      vertex 22.4483 5.9 6.98589
    endloop
  endfacet
  facet normal -0.941545 0 0.336887
    outer loop
      vertex 22.5359 5.9 7.23075
      vertex 22.4483 2.95 6.98589
      vertex 22.5359 2.95 7.23075
    endloop
  endfacet
  facet normal -0.146734 0 0.989176
    outer loop
      vertex 20.2597 5.9 5.36276
      vertex 20.517 2.95 5.40092
      vertex 20.517 5.9 5.40092
    endloop
  endfacet
  facet normal -0.146734 0 0.989176
    outer loop
      vertex 20.517 2.95 5.40092
      vertex 20.2597 5.9 5.36276
      vertex 20.2597 2.95 5.36276
    endloop
  endfacet
  facet normal -0.970033 0 -0.242971
    outer loop
      vertex 22.5991 2.95 8.51699
      vertex 22.5359 5.9 8.76925
      vertex 22.5991 5.9 8.51699
    endloop
  endfacet
  facet normal -0.970033 -0 -0.242971
    outer loop
      vertex 22.5359 5.9 8.76925
      vertex 22.5991 2.95 8.51699
      vertex 22.5359 2.95 8.76925
    endloop
  endfacet
  facet normal -0.803208 0 0.595699
    outer loop
      vertex 22.0485 2.95 6.31886
      vertex 22.2034 5.9 6.52774
      vertex 22.0485 5.9 6.31886
    endloop
  endfacet
  facet normal -0.803208 0 0.595699
    outer loop
      vertex 22.2034 5.9 6.52774
      vertex 22.0485 2.95 6.31886
      vertex 22.2034 2.95 6.52774
    endloop
  endfacet
  facet normal -0.857731 0 0.514099
    outer loop
      vertex 22.2034 2.95 6.52774
      vertex 22.3371 5.9 6.7508
      vertex 22.2034 5.9 6.52774
    endloop
  endfacet
  facet normal -0.857731 0 0.514099
    outer loop
      vertex 22.3371 5.9 6.7508
      vertex 22.2034 2.95 6.52774
      vertex 22.3371 2.95 6.7508
    endloop
  endfacet
  facet normal -0.903987 0 0.427559
    outer loop
      vertex 22.3371 2.95 6.7508
      vertex 22.4483 5.9 6.98589
      vertex 22.3371 5.9 6.7508
    endloop
  endfacet
  facet normal -0.903987 0 0.427559
    outer loop
      vertex 22.4483 5.9 6.98589
      vertex 22.3371 2.95 6.7508
      vertex 22.4483 2.95 6.98589
    endloop
  endfacet
  facet normal -0.970032 0 0.242978
    outer loop
      vertex 22.5359 2.95 7.23075
      vertex 22.5991 5.9 7.48301
      vertex 22.5359 5.9 7.23075
    endloop
  endfacet
  facet normal -0.970032 0 0.242978
    outer loop
      vertex 22.5991 5.9 7.48301
      vertex 22.5359 2.95 7.23075
      vertex 22.5991 2.95 7.48301
    endloop
  endfacet
  facet normal -0.989176 0 0.146737
    outer loop
      vertex 22.5991 2.95 7.48301
      vertex 22.6372 5.9 7.74026
      vertex 22.5991 5.9 7.48301
    endloop
  endfacet
  facet normal -0.989176 0 0.146737
    outer loop
      vertex 22.6372 5.9 7.74026
      vertex 22.5991 2.95 7.48301
      vertex 22.6372 2.95 7.74026
    endloop
  endfacet
  facet normal -2.22045e-16 0 -1
    outer loop
      vertex 12 9.35 1.77636e-15
      vertex 20 12.3 0
      vertex 20 9.35 0
    endloop
  endfacet
  facet normal -2.22045e-16 0 -1
    outer loop
      vertex 20 12.3 0
      vertex 12 9.35 1.77636e-15
      vertex 12 12.3 1.77636e-15
    endloop
  endfacet
  facet normal -1 0 0
    outer loop
      vertex 12 9.35 8
      vertex 12 12.3 16
      vertex 12 12.3 8
    endloop
  endfacet
  facet normal -1 -0 0
    outer loop
      vertex 12 12.3 16
      vertex 12 9.35 8
      vertex 12 9.35 16
    endloop
  endfacet
  facet normal -0 0 1
    outer loop
      vertex 12 12.3 16
      vertex 20 9.35 16
      vertex 20 12.3 16
    endloop
  endfacet
  facet normal 0 0 1
    outer loop
      vertex 20 9.35 16
      vertex 12 12.3 16
      vertex 12 9.35 16
    endloop
  endfacet
  facet normal 0 -1 0
    outer loop
      vertex 18.5277 9.35 10.2034
      vertex 20 9.35 16
      vertex 12 9.35 16
    endloop
  endfacet
  facet normal -0 -1 0
    outer loop
      vertex 18.9859 9.35 10.4483
      vertex 20 9.35 16
      vertex 18.7508 9.35 10.3371
    endloop
  endfacet
  facet normal -0 -1 0
    outer loop
      vertex 19.483 9.35 10.5991
      vertex 20 9.35 16
      vertex 19.2307 9.35 10.5359
    endloop
  endfacet
  facet normal -0 -1 0
    outer loop
      vertex 19.7403 9.35 10.6372
      vertex 20 9.35 16
      vertex 19.483 9.35 10.5991
    endloop
  endfacet
  facet normal 0 -1 0
    outer loop
      vertex 20 9.35 16
      vertex 20 9.35 10.65
      vertex 20.7841 9.35 15.9615
    endloop
  endfacet
  facet normal 0 -1 -0
    outer loop
      vertex 20.7841 9.35 15.9615
      vertex 20.2597 9.35 10.6372
      vertex 21.5607 9.35 15.8463
    endloop
  endfacet
  facet normal 0 -1 0
    outer loop
      vertex 20.517 9.35 10.5991
      vertex 21.5607 9.35 15.8463
      vertex 20.2597 9.35 10.6372
    endloop
  endfacet
  facet normal 0 -1 0
    outer loop
      vertex 20.7693 9.35 10.5359
      vertex 22.3223 9.35 15.6555
      vertex 20.517 9.35 10.5991
    endloop
  endfacet
  facet normal 0 -1 0
    outer loop
      vertex 21.0141 9.35 10.4483
      vertex 23.0615 9.35 15.391
      vertex 20.7693 9.35 10.5359
    endloop
  endfacet
  facet normal 0 -1 -0
    outer loop
      vertex 23.0615 9.35 15.391
      vertex 21.0141 9.35 10.4483
      vertex 23.7712 9.35 15.0554
    endloop
  endfacet
  facet normal 0 -1 -0
    outer loop
      vertex 23.7712 9.35 15.0554
      vertex 21.2492 9.35 10.3371
      vertex 24.4446 9.35 14.6518
    endloop
  endfacet
  facet normal 0 -1 0
    outer loop
      vertex 21.4723 9.35 10.2034
      vertex 24.4446 9.35 14.6518
      vertex 21.2492 9.35 10.3371
    endloop
  endfacet
  facet normal 0 -1 0
    outer loop
      vertex 21.2492 9.35 10.3371
      vertex 23.7712 9.35 15.0554
      vertex 21.0141 9.35 10.4483
    endloop
  endfacet
  facet normal 0 -1 -0
    outer loop
      vertex 22.3223 9.35 15.6555
      vertex 20.7693 9.35 10.5359
      vertex 23.0615 9.35 15.391
    endloop
  endfacet
  facet normal 0 -1 -0
    outer loop
      vertex 21.5607 9.35 15.8463
      vertex 20.517 9.35 10.5991
      vertex 22.3223 9.35 15.6555
    endloop
  endfacet
  facet normal 0 -1 0
    outer loop
      vertex 20.2597 9.35 10.6372
      vertex 20.7841 9.35 15.9615
      vertex 20 9.35 10.65
    endloop
  endfacet
  facet normal -0 -1 0
    outer loop
      vertex 20 9.35 10.65
      vertex 20 9.35 16
      vertex 19.7403 9.35 10.6372
    endloop
  endfacet
  facet normal -0 -1 0
    outer loop
      vertex 19.2307 9.35 10.5359
      vertex 20 9.35 16
      vertex 18.9859 9.35 10.4483
    endloop
  endfacet
  facet normal 0 -1 0
    outer loop
      vertex 20 9.35 16
      vertex 18.5277 9.35 10.2034
      vertex 18.7508 9.35 10.3371
    endloop
  endfacet
  facet normal 0 -1 0
    outer loop
      vertex 12 9.35 16
      vertex 18.3189 9.35 10.0485
      vertex 18.5277 9.35 10.2034
    endloop
  endfacet
  facet normal 0 -1 0
    outer loop
      vertex 12 9.35 16
      vertex 18.1262 9.35 9.87383
      vertex 18.3189 9.35 10.0485
    endloop
  endfacet
  facet normal 0 -1 0
    outer loop
      vertex 12 9.35 16
      vertex 17.9515 9.35 9.68114
      vertex 18.1262 9.35 9.87383
    endloop
  endfacet
  facet normal 0 -1 0
    outer loop
      vertex 12 9.35 16
      vertex 17.7966 9.35 9.47226
      vertex 17.9515 9.35 9.68114
    endloop
  endfacet
  facet normal 0 -1 0
    outer loop
      vertex 12 9.35 8
      vertex 17.7966 9.35 9.47226
      vertex 12 9.35 16
    endloop
  endfacet
  facet normal 0 -1 0
    outer loop
      vertex 17.7966 9.35 9.47226
      vertex 12 9.35 8
      vertex 17.6629 9.35 9.2492
    endloop
  endfacet
  facet normal 0 -1 0
    outer loop
      vertex 17.6629 9.35 9.2492
      vertex 12 9.35 8
      vertex 17.5517 9.35 9.01411
    endloop
  endfacet
  facet normal 0 -1 0
    outer loop
      vertex 17.5517 9.35 9.01411
      vertex 12 9.35 8
      vertex 17.4641 9.35 8.76925
    endloop
  endfacet
  facet normal 0 -1 0
    outer loop
      vertex 17.4641 9.35 8.76925
      vertex 12 9.35 8
      vertex 17.4009 9.35 8.51699
    endloop
  endfacet
  facet normal 0 -1 0
    outer loop
      vertex 17.4009 9.35 8.51699
      vertex 12 9.35 8
      vertex 17.3628 9.35 8.25974
    endloop
  endfacet
  facet normal 0 -1 0
    outer loop
      vertex 12 9.35 8
      vertex 17.35 9.35 8
      vertex 17.3628 9.35 8.25974
    endloop
  endfacet
  facet normal 0 -1 0
    outer loop
      vertex 12 9.35 8
      vertex 17.3628 9.35 7.74026
      vertex 17.35 9.35 8
    endloop
  endfacet
  facet normal 0 -1 0
    outer loop
      vertex 12 9.35 8
      vertex 17.4009 9.35 7.48301
      vertex 17.3628 9.35 7.74026
    endloop
  endfacet
  facet normal 0 -1 0
    outer loop
      vertex 12 9.35 8
      vertex 17.4641 9.35 7.23075
      vertex 17.4009 9.35 7.48301
    endloop
  endfacet
  facet normal 0 -1 0
    outer loop
      vertex 12 9.35 8
      vertex 17.5517 9.35 6.98589
      vertex 17.4641 9.35 7.23075
    endloop
  endfacet
  facet normal 0 -1 0
    outer loop
      vertex 12 9.35 8
      vertex 17.6629 9.35 6.7508
      vertex 17.5517 9.35 6.98589
    endloop
  endfacet
  facet normal 0 -1 0
    outer loop
      vertex 12 9.35 8
      vertex 17.7966 9.35 6.52774
      vertex 17.6629 9.35 6.7508
    endloop
  endfacet
  facet normal 0 -1 0
    outer loop
      vertex 12 9.35 1.77636e-15
      vertex 17.7966 9.35 6.52774
      vertex 12 9.35 8
    endloop
  endfacet
  facet normal 0 -1 -0
    outer loop
      vertex 17.7966 9.35 6.52774
      vertex 12 9.35 1.77636e-15
      vertex 17.9515 9.35 6.31886
    endloop
  endfacet
  facet normal 0 -1 -0
    outer loop
      vertex 17.9515 9.35 6.31886
      vertex 12 9.35 1.77636e-15
      vertex 18.1262 9.35 6.12617
    endloop
  endfacet
  facet normal 0 -1 -0
    outer loop
      vertex 18.1262 9.35 6.12617
      vertex 12 9.35 1.77636e-15
      vertex 18.3189 9.35 5.95152
    endloop
  endfacet
  facet normal 0 -1 -0
    outer loop
      vertex 18.3189 9.35 5.95152
      vertex 12 9.35 1.77636e-15
      vertex 18.5277 9.35 5.79661
    endloop
  endfacet
  facet normal 0 -1 0
    outer loop
      vertex 20 9.35 0
      vertex 18.5277 9.35 5.79661
      vertex 12 9.35 1.77636e-15
    endloop
  endfacet
  facet normal 0 -1 0
    outer loop
      vertex 18.5277 9.35 5.79661
      vertex 20 9.35 0
      vertex 18.7508 9.35 5.66291
    endloop
  endfacet
  facet normal 0 -1 0
    outer loop
      vertex 20 9.35 0
      vertex 20 9.35 5.35
      vertex 19.7403 9.35 5.36276
    endloop
  endfacet
  facet normal 0 -1 0
    outer loop
      vertex 20 9.35 5.35
      vertex 27.0554 9.35 4.22883
      vertex 27.391 9.35 4.93853
    endloop
  endfacet
  facet normal 0 -1 0
    outer loop
      vertex 20 9.35 0
      vertex 19.7403 9.35 5.36276
      vertex 19.483 9.35 5.40092
    endloop
  endfacet
  facet normal 0 -1 0
    outer loop
      vertex 20 9.35 5.35
      vertex 26.6518 9.35 3.55544
      vertex 27.0554 9.35 4.22883
    endloop
  endfacet
  facet normal 0 -1 0
    outer loop
      vertex 20 9.35 0
      vertex 19.483 9.35 5.40092
      vertex 19.2307 9.35 5.46411
    endloop
  endfacet
  facet normal 0 -1 0
    outer loop
      vertex 20 9.35 5.35
      vertex 26.1841 9.35 2.92485
      vertex 26.6518 9.35 3.55544
    endloop
  endfacet
  facet normal 0 -1 0
    outer loop
      vertex 18.7508 9.35 5.66291
      vertex 20 9.35 0
      vertex 18.9859 9.35 5.55172
    endloop
  endfacet
  facet normal 0 -1 0
    outer loop
      vertex 20 9.35 5.35
      vertex 25.6569 9.35 2.34315
      vertex 26.1841 9.35 2.92485
    endloop
  endfacet
  facet normal 0 -1 0
    outer loop
      vertex 20 9.35 5.35
      vertex 25.0751 9.35 1.81592
      vertex 25.6569 9.35 2.34315
    endloop
  endfacet
  facet normal 0 -1 0
    outer loop
      vertex 20 9.35 5.35
      vertex 24.4446 9.35 1.34824
      vertex 25.0751 9.35 1.81592
    endloop
  endfacet
  facet normal 0 -1 0
    outer loop
      vertex 20 9.35 5.35
      vertex 23.7712 9.35 0.944631
      vertex 24.4446 9.35 1.34824
    endloop
  endfacet
  facet normal 0 -1 0
    outer loop
      vertex 20 9.35 5.35
      vertex 23.0615 9.35 0.608964
      vertex 23.7712 9.35 0.944631
    endloop
  endfacet
  facet normal 0 -1 0
    outer loop
      vertex 20 9.35 5.35
      vertex 22.3223 9.35 0.344478
      vertex 23.0615 9.35 0.608964
    endloop
  endfacet
  facet normal 0 -1 0
    outer loop
      vertex 20 9.35 5.35
      vertex 21.5607 9.35 0.153718
      vertex 22.3223 9.35 0.344478
    endloop
  endfacet
  facet normal 0 -1 0
    outer loop
      vertex 20 9.35 5.35
      vertex 20.7841 9.35 0.0385227
      vertex 21.5607 9.35 0.153718
    endloop
  endfacet
  facet normal 0 -1 0
    outer loop
      vertex 18.9859 9.35 5.55172
      vertex 20 9.35 0
      vertex 19.2307 9.35 5.46411
    endloop
  endfacet
  facet normal 0 -1 0
    outer loop
      vertex 20 9.35 5.35
      vertex 20 9.35 0
      vertex 20.7841 9.35 0.0385227
    endloop
  endfacet
  facet normal 0 -1 -0
    outer loop
      vertex 24.4446 9.35 14.6518
      vertex 21.4723 9.35 10.2034
      vertex 25.0751 9.35 14.1841
    endloop
  endfacet
  facet normal 0 -1 0
    outer loop
      vertex 21.6811 9.35 10.0485
      vertex 25.0751 9.35 14.1841
      vertex 21.4723 9.35 10.2034
    endloop
  endfacet
  facet normal 0 -1 -0
    outer loop
      vertex 25.0751 9.35 14.1841
      vertex 21.6811 9.35 10.0485
      vertex 25.6569 9.35 13.6569
    endloop
  endfacet
  facet normal 0 -1 0
    outer loop
      vertex 21.8738 9.35 9.87383
      vertex 25.6569 9.35 13.6569
      vertex 21.6811 9.35 10.0485
    endloop
  endfacet
  facet normal 0 -1 -0
    outer loop
      vertex 25.6569 9.35 13.6569
      vertex 21.8738 9.35 9.87383
      vertex 26.1841 9.35 13.0751
    endloop
  endfacet
  facet normal 0 -1 0
    outer loop
      vertex 22.0485 9.35 9.68114
      vertex 26.1841 9.35 13.0751
      vertex 21.8738 9.35 9.87383
    endloop
  endfacet
  facet normal 0 -1 -0
    outer loop
      vertex 26.1841 9.35 13.0751
      vertex 22.0485 9.35 9.68114
      vertex 26.6518 9.35 12.4446
    endloop
  endfacet
  facet normal 0 -1 0
    outer loop
      vertex 22.2034 9.35 9.47226
      vertex 26.6518 9.35 12.4446
      vertex 22.0485 9.35 9.68114
    endloop
  endfacet
  facet normal 0 -1 -0
    outer loop
      vertex 26.6518 9.35 12.4446
      vertex 22.2034 9.35 9.47226
      vertex 27.0554 9.35 11.7712
    endloop
  endfacet
  facet normal 0 -1 0
    outer loop
      vertex 22.3371 9.35 9.2492
      vertex 27.0554 9.35 11.7712
      vertex 22.2034 9.35 9.47226
    endloop
  endfacet
  facet normal 0 -1 -0
    outer loop
      vertex 27.0554 9.35 11.7712
      vertex 22.3371 9.35 9.2492
      vertex 27.391 9.35 11.0615
    endloop
  endfacet
  facet normal 0 -1 0
    outer loop
      vertex 22.4483 9.35 9.01411
      vertex 27.391 9.35 11.0615
      vertex 22.3371 9.35 9.2492
    endloop
  endfacet
  facet normal 0 -1 -0
    outer loop
      vertex 27.391 9.35 11.0615
      vertex 22.4483 9.35 9.01411
      vertex 27.6555 9.35 10.3223
    endloop
  endfacet
  facet normal 0 -1 0
    outer loop
      vertex 22.5359 9.35 8.76925
      vertex 27.6555 9.35 10.3223
      vertex 22.4483 9.35 9.01411
    endloop
  endfacet
  facet normal 0 -1 -0
    outer loop
      vertex 27.6555 9.35 10.3223
      vertex 22.5359 9.35 8.76925
      vertex 27.8463 9.35 9.56072
    endloop
  endfacet
  facet normal 0 -1 0
    outer loop
      vertex 22.5991 9.35 8.51699
      vertex 27.8463 9.35 9.56072
      vertex 22.5359 9.35 8.76925
    endloop
  endfacet
  facet normal 0 -1 -0
    outer loop
      vertex 27.8463 9.35 9.56072
      vertex 22.5991 9.35 8.51699
      vertex 27.9615 9.35 8.78414
    endloop
  endfacet
  facet normal 0 -1 0
    outer loop
      vertex 22.6372 9.35 8.25974
      vertex 27.9615 9.35 8.78414
      vertex 22.5991 9.35 8.51699
    endloop
  endfacet
  facet normal 0 -1 0
    outer loop
      vertex 22.65 9.35 8
      vertex 27.9615 9.35 8.78414
      vertex 22.6372 9.35 8.25974
    endloop
  endfacet
  facet normal 0 -1 0
    outer loop
      vertex 22.65 9.35 8
      vertex 28 9.35 8
      vertex 27.9615 9.35 8.78414
    endloop
  endfacet
  facet normal 0 -1 0
    outer loop
      vertex 22.6372 9.35 7.74026
      vertex 28 9.35 8
      vertex 22.65 9.35 8
    endloop
  endfacet
  facet normal 0 -1 0
    outer loop
      vertex 27.9615 9.35 7.21586
      vertex 22.6372 9.35 7.74026
      vertex 22.5991 9.35 7.48301
    endloop
  endfacet
  facet normal 0 -1 0
    outer loop
      vertex 27.8463 9.35 6.43928
      vertex 22.5991 9.35 7.48301
      vertex 22.5359 9.35 7.23075
    endloop
  endfacet
  facet normal 0 -1 0
    outer loop
      vertex 22.6372 9.35 7.74026
      vertex 27.9615 9.35 7.21586
      vertex 28 9.35 8
    endloop
  endfacet
  facet normal 0 -1 0
    outer loop
      vertex 27.6555 9.35 5.67772
      vertex 22.5359 9.35 7.23075
      vertex 22.4483 9.35 6.98589
    endloop
  endfacet
  facet normal 0 -1 0
    outer loop
      vertex 27.391 9.35 4.93853
      vertex 22.4483 9.35 6.98589
      vertex 22.3371 9.35 6.7508
    endloop
  endfacet
  facet normal 0 -1 0
    outer loop
      vertex 27.391 9.35 4.93853
      vertex 22.3371 9.35 6.7508
      vertex 22.2034 9.35 6.52774
    endloop
  endfacet
  facet normal 0 -1 0
    outer loop
      vertex 22.5991 9.35 7.48301
      vertex 27.8463 9.35 6.43928
      vertex 27.9615 9.35 7.21586
    endloop
  endfacet
  facet normal 0 -1 0
    outer loop
      vertex 27.391 9.35 4.93853
      vertex 22.2034 9.35 6.52774
      vertex 22.0485 9.35 6.31886
    endloop
  endfacet
  facet normal 0 -1 0
    outer loop
      vertex 27.391 9.35 4.93853
      vertex 22.0485 9.35 6.31886
      vertex 21.8738 9.35 6.12617
    endloop
  endfacet
  facet normal 0 -1 0
    outer loop
      vertex 27.391 9.35 4.93853
      vertex 21.8738 9.35 6.12617
      vertex 21.6811 9.35 5.95152
    endloop
  endfacet
  facet normal 0 -1 0
    outer loop
      vertex 27.391 9.35 4.93853
      vertex 21.6811 9.35 5.95152
      vertex 21.4723 9.35 5.79661
    endloop
  endfacet
  facet normal 0 -1 0
    outer loop
      vertex 22.5359 9.35 7.23075
      vertex 27.6555 9.35 5.67772
      vertex 27.8463 9.35 6.43928
    endloop
  endfacet
  facet normal 0 -1 0
    outer loop
      vertex 27.391 9.35 4.93853
      vertex 21.4723 9.35 5.79661
      vertex 21.2492 9.35 5.66291
    endloop
  endfacet
  facet normal 0 -1 0
    outer loop
      vertex 27.391 9.35 4.93853
      vertex 21.2492 9.35 5.66291
      vertex 21.0141 9.35 5.55172
    endloop
  endfacet
  facet normal 0 -1 0
    outer loop
      vertex 27.391 9.35 4.93853
      vertex 21.0141 9.35 5.55172
      vertex 20.7693 9.35 5.46411
    endloop
  endfacet
  facet normal 0 -1 0
    outer loop
      vertex 27.391 9.35 4.93853
      vertex 20.7693 9.35 5.46411
      vertex 20.517 9.35 5.40092
    endloop
  endfacet
  facet normal 0 -1 0
    outer loop
      vertex 27.391 9.35 4.93853
      vertex 20.517 9.35 5.40092
      vertex 20.2597 9.35 5.36276
    endloop
  endfacet
  facet normal 0 -1 0
    outer loop
      vertex 27.391 9.35 4.93853
      vertex 20.2597 9.35 5.36276
      vertex 20 9.35 5.35
    endloop
  endfacet
  facet normal 0 -1 0
    outer loop
      vertex 22.4483 9.35 6.98589
      vertex 27.391 9.35 4.93853
      vertex 27.6555 9.35 5.67772
    endloop
  endfacet
  facet normal 0 1 0
    outer loop
      vertex 20.7841 12.3 15.9615
      vertex 20.2597 12.3 10.6372
      vertex 20 12.3 10.65
    endloop
  endfacet
  facet normal 0 1 0
    outer loop
      vertex 27.0554 12.3 11.7712
      vertex 20.517 12.3 10.5991
      vertex 20.2597 12.3 10.6372
    endloop
  endfacet
  facet normal 0 1 0
    outer loop
      vertex 27.0554 12.3 11.7712
      vertex 20.7693 12.3 10.5359
      vertex 20.517 12.3 10.5991
    endloop
  endfacet
  facet normal 0 1 0
    outer loop
      vertex 27.0554 12.3 11.7712
      vertex 21.0141 12.3 10.4483
      vertex 20.7693 12.3 10.5359
    endloop
  endfacet
  facet normal 0 1 0
    outer loop
      vertex 27.0554 12.3 11.7712
      vertex 21.2492 12.3 10.3371
      vertex 21.0141 12.3 10.4483
    endloop
  endfacet
  facet normal 0 1 0
    outer loop
      vertex 22.4483 12.3 9.01411
      vertex 27.391 12.3 11.0615
      vertex 27.6555 12.3 10.3223
    endloop
  endfacet
  facet normal 0 1 0
    outer loop
      vertex 27.0554 12.3 11.7712
      vertex 21.4723 12.3 10.2034
      vertex 21.2492 12.3 10.3371
    endloop
  endfacet
  facet normal 0 1 0
    outer loop
      vertex 27.0554 12.3 11.7712
      vertex 21.6811 12.3 10.0485
      vertex 21.4723 12.3 10.2034
    endloop
  endfacet
  facet normal 0 1 0
    outer loop
      vertex 27.0554 12.3 11.7712
      vertex 21.8738 12.3 9.87383
      vertex 21.6811 12.3 10.0485
    endloop
  endfacet
  facet normal 0 1 0
    outer loop
      vertex 27.0554 12.3 11.7712
      vertex 22.0485 12.3 9.68114
      vertex 21.8738 12.3 9.87383
    endloop
  endfacet
  facet normal 0 1 0
    outer loop
      vertex 22.5359 12.3 8.76925
      vertex 27.6555 12.3 10.3223
      vertex 27.8463 12.3 9.56072
    endloop
  endfacet
  facet normal 0 1 0
    outer loop
      vertex 27.0554 12.3 11.7712
      vertex 22.2034 12.3 9.47226
      vertex 22.0485 12.3 9.68114
    endloop
  endfacet
  facet normal 0 1 0
    outer loop
      vertex 27.0554 12.3 11.7712
      vertex 22.3371 12.3 9.2492
      vertex 22.2034 12.3 9.47226
    endloop
  endfacet
  facet normal 0 1 0
    outer loop
      vertex 27.391 12.3 11.0615
      vertex 22.4483 12.3 9.01411
      vertex 22.3371 12.3 9.2492
    endloop
  endfacet
  facet normal 0 1 0
    outer loop
      vertex 22.5991 12.3 8.51699
      vertex 27.8463 12.3 9.56072
      vertex 27.9615 12.3 8.78414
    endloop
  endfacet
  facet normal 0 1 0
    outer loop
      vertex 27.6555 12.3 10.3223
      vertex 22.5359 12.3 8.76925
      vertex 22.4483 12.3 9.01411
    endloop
  endfacet
  facet normal 0 1 0
    outer loop
      vertex 27.8463 12.3 9.56072
      vertex 22.5991 12.3 8.51699
      vertex 22.5359 12.3 8.76925
    endloop
  endfacet
  facet normal 0 1 0
    outer loop
      vertex 27.9615 12.3 8.78414
      vertex 22.6372 12.3 8.25974
      vertex 22.5991 12.3 8.51699
    endloop
  endfacet
  facet normal 0 1 0
    outer loop
      vertex 28 12.3 8
      vertex 22.6372 12.3 8.25974
      vertex 27.9615 12.3 8.78414
    endloop
  endfacet
  facet normal 0 1 0
    outer loop
      vertex 28 12.3 8
      vertex 22.65 12.3 8
      vertex 22.6372 12.3 8.25974
    endloop
  endfacet
  facet normal 0 1 0
    outer loop
      vertex 28 12.3 8
      vertex 22.6372 12.3 7.74026
      vertex 22.65 12.3 8
    endloop
  endfacet
  facet normal 0 1 -0
    outer loop
      vertex 27.9615 12.3 7.21586
      vertex 22.6372 12.3 7.74026
      vertex 28 12.3 8
    endloop
  endfacet
  facet normal 0 1 0
    outer loop
      vertex 22.6372 12.3 7.74026
      vertex 27.9615 12.3 7.21586
      vertex 22.5991 12.3 7.48301
    endloop
  endfacet
  facet normal 0 1 -0
    outer loop
      vertex 27.8463 12.3 6.43928
      vertex 22.5991 12.3 7.48301
      vertex 27.9615 12.3 7.21586
    endloop
  endfacet
  facet normal 0 1 0
    outer loop
      vertex 22.5991 12.3 7.48301
      vertex 27.8463 12.3 6.43928
      vertex 22.5359 12.3 7.23075
    endloop
  endfacet
  facet normal 0 1 -0
    outer loop
      vertex 27.6555 12.3 5.67772
      vertex 22.5359 12.3 7.23075
      vertex 27.8463 12.3 6.43928
    endloop
  endfacet
  facet normal 0 1 0
    outer loop
      vertex 22.5359 12.3 7.23075
      vertex 27.6555 12.3 5.67772
      vertex 22.4483 12.3 6.98589
    endloop
  endfacet
  facet normal 0 1 -0
    outer loop
      vertex 27.391 12.3 4.93853
      vertex 22.4483 12.3 6.98589
      vertex 27.6555 12.3 5.67772
    endloop
  endfacet
  facet normal 0 1 0
    outer loop
      vertex 22.4483 12.3 6.98589
      vertex 27.391 12.3 4.93853
      vertex 22.3371 12.3 6.7508
    endloop
  endfacet
  facet normal 0 1 -0
    outer loop
      vertex 27.0554 12.3 4.22883
      vertex 22.3371 12.3 6.7508
      vertex 27.391 12.3 4.93853
    endloop
  endfacet
  facet normal 0 1 0
    outer loop
      vertex 22.3371 12.3 6.7508
      vertex 27.0554 12.3 4.22883
      vertex 22.2034 12.3 6.52774
    endloop
  endfacet
  facet normal 0 1 -0
    outer loop
      vertex 26.6518 12.3 3.55544
      vertex 22.2034 12.3 6.52774
      vertex 27.0554 12.3 4.22883
    endloop
  endfacet
  facet normal 0 1 0
    outer loop
      vertex 22.2034 12.3 6.52774
      vertex 26.6518 12.3 3.55544
      vertex 22.0485 12.3 6.31886
    endloop
  endfacet
  facet normal 0 1 -0
    outer loop
      vertex 26.1841 12.3 2.92485
      vertex 22.0485 12.3 6.31886
      vertex 26.6518 12.3 3.55544
    endloop
  endfacet
  facet normal 0 1 0
    outer loop
      vertex 22.0485 12.3 6.31886
      vertex 26.1841 12.3 2.92485
      vertex 21.8738 12.3 6.12617
    endloop
  endfacet
  facet normal 0 1 -0
    outer loop
      vertex 25.6569 12.3 2.34315
      vertex 21.8738 12.3 6.12617
      vertex 26.1841 12.3 2.92485
    endloop
  endfacet
  facet normal 0 1 0
    outer loop
      vertex 21.8738 12.3 6.12617
      vertex 25.6569 12.3 2.34315
      vertex 21.6811 12.3 5.95152
    endloop
  endfacet
  facet normal 0 1 -0
    outer loop
      vertex 25.0751 12.3 1.81592
      vertex 21.6811 12.3 5.95152
      vertex 25.6569 12.3 2.34315
    endloop
  endfacet
  facet normal 0 1 0
    outer loop
      vertex 21.6811 12.3 5.95152
      vertex 25.0751 12.3 1.81592
      vertex 21.4723 12.3 5.79661
    endloop
  endfacet
  facet normal 0 1 -0
    outer loop
      vertex 24.4446 12.3 1.34824
      vertex 21.4723 12.3 5.79661
      vertex 25.0751 12.3 1.81592
    endloop
  endfacet
  facet normal 0 1 0
    outer loop
      vertex 20 12.3 10.65
      vertex 20 12.3 16
      vertex 20.7841 12.3 15.9615
    endloop
  endfacet
  facet normal 0 1 0
    outer loop
      vertex 20.2597 12.3 10.6372
      vertex 20.7841 12.3 15.9615
      vertex 21.5607 12.3 15.8463
    endloop
  endfacet
  facet normal 0 1 0
    outer loop
      vertex 20.2597 12.3 10.6372
      vertex 21.5607 12.3 15.8463
      vertex 22.3223 12.3 15.6555
    endloop
  endfacet
  facet normal 0 1 0
    outer loop
      vertex 20.2597 12.3 10.6372
      vertex 22.3223 12.3 15.6555
      vertex 23.0615 12.3 15.391
    endloop
  endfacet
  facet normal 0 1 0
    outer loop
      vertex 20.2597 12.3 10.6372
      vertex 23.0615 12.3 15.391
      vertex 23.7712 12.3 15.0554
    endloop
  endfacet
  facet normal 0 1 0
    outer loop
      vertex 20.2597 12.3 10.6372
      vertex 23.7712 12.3 15.0554
      vertex 24.4446 12.3 14.6518
    endloop
  endfacet
  facet normal 0 1 0
    outer loop
      vertex 20.2597 12.3 10.6372
      vertex 24.4446 12.3 14.6518
      vertex 25.0751 12.3 14.1841
    endloop
  endfacet
  facet normal 0 1 0
    outer loop
      vertex 20.2597 12.3 10.6372
      vertex 25.0751 12.3 14.1841
      vertex 25.6569 12.3 13.6569
    endloop
  endfacet
  facet normal 0 1 0
    outer loop
      vertex 20.2597 12.3 10.6372
      vertex 25.6569 12.3 13.6569
      vertex 26.1841 12.3 13.0751
    endloop
  endfacet
  facet normal 0 1 0
    outer loop
      vertex 20.2597 12.3 10.6372
      vertex 26.1841 12.3 13.0751
      vertex 26.6518 12.3 12.4446
    endloop
  endfacet
  facet normal 0 1 0
    outer loop
      vertex 20.2597 12.3 10.6372
      vertex 26.6518 12.3 12.4446
      vertex 27.0554 12.3 11.7712
    endloop
  endfacet
  facet normal 0 1 0
    outer loop
      vertex 22.3371 12.3 9.2492
      vertex 27.0554 12.3 11.7712
      vertex 27.391 12.3 11.0615
    endloop
  endfacet
  facet normal 0 1 0
    outer loop
      vertex 20 12.3 16
      vertex 20 12.3 10.65
      vertex 19.7403 12.3 10.6372
    endloop
  endfacet
  facet normal 0 1 0
    outer loop
      vertex 20 12.3 16
      vertex 19.7403 12.3 10.6372
      vertex 19.483 12.3 10.5991
    endloop
  endfacet
  facet normal 0 1 0
    outer loop
      vertex 20 12.3 16
      vertex 19.483 12.3 10.5991
      vertex 19.2307 12.3 10.5359
    endloop
  endfacet
  facet normal 0 1 0
    outer loop
      vertex 20 12.3 16
      vertex 19.2307 12.3 10.5359
      vertex 18.9859 12.3 10.4483
    endloop
  endfacet
  facet normal 0 1 0
    outer loop
      vertex 20 12.3 16
      vertex 18.9859 12.3 10.4483
      vertex 18.7508 12.3 10.3371
    endloop
  endfacet
  facet normal 0 1 0
    outer loop
      vertex 18.5277 12.3 10.2034
      vertex 20 12.3 16
      vertex 18.7508 12.3 10.3371
    endloop
  endfacet
  facet normal 0 1 0
    outer loop
      vertex 20 12.3 16
      vertex 18.5277 12.3 10.2034
      vertex 12 12.3 16
    endloop
  endfacet
  facet normal 0 1 -0
    outer loop
      vertex 18.3189 12.3 10.0485
      vertex 12 12.3 16
      vertex 18.5277 12.3 10.2034
    endloop
  endfacet
  facet normal 0 1 -0
    outer loop
      vertex 18.1262 12.3 9.87383
      vertex 12 12.3 16
      vertex 18.3189 12.3 10.0485
    endloop
  endfacet
  facet normal 0 1 -0
    outer loop
      vertex 17.9515 12.3 9.68114
      vertex 12 12.3 16
      vertex 18.1262 12.3 9.87383
    endloop
  endfacet
  facet normal 0 1 -0
    outer loop
      vertex 17.7966 12.3 9.47226
      vertex 12 12.3 16
      vertex 17.9515 12.3 9.68114
    endloop
  endfacet
  facet normal 0 1 0
    outer loop
      vertex 12 12.3 8
      vertex 17.7966 12.3 9.47226
      vertex 17.6629 12.3 9.2492
    endloop
  endfacet
  facet normal 0 1 0
    outer loop
      vertex 12 12.3 8
      vertex 17.6629 12.3 9.2492
      vertex 17.5517 12.3 9.01411
    endloop
  endfacet
  facet normal 0 1 0
    outer loop
      vertex 12 12.3 8
      vertex 17.5517 12.3 9.01411
      vertex 17.4641 12.3 8.76925
    endloop
  endfacet
  facet normal 0 1 0
    outer loop
      vertex 12 12.3 8
      vertex 17.4641 12.3 8.76925
      vertex 17.4009 12.3 8.51699
    endloop
  endfacet
  facet normal 0 1 0
    outer loop
      vertex 12 12.3 8
      vertex 17.4009 12.3 8.51699
      vertex 17.3628 12.3 8.25974
    endloop
  endfacet
  facet normal 0 1 0
    outer loop
      vertex 12 12.3 8
      vertex 17.3628 12.3 8.25974
      vertex 17.35 12.3 8
    endloop
  endfacet
  facet normal 0 1 0
    outer loop
      vertex 17.7966 12.3 9.47226
      vertex 12 12.3 8
      vertex 12 12.3 16
    endloop
  endfacet
  facet normal 0 1 0
    outer loop
      vertex 17.3628 12.3 7.74026
      vertex 12 12.3 8
      vertex 17.35 12.3 8
    endloop
  endfacet
  facet normal 0 1 0
    outer loop
      vertex 17.4009 12.3 7.48301
      vertex 12 12.3 8
      vertex 17.3628 12.3 7.74026
    endloop
  endfacet
  facet normal 0 1 0
    outer loop
      vertex 17.4641 12.3 7.23075
      vertex 12 12.3 8
      vertex 17.4009 12.3 7.48301
    endloop
  endfacet
  facet normal 0 1 0
    outer loop
      vertex 17.5517 12.3 6.98589
      vertex 12 12.3 8
      vertex 17.4641 12.3 7.23075
    endloop
  endfacet
  facet normal 0 1 0
    outer loop
      vertex 17.6629 12.3 6.7508
      vertex 12 12.3 8
      vertex 17.5517 12.3 6.98589
    endloop
  endfacet
  facet normal 0 1 0
    outer loop
      vertex 17.7966 12.3 6.52774
      vertex 12 12.3 8
      vertex 17.6629 12.3 6.7508
    endloop
  endfacet
  facet normal 0 1 0
    outer loop
      vertex 12 12.3 1.77636e-15
      vertex 17.7966 12.3 6.52774
      vertex 17.9515 12.3 6.31886
    endloop
  endfacet
  facet normal 0 1 0
    outer loop
      vertex 12 12.3 1.77636e-15
      vertex 17.9515 12.3 6.31886
      vertex 18.1262 12.3 6.12617
    endloop
  endfacet
  facet normal 0 1 0
    outer loop
      vertex 12 12.3 1.77636e-15
      vertex 18.1262 12.3 6.12617
      vertex 18.3189 12.3 5.95152
    endloop
  endfacet
  facet normal 0 1 0
    outer loop
      vertex 12 12.3 1.77636e-15
      vertex 18.3189 12.3 5.95152
      vertex 18.5277 12.3 5.79661
    endloop
  endfacet
  facet normal 0 1 0
    outer loop
      vertex 20 12.3 0
      vertex 18.5277 12.3 5.79661
      vertex 18.7508 12.3 5.66291
    endloop
  endfacet
  facet normal 0 1 0
    outer loop
      vertex 20 12.3 0
      vertex 18.7508 12.3 5.66291
      vertex 18.9859 12.3 5.55172
    endloop
  endfacet
  facet normal 0 1 0
    outer loop
      vertex 20 12.3 0
      vertex 18.9859 12.3 5.55172
      vertex 19.2307 12.3 5.46411
    endloop
  endfacet
  facet normal 0 1 0
    outer loop
      vertex 21.4723 12.3 5.79661
      vertex 24.4446 12.3 1.34824
      vertex 21.2492 12.3 5.66291
    endloop
  endfacet
  facet normal 0 1 -0
    outer loop
      vertex 23.7712 12.3 0.944631
      vertex 21.2492 12.3 5.66291
      vertex 24.4446 12.3 1.34824
    endloop
  endfacet
  facet normal 0 1 0
    outer loop
      vertex 21.2492 12.3 5.66291
      vertex 23.7712 12.3 0.944631
      vertex 21.0141 12.3 5.55172
    endloop
  endfacet
  facet normal 0 1 -0
    outer loop
      vertex 23.0615 12.3 0.608964
      vertex 21.0141 12.3 5.55172
      vertex 23.7712 12.3 0.944631
    endloop
  endfacet
  facet normal 0 1 0
    outer loop
      vertex 21.0141 12.3 5.55172
      vertex 23.0615 12.3 0.608964
      vertex 20.7693 12.3 5.46411
    endloop
  endfacet
  facet normal 0 1 -0
    outer loop
      vertex 22.3223 12.3 0.344478
      vertex 20.7693 12.3 5.46411
      vertex 23.0615 12.3 0.608964
    endloop
  endfacet
  facet normal 0 1 0
    outer loop
      vertex 20.7693 12.3 5.46411
      vertex 22.3223 12.3 0.344478
      vertex 20.517 12.3 5.40092
    endloop
  endfacet
  facet normal 0 1 -0
    outer loop
      vertex 21.5607 12.3 0.153718
      vertex 20.517 12.3 5.40092
      vertex 22.3223 12.3 0.344478
    endloop
  endfacet
  facet normal 0 1 0
    outer loop
      vertex 20.517 12.3 5.40092
      vertex 21.5607 12.3 0.153718
      vertex 20.2597 12.3 5.36276
    endloop
  endfacet
  facet normal 0 1 -0
    outer loop
      vertex 20.7841 12.3 0.0385227
      vertex 20.2597 12.3 5.36276
      vertex 21.5607 12.3 0.153718
    endloop
  endfacet
  facet normal 0 1 0
    outer loop
      vertex 20.2597 12.3 5.36276
      vertex 20.7841 12.3 0.0385227
      vertex 20 12.3 5.35
    endloop
  endfacet
  facet normal 0 1 0
    outer loop
      vertex 20 12.3 0
      vertex 20 12.3 5.35
      vertex 20.7841 12.3 0.0385227
    endloop
  endfacet
  facet normal 0 1 0
    outer loop
      vertex 20 12.3 5.35
      vertex 20 12.3 0
      vertex 19.7403 12.3 5.36276
    endloop
  endfacet
  facet normal 0 1 0
    outer loop
      vertex 19.7403 12.3 5.36276
      vertex 20 12.3 0
      vertex 19.483 12.3 5.40092
    endloop
  endfacet
  facet normal 0 1 0
    outer loop
      vertex 19.483 12.3 5.40092
      vertex 20 12.3 0
      vertex 19.2307 12.3 5.46411
    endloop
  endfacet
  facet normal 0 1 0
    outer loop
      vertex 18.5277 12.3 5.79661
      vertex 20 12.3 0
      vertex 12 12.3 1.77636e-15
    endloop
  endfacet
  facet normal 0 1 0
    outer loop
      vertex 17.7966 12.3 6.52774
      vertex 12 12.3 1.77636e-15
      vertex 12 12.3 8
    endloop
  endfacet
  facet normal 0.14673 0 0.989177
    outer loop
      vertex 20.7841 12.3 15.9615
      vertex 21.5607 9.35 15.8463
      vertex 21.5607 12.3 15.8463
    endloop
  endfacet
  facet normal 0.14673 0 0.989177
    outer loop
      vertex 21.5607 9.35 15.8463
      vertex 20.7841 12.3 15.9615
      vertex 20.7841 9.35 15.9615
    endloop
  endfacet
  facet normal 0.941545 -0 0.336888
    outer loop
      vertex 27.391 9.35 11.0615
      vertex 27.6555 12.3 10.3223
      vertex 27.391 12.3 11.0615
    endloop
  endfacet
  facet normal 0.941545 0 0.336888
    outer loop
      vertex 27.6555 12.3 10.3223
      vertex 27.391 9.35 11.0615
      vertex 27.6555 9.35 10.3223
    endloop
  endfacet
  facet normal 0.941544 0 -0.33689
    outer loop
      vertex 27.6555 9.35 5.67772
      vertex 27.391 12.3 4.93853
      vertex 27.6555 12.3 5.67772
    endloop
  endfacet
  facet normal 0.941544 0 -0.33689
    outer loop
      vertex 27.391 12.3 4.93853
      vertex 27.6555 9.35 5.67772
      vertex 27.391 9.35 4.93853
    endloop
  endfacet
  facet normal 0.903989 -0 0.427556
    outer loop
      vertex 27.0554 9.35 11.7712
      vertex 27.391 12.3 11.0615
      vertex 27.0554 12.3 11.7712
    endloop
  endfacet
  facet normal 0.903989 0 0.427556
    outer loop
      vertex 27.391 12.3 11.0615
      vertex 27.0554 9.35 11.7712
      vertex 27.391 9.35 11.0615
    endloop
  endfacet
  facet normal 0.14673 0 -0.989177
    outer loop
      vertex 20.7841 9.35 0.0385227
      vertex 21.5607 12.3 0.153718
      vertex 21.5607 9.35 0.153718
    endloop
  endfacet
  facet normal 0.14673 0 -0.989177
    outer loop
      vertex 21.5607 12.3 0.153718
      vertex 20.7841 9.35 0.0385227
      vertex 20.7841 12.3 0.0385227
    endloop
  endfacet
  facet normal 0.740951 -0 0.671559
    outer loop
      vertex 25.6569 9.35 13.6569
      vertex 26.1841 12.3 13.0751
      vertex 25.6569 12.3 13.6569
    endloop
  endfacet
  facet normal 0.740951 0 0.671559
    outer loop
      vertex 26.1841 12.3 13.0751
      vertex 25.6569 9.35 13.6569
      vertex 26.1841 9.35 13.0751
    endloop
  endfacet
  facet normal 0.998795 0 0.0490684
    outer loop
      vertex 28 12.3 8
      vertex 27.9615 9.35 8.78414
      vertex 28 9.35 8
    endloop
  endfacet
  facet normal 0.998795 0 0.0490684
    outer loop
      vertex 27.9615 12.3 8.78414
      vertex 27.9615 9.35 8.78414
      vertex 28 12.3 8
    endloop
  endfacet
  facet normal 0.998795 0 -0.0490684
    outer loop
      vertex 28 9.35 8
      vertex 27.9615 9.35 7.21586
      vertex 28 12.3 8
    endloop
  endfacet
  facet normal 0.989176 0 -0.146731
    outer loop
      vertex 27.9615 9.35 7.21586
      vertex 27.8463 12.3 6.43928
      vertex 27.9615 12.3 7.21586
    endloop
  endfacet
  facet normal 0.989176 0 -0.146731
    outer loop
      vertex 27.8463 12.3 6.43928
      vertex 27.9615 9.35 7.21586
      vertex 27.8463 9.35 6.43928
    endloop
  endfacet
  facet normal 0.803207 -0 0.5957
    outer loop
      vertex 26.1841 9.35 13.0751
      vertex 26.6518 12.3 12.4446
      vertex 26.1841 12.3 13.0751
    endloop
  endfacet
  facet normal 0.803207 0 0.5957
    outer loop
      vertex 26.6518 12.3 12.4446
      vertex 26.1841 9.35 13.0751
      vertex 26.6518 9.35 12.4446
    endloop
  endfacet
  facet normal 0.857728 -0 0.514104
    outer loop
      vertex 26.6518 9.35 12.4446
      vertex 27.0554 12.3 11.7712
      vertex 26.6518 12.3 12.4446
    endloop
  endfacet
  facet normal 0.857728 0 0.514104
    outer loop
      vertex 27.0554 12.3 11.7712
      vertex 26.6518 9.35 12.4446
      vertex 27.0554 9.35 11.7712
    endloop
  endfacet
  facet normal 0.595699 0 0.803208
    outer loop
      vertex 24.4446 12.3 14.6518
      vertex 25.0751 9.35 14.1841
      vertex 25.0751 12.3 14.1841
    endloop
  endfacet
  facet normal 0.595699 0 0.803208
    outer loop
      vertex 25.0751 9.35 14.1841
      vertex 24.4446 12.3 14.6518
      vertex 24.4446 9.35 14.6518
    endloop
  endfacet
  facet normal 0.514103 0 0.857729
    outer loop
      vertex 23.7712 12.3 15.0554
      vertex 24.4446 9.35 14.6518
      vertex 24.4446 12.3 14.6518
    endloop
  endfacet
  facet normal 0.514103 0 0.857729
    outer loop
      vertex 24.4446 9.35 14.6518
      vertex 23.7712 12.3 15.0554
      vertex 23.7712 9.35 15.0554
    endloop
  endfacet
  facet normal 0.989177 -0 0.146729
    outer loop
      vertex 27.8463 9.35 9.56072
      vertex 27.9615 12.3 8.78414
      vertex 27.8463 12.3 9.56072
    endloop
  endfacet
  facet normal 0.989177 0 0.146729
    outer loop
      vertex 27.9615 12.3 8.78414
      vertex 27.8463 9.35 9.56072
      vertex 27.9615 9.35 8.78414
    endloop
  endfacet
  facet normal 0.970031 -0 0.242983
    outer loop
      vertex 27.6555 9.35 10.3223
      vertex 27.8463 12.3 9.56072
      vertex 27.6555 12.3 10.3223
    endloop
  endfacet
  facet normal 0.970031 0 0.242983
    outer loop
      vertex 27.8463 12.3 9.56072
      vertex 27.6555 9.35 10.3223
      vertex 27.8463 9.35 9.56072
    endloop
  endfacet
  facet normal 0.970031 0 -0.24298
    outer loop
      vertex 27.8463 9.35 6.43928
      vertex 27.6555 12.3 5.67772
      vertex 27.8463 12.3 6.43928
    endloop
  endfacet
  facet normal 0.970031 0 -0.24298
    outer loop
      vertex 27.6555 12.3 5.67772
      vertex 27.8463 9.35 6.43928
      vertex 27.6555 9.35 5.67772
    endloop
  endfacet
  facet normal 0.998795 0 -0.0490684
    outer loop
      vertex 28 12.3 8
      vertex 27.9615 9.35 7.21586
      vertex 27.9615 12.3 7.21586
    endloop
  endfacet
  facet normal 0.24298 0 -0.970031
    outer loop
      vertex 21.5607 9.35 0.153718
      vertex 22.3223 12.3 0.344478
      vertex 22.3223 9.35 0.344478
    endloop
  endfacet
  facet normal 0.24298 0 -0.970031
    outer loop
      vertex 22.3223 12.3 0.344478
      vertex 21.5607 9.35 0.153718
      vertex 21.5607 12.3 0.153718
    endloop
  endfacet
  facet normal 0.33689 0 -0.941544
    outer loop
      vertex 22.3223 9.35 0.344478
      vertex 23.0615 12.3 0.608964
      vertex 23.0615 9.35 0.608964
    endloop
  endfacet
  facet normal 0.33689 0 -0.941544
    outer loop
      vertex 23.0615 12.3 0.608964
      vertex 22.3223 9.35 0.344478
      vertex 22.3223 12.3 0.344478
    endloop
  endfacet
  facet normal 0.595699 0 -0.803208
    outer loop
      vertex 24.4446 9.35 1.34824
      vertex 25.0751 12.3 1.81592
      vertex 25.0751 9.35 1.81592
    endloop
  endfacet
  facet normal 0.595699 0 -0.803208
    outer loop
      vertex 25.0751 12.3 1.81592
      vertex 24.4446 9.35 1.34824
      vertex 24.4446 12.3 1.34824
    endloop
  endfacet
  facet normal 0.803207 0 -0.5957
    outer loop
      vertex 26.6518 9.35 3.55544
      vertex 26.1841 12.3 2.92485
      vertex 26.6518 12.3 3.55544
    endloop
  endfacet
  facet normal 0.803207 0 -0.5957
    outer loop
      vertex 26.1841 12.3 2.92485
      vertex 26.6518 9.35 3.55544
      vertex 26.1841 9.35 2.92485
    endloop
  endfacet
  facet normal 0.0490683 0 0.998795
    outer loop
      vertex 20 12.3 16
      vertex 20.7841 9.35 15.9615
      vertex 20.7841 12.3 15.9615
    endloop
  endfacet
  facet normal 0.0490683 0 0.998795
    outer loop
      vertex 20.7841 9.35 15.9615
      vertex 20 12.3 16
      vertex 20 9.35 16
    endloop
  endfacet
  facet normal 0.33689 0 0.941544
    outer loop
      vertex 22.3223 12.3 15.6555
      vertex 23.0615 9.35 15.391
      vertex 23.0615 12.3 15.391
    endloop
  endfacet
  facet normal 0.33689 0 0.941544
    outer loop
      vertex 23.0615 9.35 15.391
      vertex 22.3223 12.3 15.6555
      vertex 22.3223 9.35 15.6555
    endloop
  endfacet
  facet normal 0.24298 0 0.970031
    outer loop
      vertex 21.5607 12.3 15.8463
      vertex 22.3223 9.35 15.6555
      vertex 22.3223 12.3 15.6555
    endloop
  endfacet
  facet normal 0.24298 0 0.970031
    outer loop
      vertex 22.3223 9.35 15.6555
      vertex 21.5607 12.3 15.8463
      vertex 21.5607 9.35 15.8463
    endloop
  endfacet
  facet normal 0.67156 0 0.740951
    outer loop
      vertex 25.0751 12.3 14.1841
      vertex 25.6569 9.35 13.6569
      vertex 25.6569 12.3 13.6569
    endloop
  endfacet
  facet normal 0.67156 0 0.740951
    outer loop
      vertex 25.6569 9.35 13.6569
      vertex 25.0751 12.3 14.1841
      vertex 25.0751 9.35 14.1841
    endloop
  endfacet
  facet normal 0.427555 0 0.903989
    outer loop
      vertex 23.0615 12.3 15.391
      vertex 23.7712 9.35 15.0554
      vertex 23.7712 12.3 15.0554
    endloop
  endfacet
  facet normal 0.427555 0 0.903989
    outer loop
      vertex 23.7712 9.35 15.0554
      vertex 23.0615 12.3 15.391
      vertex 23.0615 9.35 15.391
    endloop
  endfacet
  facet normal 0.0490684 0 -0.998795
    outer loop
      vertex 20 9.35 0
      vertex 20.7841 12.3 0.0385227
      vertex 20.7841 9.35 0.0385227
    endloop
  endfacet
  facet normal 0.0490684 0 -0.998795
    outer loop
      vertex 20.7841 12.3 0.0385227
      vertex 20 9.35 0
      vertex 20 12.3 0
    endloop
  endfacet
  facet normal 0.740951 0 -0.671559
    outer loop
      vertex 26.1841 9.35 2.92485
      vertex 25.6569 12.3 2.34315
      vertex 26.1841 12.3 2.92485
    endloop
  endfacet
  facet normal 0.740951 0 -0.671559
    outer loop
      vertex 25.6569 12.3 2.34315
      vertex 26.1841 9.35 2.92485
      vertex 25.6569 9.35 2.34315
    endloop
  endfacet
  facet normal 0.427555 0 -0.903989
    outer loop
      vertex 23.0615 9.35 0.608964
      vertex 23.7712 12.3 0.944631
      vertex 23.7712 9.35 0.944631
    endloop
  endfacet
  facet normal 0.427555 0 -0.903989
    outer loop
      vertex 23.7712 12.3 0.944631
      vertex 23.0615 9.35 0.608964
      vertex 23.0615 12.3 0.608964
    endloop
  endfacet
  facet normal 0.514103 0 -0.857729
    outer loop
      vertex 23.7712 9.35 0.944631
      vertex 24.4446 12.3 1.34824
      vertex 24.4446 9.35 1.34824
    endloop
  endfacet
  facet normal 0.514103 0 -0.857729
    outer loop
      vertex 24.4446 12.3 1.34824
      vertex 23.7712 9.35 0.944631
      vertex 23.7712 12.3 0.944631
    endloop
  endfacet
  facet normal 0.857729 0 -0.514102
    outer loop
      vertex 27.0554 9.35 4.22883
      vertex 26.6518 12.3 3.55544
      vertex 27.0554 12.3 4.22883
    endloop
  endfacet
  facet normal 0.857729 0 -0.514102
    outer loop
      vertex 26.6518 12.3 3.55544
      vertex 27.0554 9.35 4.22883
      vertex 26.6518 9.35 3.55544
    endloop
  endfacet
  facet normal 0.903989 0 -0.427556
    outer loop
      vertex 27.391 9.35 4.93853
      vertex 27.0554 12.3 4.22883
      vertex 27.391 12.3 4.93853
    endloop
  endfacet
  facet normal 0.903989 0 -0.427556
    outer loop
      vertex 27.0554 12.3 4.22883
      vertex 27.391 9.35 4.93853
      vertex 27.0554 9.35 4.22883
    endloop
  endfacet
  facet normal 0.67156 0 -0.740951
    outer loop
      vertex 25.0751 9.35 1.81592
      vertex 25.6569 12.3 2.34315
      vertex 25.6569 9.35 2.34315
    endloop
  endfacet
  facet normal 0.67156 0 -0.740951
    outer loop
      vertex 25.6569 12.3 2.34315
      vertex 25.0751 9.35 1.81592
      vertex 25.0751 12.3 1.81592
    endloop
  endfacet
  facet normal 0.0490666 0 -0.998796
    outer loop
      vertex 19.7403 9.35 10.6372
      vertex 20 12.3 10.65
      vertex 20 9.35 10.65
    endloop
  endfacet
  facet normal 0.0490666 0 -0.998796
    outer loop
      vertex 20 12.3 10.65
      vertex 19.7403 9.35 10.6372
      vertex 19.7403 12.3 10.6372
    endloop
  endfacet
  facet normal 0.941543 -0 0.336893
    outer loop
      vertex 17.4641 9.35 7.23075
      vertex 17.5517 12.3 6.98589
      vertex 17.4641 12.3 7.23075
    endloop
  endfacet
  facet normal 0.941543 0 0.336893
    outer loop
      vertex 17.5517 12.3 6.98589
      vertex 17.4641 9.35 7.23075
      vertex 17.5517 9.35 6.98589
    endloop
  endfacet
  facet normal -0.0490666 0 -0.998796
    outer loop
      vertex 20 9.35 10.65
      vertex 20.2597 12.3 10.6372
      vertex 20.2597 9.35 10.6372
    endloop
  endfacet
  facet normal -0.0490666 0 -0.998796
    outer loop
      vertex 20.2597 12.3 10.6372
      vertex 20 9.35 10.65
      vertex 20 12.3 10.65
    endloop
  endfacet
  facet normal 0.427556 0 -0.903989
    outer loop
      vertex 18.7508 9.35 10.3371
      vertex 18.9859 12.3 10.4483
      vertex 18.9859 9.35 10.4483
    endloop
  endfacet
  facet normal 0.427556 0 -0.903989
    outer loop
      vertex 18.9859 12.3 10.4483
      vertex 18.7508 9.35 10.3371
      vertex 18.7508 12.3 10.3371
    endloop
  endfacet
  facet normal 0.514104 0 -0.857728
    outer loop
      vertex 18.5277 9.35 10.2034
      vertex 18.7508 12.3 10.3371
      vertex 18.7508 9.35 10.3371
    endloop
  endfacet
  facet normal 0.514104 0 -0.857728
    outer loop
      vertex 18.7508 12.3 10.3371
      vertex 18.5277 9.35 10.2034
      vertex 18.5277 12.3 10.2034
    endloop
  endfacet
  facet normal -0.857731 0 -0.514099
    outer loop
      vertex 22.3371 9.35 9.2492
      vertex 22.2034 12.3 9.47226
      vertex 22.3371 12.3 9.2492
    endloop
  endfacet
  facet normal -0.857731 -0 -0.514099
    outer loop
      vertex 22.2034 12.3 9.47226
      vertex 22.3371 9.35 9.2492
      vertex 22.2034 9.35 9.47226
    endloop
  endfacet
  facet normal -0.427556 0 0.903989
    outer loop
      vertex 21.0141 12.3 5.55172
      vertex 21.2492 9.35 5.66291
      vertex 21.2492 12.3 5.66291
    endloop
  endfacet
  facet normal -0.427556 0 0.903989
    outer loop
      vertex 21.2492 9.35 5.66291
      vertex 21.0141 12.3 5.55172
      vertex 21.0141 9.35 5.55172
    endloop
  endfacet
  facet normal 0.595699 0 -0.803208
    outer loop
      vertex 18.3189 9.35 10.0485
      vertex 18.5277 12.3 10.2034
      vertex 18.5277 9.35 10.2034
    endloop
  endfacet
  facet normal 0.595699 0 -0.803208
    outer loop
      vertex 18.5277 12.3 10.2034
      vertex 18.3189 9.35 10.0485
      vertex 18.3189 12.3 10.0485
    endloop
  endfacet
  facet normal 0.740952 0 -0.671558
    outer loop
      vertex 18.1262 9.35 9.87383
      vertex 17.9515 12.3 9.68114
      vertex 18.1262 12.3 9.87383
    endloop
  endfacet
  facet normal 0.740952 0 -0.671558
    outer loop
      vertex 17.9515 12.3 9.68114
      vertex 18.1262 9.35 9.87383
      vertex 17.9515 9.35 9.68114
    endloop
  endfacet
  facet normal 0.998796 -0 0.0490666
    outer loop
      vertex 17.35 9.35 8
      vertex 17.3628 12.3 7.74026
      vertex 17.35 12.3 8
    endloop
  endfacet
  facet normal 0.998796 0 0.0490666
    outer loop
      vertex 17.3628 12.3 7.74026
      vertex 17.35 9.35 8
      vertex 17.3628 9.35 7.74026
    endloop
  endfacet
  facet normal 0.970033 0 -0.242971
    outer loop
      vertex 17.4641 9.35 8.76925
      vertex 17.4009 12.3 8.51699
      vertex 17.4641 12.3 8.76925
    endloop
  endfacet
  facet normal 0.970033 0 -0.242971
    outer loop
      vertex 17.4009 12.3 8.51699
      vertex 17.4641 9.35 8.76925
      vertex 17.4009 9.35 8.51699
    endloop
  endfacet
  facet normal 0.989176 0 -0.146737
    outer loop
      vertex 17.4009 9.35 8.51699
      vertex 17.3628 12.3 8.25974
      vertex 17.4009 12.3 8.51699
    endloop
  endfacet
  facet normal 0.989176 0 -0.146737
    outer loop
      vertex 17.3628 12.3 8.25974
      vertex 17.4009 9.35 8.51699
      vertex 17.3628 9.35 8.25974
    endloop
  endfacet
  facet normal 0.0490666 0 0.998796
    outer loop
      vertex 19.7403 12.3 5.36276
      vertex 20 9.35 5.35
      vertex 20 12.3 5.35
    endloop
  endfacet
  facet normal 0.0490666 0 0.998796
    outer loop
      vertex 20 9.35 5.35
      vertex 19.7403 12.3 5.36276
      vertex 19.7403 9.35 5.36276
    endloop
  endfacet
  facet normal 0.336891 0 0.941544
    outer loop
      vertex 18.9859 12.3 5.55172
      vertex 19.2307 9.35 5.46411
      vertex 19.2307 12.3 5.46411
    endloop
  endfacet
  facet normal 0.336891 0 0.941544
    outer loop
      vertex 19.2307 9.35 5.46411
      vertex 18.9859 12.3 5.55172
      vertex 18.9859 9.35 5.55172
    endloop
  endfacet
  facet normal 0.242977 0 0.970032
    outer loop
      vertex 19.2307 12.3 5.46411
      vertex 19.483 9.35 5.40092
      vertex 19.483 12.3 5.40092
    endloop
  endfacet
  facet normal 0.242977 0 0.970032
    outer loop
      vertex 19.483 9.35 5.40092
      vertex 19.2307 12.3 5.46411
      vertex 19.2307 9.35 5.46411
    endloop
  endfacet
  facet normal 0.595699 0 0.803208
    outer loop
      vertex 18.3189 12.3 5.95152
      vertex 18.5277 9.35 5.79661
      vertex 18.5277 12.3 5.79661
    endloop
  endfacet
  facet normal 0.595699 0 0.803208
    outer loop
      vertex 18.5277 9.35 5.79661
      vertex 18.3189 12.3 5.95152
      vertex 18.3189 9.35 5.95152
    endloop
  endfacet
  facet normal 0.67156 0 0.74095
    outer loop
      vertex 18.1262 12.3 6.12617
      vertex 18.3189 9.35 5.95152
      vertex 18.3189 12.3 5.95152
    endloop
  endfacet
  facet normal 0.67156 0 0.74095
    outer loop
      vertex 18.3189 9.35 5.95152
      vertex 18.1262 12.3 6.12617
      vertex 18.1262 9.35 6.12617
    endloop
  endfacet
  facet normal 0.857727 -0 0.514105
    outer loop
      vertex 17.6629 9.35 6.7508
      vertex 17.7966 12.3 6.52774
      vertex 17.6629 12.3 6.7508
    endloop
  endfacet
  facet normal 0.857727 0 0.514105
    outer loop
      vertex 17.7966 12.3 6.52774
      vertex 17.6629 9.35 6.7508
      vertex 17.7966 9.35 6.52774
    endloop
  endfacet
  facet normal 0.90399 -0 0.427553
    outer loop
      vertex 17.5517 9.35 6.98589
      vertex 17.6629 12.3 6.7508
      vertex 17.5517 12.3 6.98589
    endloop
  endfacet
  facet normal 0.90399 0 0.427553
    outer loop
      vertex 17.6629 12.3 6.7508
      vertex 17.5517 9.35 6.98589
      vertex 17.6629 9.35 6.7508
    endloop
  endfacet
  facet normal -0.671556 0 -0.740953
    outer loop
      vertex 21.6811 9.35 10.0485
      vertex 21.8738 12.3 9.87383
      vertex 21.8738 9.35 9.87383
    endloop
  endfacet
  facet normal -0.671556 0 -0.740953
    outer loop
      vertex 21.8738 12.3 9.87383
      vertex 21.6811 9.35 10.0485
      vertex 21.6811 12.3 10.0485
    endloop
  endfacet
  facet normal -0.740952 0 0.671558
    outer loop
      vertex 21.8738 9.35 6.12617
      vertex 22.0485 12.3 6.31886
      vertex 21.8738 12.3 6.12617
    endloop
  endfacet
  facet normal -0.740952 0 0.671558
    outer loop
      vertex 22.0485 12.3 6.31886
      vertex 21.8738 9.35 6.12617
      vertex 22.0485 9.35 6.31886
    endloop
  endfacet
  facet normal -0.595699 0 0.803208
    outer loop
      vertex 21.4723 12.3 5.79661
      vertex 21.6811 9.35 5.95152
      vertex 21.6811 12.3 5.95152
    endloop
  endfacet
  facet normal -0.595699 0 0.803208
    outer loop
      vertex 21.6811 9.35 5.95152
      vertex 21.4723 12.3 5.79661
      vertex 21.4723 9.35 5.79661
    endloop
  endfacet
  facet normal -0.998796 0 -0.0490666
    outer loop
      vertex 22.65 9.35 8
      vertex 22.6372 12.3 8.25974
      vertex 22.65 12.3 8
    endloop
  endfacet
  facet normal -0.998796 -0 -0.0490666
    outer loop
      vertex 22.6372 12.3 8.25974
      vertex 22.65 9.35 8
      vertex 22.6372 9.35 8.25974
    endloop
  endfacet
  facet normal 0.336889 0 -0.941544
    outer loop
      vertex 18.9859 9.35 10.4483
      vertex 19.2307 12.3 10.5359
      vertex 19.2307 9.35 10.5359
    endloop
  endfacet
  facet normal 0.336889 0 -0.941544
    outer loop
      vertex 19.2307 12.3 10.5359
      vertex 18.9859 9.35 10.4483
      vertex 18.9859 12.3 10.4483
    endloop
  endfacet
  facet normal 0.242979 0 -0.970032
    outer loop
      vertex 19.2307 9.35 10.5359
      vertex 19.483 12.3 10.5991
      vertex 19.483 9.35 10.5991
    endloop
  endfacet
  facet normal 0.242979 0 -0.970032
    outer loop
      vertex 19.483 12.3 10.5991
      vertex 19.2307 9.35 10.5359
      vertex 19.2307 12.3 10.5359
    endloop
  endfacet
  facet normal 0.671556 0 -0.740953
    outer loop
      vertex 18.1262 9.35 9.87383
      vertex 18.3189 12.3 10.0485
      vertex 18.3189 9.35 10.0485
    endloop
  endfacet
  facet normal 0.671556 0 -0.740953
    outer loop
      vertex 18.3189 12.3 10.0485
      vertex 18.1262 9.35 9.87383
      vertex 18.1262 12.3 9.87383
    endloop
  endfacet
  facet normal 0.998796 0 -0.0490666
    outer loop
      vertex 17.3628 9.35 8.25974
      vertex 17.35 12.3 8
      vertex 17.3628 12.3 8.25974
    endloop
  endfacet
  facet normal 0.998796 0 -0.0490666
    outer loop
      vertex 17.35 12.3 8
      vertex 17.3628 9.35 8.25974
      vertex 17.35 9.35 8
    endloop
  endfacet
  facet normal 0.903987 0 -0.427559
    outer loop
      vertex 17.6629 9.35 9.2492
      vertex 17.5517 12.3 9.01411
      vertex 17.6629 12.3 9.2492
    endloop
  endfacet
  facet normal 0.903987 0 -0.427559
    outer loop
      vertex 17.5517 12.3 9.01411
      vertex 17.6629 9.35 9.2492
      vertex 17.5517 9.35 9.01411
    endloop
  endfacet
  facet normal 0.941543 0 -0.336893
    outer loop
      vertex 17.5517 9.35 9.01411
      vertex 17.4641 12.3 8.76925
      vertex 17.5517 12.3 9.01411
    endloop
  endfacet
  facet normal 0.941543 0 -0.336893
    outer loop
      vertex 17.4641 12.3 8.76925
      vertex 17.5517 9.35 9.01411
      vertex 17.4641 9.35 8.76925
    endloop
  endfacet
  facet normal 0.803208 0 -0.595699
    outer loop
      vertex 17.9515 9.35 9.68114
      vertex 17.7966 12.3 9.47226
      vertex 17.9515 12.3 9.68114
    endloop
  endfacet
  facet normal 0.803208 0 -0.595699
    outer loop
      vertex 17.7966 12.3 9.47226
      vertex 17.9515 9.35 9.68114
      vertex 17.7966 9.35 9.47226
    endloop
  endfacet
  facet normal 0.857731 0 -0.514099
    outer loop
      vertex 17.7966 9.35 9.47226
      vertex 17.6629 12.3 9.2492
      vertex 17.7966 12.3 9.47226
    endloop
  endfacet
  facet normal 0.857731 0 -0.514099
    outer loop
      vertex 17.6629 12.3 9.2492
      vertex 17.7966 9.35 9.47226
      vertex 17.6629 9.35 9.2492
    endloop
  endfacet
  facet normal 0.146734 0 0.989176
    outer loop
      vertex 19.483 12.3 5.40092
      vertex 19.7403 9.35 5.36276
      vertex 19.7403 12.3 5.36276
    endloop
  endfacet
  facet normal 0.146734 0 0.989176
    outer loop
      vertex 19.7403 9.35 5.36276
      vertex 19.483 12.3 5.40092
      vertex 19.483 9.35 5.40092
    endloop
  endfacet
  facet normal 0.5141 0 0.85773
    outer loop
      vertex 18.5277 12.3 5.79661
      vertex 18.7508 9.35 5.66291
      vertex 18.7508 12.3 5.66291
    endloop
  endfacet
  facet normal 0.5141 0 0.85773
    outer loop
      vertex 18.7508 9.35 5.66291
      vertex 18.5277 12.3 5.79661
      vertex 18.5277 9.35 5.79661
    endloop
  endfacet
  facet normal 0.427556 0 0.903989
    outer loop
      vertex 18.7508 12.3 5.66291
      vertex 18.9859 9.35 5.55172
      vertex 18.9859 12.3 5.55172
    endloop
  endfacet
  facet normal 0.427556 0 0.903989
    outer loop
      vertex 18.9859 9.35 5.55172
      vertex 18.7508 12.3 5.66291
      vertex 18.7508 9.35 5.66291
    endloop
  endfacet
  facet normal 0.989177 -0 0.14673
    outer loop
      vertex 17.3628 9.35 7.74026
      vertex 17.4009 12.3 7.48301
      vertex 17.3628 12.3 7.74026
    endloop
  endfacet
  facet normal 0.989177 0 0.14673
    outer loop
      vertex 17.4009 12.3 7.48301
      vertex 17.3628 9.35 7.74026
      vertex 17.4009 9.35 7.48301
    endloop
  endfacet
  facet normal 0.970032 -0 0.242978
    outer loop
      vertex 17.4009 9.35 7.48301
      vertex 17.4641 12.3 7.23075
      vertex 17.4009 12.3 7.48301
    endloop
  endfacet
  facet normal 0.970032 0 0.242978
    outer loop
      vertex 17.4641 12.3 7.23075
      vertex 17.4009 9.35 7.48301
      vertex 17.4641 9.35 7.23075
    endloop
  endfacet
  facet normal 0.803208 -0 0.595699
    outer loop
      vertex 17.7966 9.35 6.52774
      vertex 17.9515 12.3 6.31886
      vertex 17.7966 12.3 6.52774
    endloop
  endfacet
  facet normal 0.803208 0 0.595699
    outer loop
      vertex 17.9515 12.3 6.31886
      vertex 17.7966 9.35 6.52774
      vertex 17.9515 9.35 6.31886
    endloop
  endfacet
  facet normal 0.740952 -0 0.671558
    outer loop
      vertex 17.9515 9.35 6.31886
      vertex 18.1262 12.3 6.12617
      vertex 17.9515 12.3 6.31886
    endloop
  endfacet
  facet normal 0.740952 0 0.671558
    outer loop
      vertex 18.1262 12.3 6.12617
      vertex 17.9515 9.35 6.31886
      vertex 18.1262 9.35 6.12617
    endloop
  endfacet
  facet normal -0.427556 0 -0.903989
    outer loop
      vertex 21.0141 9.35 10.4483
      vertex 21.2492 12.3 10.3371
      vertex 21.2492 9.35 10.3371
    endloop
  endfacet
  facet normal -0.427556 0 -0.903989
    outer loop
      vertex 21.2492 12.3 10.3371
      vertex 21.0141 9.35 10.4483
      vertex 21.0141 12.3 10.4483
    endloop
  endfacet
  facet normal -0.514104 0 -0.857728
    outer loop
      vertex 21.2492 9.35 10.3371
      vertex 21.4723 12.3 10.2034
      vertex 21.4723 9.35 10.2034
    endloop
  endfacet
  facet normal -0.514104 0 -0.857728
    outer loop
      vertex 21.4723 12.3 10.2034
      vertex 21.2492 9.35 10.3371
      vertex 21.2492 12.3 10.3371
    endloop
  endfacet
  facet normal -0.998796 0 0.0490666
    outer loop
      vertex 22.6372 9.35 7.74026
      vertex 22.65 12.3 8
      vertex 22.6372 12.3 7.74026
    endloop
  endfacet
  facet normal -0.998796 0 0.0490666
    outer loop
      vertex 22.65 12.3 8
      vertex 22.6372 9.35 7.74026
      vertex 22.65 9.35 8
    endloop
  endfacet
  facet normal -0.0490666 0 0.998796
    outer loop
      vertex 20 12.3 5.35
      vertex 20.2597 9.35 5.36276
      vertex 20.2597 12.3 5.36276
    endloop
  endfacet
  facet normal -0.0490666 0 0.998796
    outer loop
      vertex 20.2597 9.35 5.36276
      vertex 20 12.3 5.35
      vertex 20 9.35 5.35
    endloop
  endfacet
  facet normal -0.336889 0 0.941544
    outer loop
      vertex 20.7693 12.3 5.46411
      vertex 21.0141 9.35 5.55172
      vertex 21.0141 12.3 5.55172
    endloop
  endfacet
  facet normal -0.336889 0 0.941544
    outer loop
      vertex 21.0141 9.35 5.55172
      vertex 20.7693 12.3 5.46411
      vertex 20.7693 9.35 5.46411
    endloop
  endfacet
  facet normal -0.242979 0 0.970032
    outer loop
      vertex 20.517 12.3 5.40092
      vertex 20.7693 9.35 5.46411
      vertex 20.7693 12.3 5.46411
    endloop
  endfacet
  facet normal -0.242979 0 0.970032
    outer loop
      vertex 20.7693 9.35 5.46411
      vertex 20.517 12.3 5.40092
      vertex 20.517 9.35 5.40092
    endloop
  endfacet
  facet normal -0.514104 0 0.857728
    outer loop
      vertex 21.2492 12.3 5.66291
      vertex 21.4723 9.35 5.79661
      vertex 21.4723 12.3 5.79661
    endloop
  endfacet
  facet normal -0.514104 0 0.857728
    outer loop
      vertex 21.4723 9.35 5.79661
      vertex 21.2492 12.3 5.66291
      vertex 21.2492 9.35 5.66291
    endloop
  endfacet
  facet normal -0.671556 0 0.740953
    outer loop
      vertex 21.6811 12.3 5.95152
      vertex 21.8738 9.35 6.12617
      vertex 21.8738 12.3 6.12617
    endloop
  endfacet
  facet normal -0.671556 0 0.740953
    outer loop
      vertex 21.8738 9.35 6.12617
      vertex 21.6811 12.3 5.95152
      vertex 21.6811 9.35 5.95152
    endloop
  endfacet
  facet normal -0.989176 0 -0.146737
    outer loop
      vertex 22.6372 9.35 8.25974
      vertex 22.5991 12.3 8.51699
      vertex 22.6372 12.3 8.25974
    endloop
  endfacet
  facet normal -0.989176 -0 -0.146737
    outer loop
      vertex 22.5991 12.3 8.51699
      vertex 22.6372 9.35 8.25974
      vertex 22.5991 9.35 8.51699
    endloop
  endfacet
  facet normal -0.941543 0 -0.336893
    outer loop
      vertex 22.5359 9.35 8.76925
      vertex 22.4483 12.3 9.01411
      vertex 22.5359 12.3 8.76925
    endloop
  endfacet
  facet normal -0.941543 -0 -0.336893
    outer loop
      vertex 22.4483 12.3 9.01411
      vertex 22.5359 9.35 8.76925
      vertex 22.4483 9.35 9.01411
    endloop
  endfacet
  facet normal -0.903987 0 -0.427559
    outer loop
      vertex 22.4483 9.35 9.01411
      vertex 22.3371 12.3 9.2492
      vertex 22.4483 12.3 9.01411
    endloop
  endfacet
  facet normal -0.903987 -0 -0.427559
    outer loop
      vertex 22.3371 12.3 9.2492
      vertex 22.4483 9.35 9.01411
      vertex 22.3371 9.35 9.2492
    endloop
  endfacet
  facet normal 0.146734 0 -0.989176
    outer loop
      vertex 19.483 9.35 10.5991
      vertex 19.7403 12.3 10.6372
      vertex 19.7403 9.35 10.6372
    endloop
  endfacet
  facet normal 0.146734 0 -0.989176
    outer loop
      vertex 19.7403 12.3 10.6372
      vertex 19.483 9.35 10.5991
      vertex 19.483 12.3 10.5991
    endloop
  endfacet
  facet normal -0.242979 0 -0.970032
    outer loop
      vertex 20.517 9.35 10.5991
      vertex 20.7693 12.3 10.5359
      vertex 20.7693 9.35 10.5359
    endloop
  endfacet
  facet normal -0.242979 0 -0.970032
    outer loop
      vertex 20.7693 12.3 10.5359
      vertex 20.517 9.35 10.5991
      vertex 20.517 12.3 10.5991
    endloop
  endfacet
  facet normal -0.146734 0 -0.989176
    outer loop
      vertex 20.2597 9.35 10.6372
      vertex 20.517 12.3 10.5991
      vertex 20.517 9.35 10.5991
    endloop
  endfacet
  facet normal -0.146734 0 -0.989176
    outer loop
      vertex 20.517 12.3 10.5991
      vertex 20.2597 9.35 10.6372
      vertex 20.2597 12.3 10.6372
    endloop
  endfacet
  facet normal -0.740952 0 -0.671558
    outer loop
      vertex 22.0485 9.35 9.68114
      vertex 21.8738 12.3 9.87383
      vertex 22.0485 12.3 9.68114
    endloop
  endfacet
  facet normal -0.740952 -0 -0.671558
    outer loop
      vertex 21.8738 12.3 9.87383
      vertex 22.0485 9.35 9.68114
      vertex 21.8738 9.35 9.87383
    endloop
  endfacet
  facet normal -0.803208 0 -0.595699
    outer loop
      vertex 22.2034 9.35 9.47226
      vertex 22.0485 12.3 9.68114
      vertex 22.2034 12.3 9.47226
    endloop
  endfacet
  facet normal -0.803208 -0 -0.595699
    outer loop
      vertex 22.0485 12.3 9.68114
      vertex 22.2034 9.35 9.47226
      vertex 22.0485 9.35 9.68114
    endloop
  endfacet
  facet normal -0.595699 0 -0.803208
    outer loop
      vertex 21.4723 9.35 10.2034
      vertex 21.6811 12.3 10.0485
      vertex 21.6811 9.35 10.0485
    endloop
  endfacet
  facet normal -0.595699 0 -0.803208
    outer loop
      vertex 21.6811 12.3 10.0485
      vertex 21.4723 9.35 10.2034
      vertex 21.4723 12.3 10.2034
    endloop
  endfacet
  facet normal -0.336889 0 -0.941544
    outer loop
      vertex 20.7693 9.35 10.5359
      vertex 21.0141 12.3 10.4483
      vertex 21.0141 9.35 10.4483
    endloop
  endfacet
  facet normal -0.336889 0 -0.941544
    outer loop
      vertex 21.0141 12.3 10.4483
      vertex 20.7693 9.35 10.5359
      vertex 20.7693 12.3 10.5359
    endloop
  endfacet
  facet normal -0.941545 0 0.336887
    outer loop
      vertex 22.4483 9.35 6.98589
      vertex 22.5359 12.3 7.23075
      vertex 22.4483 12.3 6.98589
    endloop
  endfacet
  facet normal -0.941545 0 0.336887
    outer loop
      vertex 22.5359 12.3 7.23075
      vertex 22.4483 9.35 6.98589
      vertex 22.5359 9.35 7.23075
    endloop
  endfacet
  facet normal -0.146734 0 0.989176
    outer loop
      vertex 20.2597 12.3 5.36276
      vertex 20.517 9.35 5.40092
      vertex 20.517 12.3 5.40092
    endloop
  endfacet
  facet normal -0.146734 0 0.989176
    outer loop
      vertex 20.517 9.35 5.40092
      vertex 20.2597 12.3 5.36276
      vertex 20.2597 9.35 5.36276
    endloop
  endfacet
  facet normal -0.970033 0 -0.242971
    outer loop
      vertex 22.5991 9.35 8.51699
      vertex 22.5359 12.3 8.76925
      vertex 22.5991 12.3 8.51699
    endloop
  endfacet
  facet normal -0.970033 -0 -0.242971
    outer loop
      vertex 22.5359 12.3 8.76925
      vertex 22.5991 9.35 8.51699
      vertex 22.5359 9.35 8.76925
    endloop
  endfacet
  facet normal -0.803208 0 0.595699
    outer loop
      vertex 22.0485 9.35 6.31886
      vertex 22.2034 12.3 6.52774
      vertex 22.0485 12.3 6.31886
    endloop
  endfacet
  facet normal -0.803208 0 0.595699
    outer loop
      vertex 22.2034 12.3 6.52774
      vertex 22.0485 9.35 6.31886
      vertex 22.2034 9.35 6.52774
    endloop
  endfacet
  facet normal -0.857731 0 0.514099
    outer loop
      vertex 22.2034 9.35 6.52774
      vertex 22.3371 12.3 6.7508
      vertex 22.2034 12.3 6.52774
    endloop
  endfacet
  facet normal -0.857731 0 0.514099
    outer loop
      vertex 22.3371 12.3 6.7508
      vertex 22.2034 9.35 6.52774
      vertex 22.3371 9.35 6.7508
    endloop
  endfacet
  facet normal -0.903987 0 0.427559
    outer loop
      vertex 22.3371 9.35 6.7508
      vertex 22.4483 12.3 6.98589
      vertex 22.3371 12.3 6.7508
    endloop
  endfacet
  facet normal -0.903987 0 0.427559
    outer loop
      vertex 22.4483 12.3 6.98589
      vertex 22.3371 9.35 6.7508
      vertex 22.4483 9.35 6.98589
    endloop
  endfacet
  facet normal -0.970032 0 0.242978
    outer loop
      vertex 22.5359 9.35 7.23075
      vertex 22.5991 12.3 7.48301
      vertex 22.5359 12.3 7.23075
    endloop
  endfacet
  facet normal -0.970032 0 0.242978
    outer loop
      vertex 22.5991 12.3 7.48301
      vertex 22.5359 9.35 7.23075
      vertex 22.5991 9.35 7.48301
    endloop
  endfacet
  facet normal -0.989176 0 0.146737
    outer loop
      vertex 22.5991 9.35 7.48301
      vertex 22.6372 12.3 7.74026
      vertex 22.5991 12.3 7.48301
    endloop
  endfacet
  facet normal -0.989176 0 0.146737
    outer loop
      vertex 22.6372 12.3 7.74026
      vertex 22.5991 9.35 7.48301
      vertex 22.6372 9.35 7.74026
    endloop
  endfacet
  facet normal -1 0 0
    outer loop
      vertex 0 15.75 0
      vertex 0 11.025 7.63953
      vertex 0 15.75 16
    endloop
  endfacet
  facet normal -1 0 0
    outer loop
      vertex 0 15.75 0
      vertex 0 11.0098 7.33077
      vertex 0 11.025 7.63953
    endloop
  endfacet
  facet normal -1 0 0
    outer loop
      vertex 0 15.75 0
      vertex 0 10.9645 7.02499
      vertex 0 11.0098 7.33077
    endloop
  endfacet
  facet normal -1 0 0
    outer loop
      vertex 0 15.75 0
      vertex 0 10.8894 6.72513
      vertex 0 10.9645 7.02499
    endloop
  endfacet
  facet normal -1 0 0
    outer loop
      vertex 0 15.75 0
      vertex 0 10.7852 6.43408
      vertex 0 10.8894 6.72513
    endloop
  endfacet
  facet normal -1 0 0
    outer loop
      vertex 0 15.75 0
      vertex 0 10.6531 6.15463
      vertex 0 10.7852 6.43408
    endloop
  endfacet
  facet normal -1 0 0
    outer loop
      vertex 0 15.75 0
      vertex 0 10.4941 5.88948
      vertex 0 10.6531 6.15463
    endloop
  endfacet
  facet normal -1 0 0
    outer loop
      vertex 0 15.75 0
      vertex 0 10.31 5.64119
      vertex 0 10.4941 5.88948
    endloop
  endfacet
  facet normal -1 0 0
    outer loop
      vertex 0 15.75 0
      vertex 0 10.1024 5.41214
      vertex 0 10.31 5.64119
    endloop
  endfacet
  facet normal -1 0 0
    outer loop
      vertex 0 15.75 0
      vertex 0 9.87334 5.20455
      vertex 0 10.1024 5.41214
    endloop
  endfacet
  facet normal -1 0 0
    outer loop
      vertex 0 15.75 0
      vertex 0 9.62505 5.0204
      vertex 0 9.87334 5.20455
    endloop
  endfacet
  facet normal -1 0 0
    outer loop
      vertex 0 15.75 0
      vertex 0 9.3599 4.86148
      vertex 0 9.62505 5.0204
    endloop
  endfacet
  facet normal -1 0 0
    outer loop
      vertex 0 15.75 0
      vertex 0 9.08045 4.72931
      vertex 0 9.3599 4.86148
    endloop
  endfacet
  facet normal -1 0 0
    outer loop
      vertex 0 15.75 0
      vertex 0 8.7894 4.62517
      vertex 0 9.08045 4.72931
    endloop
  endfacet
  facet normal -1 0 0
    outer loop
      vertex 0 15.75 0
      vertex 0 8.48953 4.55006
      vertex 0 8.7894 4.62517
    endloop
  endfacet
  facet normal -1 0 0
    outer loop
      vertex 0 15.75 0
      vertex 0 8.18375 4.5047
      vertex 0 8.48953 4.55006
    endloop
  endfacet
  facet normal -1 0 0
    outer loop
      vertex 0 15.75 0
      vertex 0 7.875 4.48953
      vertex 0 8.18375 4.5047
    endloop
  endfacet
  facet normal -1 0 0
    outer loop
      vertex 0 0 0
      vertex 0 7.875 4.48953
      vertex 0 15.75 0
    endloop
  endfacet
  facet normal -1 -0 0
    outer loop
      vertex 0 7.875 4.48953
      vertex 0 0 0
      vertex 0 7.56625 4.5047
    endloop
  endfacet
  facet normal -1 -0 0
    outer loop
      vertex 0 7.56625 4.5047
      vertex 0 0 0
      vertex 0 7.26047 4.55006
    endloop
  endfacet
  facet normal -1 -0 0
    outer loop
      vertex 0 7.26047 4.55006
      vertex 0 0 0
      vertex 0 6.9606 4.62517
    endloop
  endfacet
  facet normal -1 -0 0
    outer loop
      vertex 0 6.9606 4.62517
      vertex 0 0 0
      vertex 0 6.66955 4.72931
    endloop
  endfacet
  facet normal -1 -0 0
    outer loop
      vertex 0 6.66955 4.72931
      vertex 0 0 0
      vertex 0 6.3901 4.86148
    endloop
  endfacet
  facet normal -1 0 0
    outer loop
      vertex 0 0 0
      vertex 0 6.12495 5.0204
      vertex 0 6.3901 4.86148
    endloop
  endfacet
  facet normal -1 0 0
    outer loop
      vertex 0 0 0
      vertex 0 5.87666 5.20455
      vertex 0 6.12495 5.0204
    endloop
  endfacet
  facet normal -1 0 0
    outer loop
      vertex 0 0 0
      vertex 0 5.64761 5.41214
      vertex 0 5.87666 5.20455
    endloop
  endfacet
  facet normal -1 0 0
    outer loop
      vertex 0 0 0
      vertex 0 5.44002 5.64119
      vertex 0 5.64761 5.41214
    endloop
  endfacet
  facet normal -1 0 0
    outer loop
      vertex 0 0 0
      vertex 0 5.25587 5.88948
      vertex 0 5.44002 5.64119
    endloop
  endfacet
  facet normal -1 0 0
    outer loop
      vertex 0 0 0
      vertex 0 5.09695 6.15463
      vertex 0 5.25587 5.88948
    endloop
  endfacet
  facet normal -1 0 0
    outer loop
      vertex 0 0 0
      vertex 0 4.96478 6.43408
      vertex 0 5.09695 6.15463
    endloop
  endfacet
  facet normal -1 0 0
    outer loop
      vertex 0 0 0
      vertex 0 4.86064 6.72513
      vertex 0 4.96478 6.43408
    endloop
  endfacet
  facet normal -1 0 0
    outer loop
      vertex 0 0 0
      vertex 0 4.78553 7.02499
      vertex 0 4.86064 6.72513
    endloop
  endfacet
  facet normal -1 0 0
    outer loop
      vertex 0 0 0
      vertex 0 4.74017 7.33077
      vertex 0 4.78553 7.02499
    endloop
  endfacet
  facet normal -1 0 0
    outer loop
      vertex 0 0 0
      vertex 0 4.725 7.63953
      vertex 0 4.74017 7.33077
    endloop
  endfacet
  facet normal -1 0 0
    outer loop
      vertex 0 0 16
      vertex 0 4.725 7.63953
      vertex 0 0 0
    endloop
  endfacet
  facet normal -1 0 0
    outer loop
      vertex 0 4.725 7.63953
      vertex 0 0 16
      vertex 0 4.725 16
    endloop
  endfacet
  facet normal -1 -0 0
    outer loop
      vertex 0 15.75 16
      vertex 0 11.025 7.63953
      vertex 0 11.025 16
    endloop
  endfacet
  facet normal 0 0 1
    outer loop
      vertex 3.85 4.725 16
      vertex 0 4.725 16
      vertex 3.85 2.125 16
    endloop
  endfacet
  facet normal 0 0 1
    outer loop
      vertex 12 15.75 16
      vertex 8.15 13.625 16
      vertex 12 0 16
    endloop
  endfacet
  facet normal 0 0 1
    outer loop
      vertex 12 15.75 16
      vertex 3.85 13.625 16
      vertex 8.15 13.625 16
    endloop
  endfacet
  facet normal -0 0 1
    outer loop
      vertex 0 15.75 16
      vertex 3.85 13.625 16
      vertex 12 15.75 16
    endloop
  endfacet
  facet normal 0 0 1
    outer loop
      vertex 0 11.025 16
      vertex 3.85 13.625 16
      vertex 0 15.75 16
    endloop
  endfacet
  facet normal 0 0 1
    outer loop
      vertex 3.85 13.625 16
      vertex 0 11.025 16
      vertex 3.85 11.025 16
    endloop
  endfacet
  facet normal -0 0 1
    outer loop
      vertex 8.15 2.125 16
      vertex 12 0 16
      vertex 8.15 13.625 16
    endloop
  endfacet
  facet normal -0 0 1
    outer loop
      vertex 3.85 2.125 16
      vertex 12 0 16
      vertex 8.15 2.125 16
    endloop
  endfacet
  facet normal 0 0 1
    outer loop
      vertex 3.85 2.125 16
      vertex 0 0 16
      vertex 12 0 16
    endloop
  endfacet
  facet normal 0 0 1
    outer loop
      vertex 0 0 16
      vertex 3.85 2.125 16
      vertex 0 4.725 16
    endloop
  endfacet
  facet normal 1 0 0
    outer loop
      vertex 12 15.75 16
      vertex 12 12.3 8
      vertex 12 15.75 0
    endloop
  endfacet
  facet normal 1 0 0
    outer loop
      vertex 12 15.75 16
      vertex 12 9.35 8
      vertex 12 12.3 8
    endloop
  endfacet
  facet normal 1 0 0
    outer loop
      vertex 12 9.35 8
      vertex 12 5.9 8
      vertex 12 9.35 1.77636e-15
    endloop
  endfacet
  facet normal 1 -0 0
    outer loop
      vertex 12 0 16
      vertex 12 9.35 8
      vertex 12 15.75 16
    endloop
  endfacet
  facet normal 1 0 0
    outer loop
      vertex 12 9.35 8
      vertex 12 0 16
      vertex 12 5.9 8
    endloop
  endfacet
  facet normal 1 0 0
    outer loop
      vertex 12 0 0
      vertex 12 2.95 8
      vertex 12 0 16
    endloop
  endfacet
  facet normal 1 0 0
    outer loop
      vertex 12 5.9 8
      vertex 12 0 16
      vertex 12 2.95 8
    endloop
  endfacet
  facet normal 1 -0 0
    outer loop
      vertex 12 12.3 1.77636e-15
      vertex 12 15.75 0
      vertex 12 12.3 8
    endloop
  endfacet
  facet normal 1 -0 0
    outer loop
      vertex 12 9.35 1.77636e-15
      vertex 12 15.75 0
      vertex 12 12.3 1.77636e-15
    endloop
  endfacet
  facet normal 1 0 0
    outer loop
      vertex 12 5.9 1.77636e-15
      vertex 12 9.35 1.77636e-15
      vertex 12 5.9 8
    endloop
  endfacet
  facet normal 1 -0 0
    outer loop
      vertex 12 5.9 1.77636e-15
      vertex 12 15.75 0
      vertex 12 9.35 1.77636e-15
    endloop
  endfacet
  facet normal 1 -0 0
    outer loop
      vertex 12 2.95 1.77636e-15
      vertex 12 15.75 0
      vertex 12 5.9 1.77636e-15
    endloop
  endfacet
  facet normal 1 0 0
    outer loop
      vertex 12 2.95 1.77636e-15
      vertex 12 0 0
      vertex 12 15.75 0
    endloop
  endfacet
  facet normal 1 0 0
    outer loop
      vertex 12 2.95 8
      vertex 12 0 0
      vertex 12 2.95 1.77636e-15
    endloop
  endfacet
  facet normal 0 1 -0
    outer loop
      vertex 12 15.75 0
      vertex 0 15.75 16
      vertex 12 15.75 16
    endloop
  endfacet
  facet normal 0 1 0
    outer loop
      vertex 0 15.75 16
      vertex 12 15.75 0
      vertex 0 15.75 0
    endloop
  endfacet
  facet normal 0 0 -1
    outer loop
      vertex 0 0 0
      vertex 12 15.75 0
      vertex 12 0 0
    endloop
  endfacet
  facet normal -0 0 -1
    outer loop
      vertex 12 15.75 0
      vertex 0 0 0
      vertex 0 15.75 0
    endloop
  endfacet
  facet normal 0 -1 0
    outer loop
      vertex 0 0 0
      vertex 12 0 16
      vertex 0 0 16
    endloop
  endfacet
  facet normal 0 -1 -0
    outer loop
      vertex 12 0 16
      vertex 0 0 0
      vertex 12 0 0
    endloop
  endfacet
endsolid OpenSCAD_Model
