solid OpenSCAD_Model
  facet normal 0 -0.5 0.866025
    outer loop
      vertex 3.85 13.5 4.2476
      vertex 8.15 7.875 1
      vertex 8.15 13.5 4.2476
    endloop
  endfacet
  facet normal 0 -0.5 0.866025
    outer loop
      vertex 8.15 7.875 1
      vertex 3.85 13.5 4.2476
      vertex 3.85 7.875 1
    endloop
  endfacet
  facet normal 0 -1 0
    outer loop
      vertex 3.85 13.5 4.2476
      vertex 8.15 13.5 16
      vertex 3.85 13.5 16
    endloop
  endfacet
  facet normal 0 -1 -0
    outer loop
      vertex 8.15 13.5 16
      vertex 3.85 13.5 4.2476
      vertex 8.15 13.5 4.2476
    endloop
  endfacet
  facet normal -0 0.5 0.866025
    outer loop
      vertex 3.85 7.875 1
      vertex 8.15 2.25 4.2476
      vertex 8.15 7.875 1
    endloop
  endfacet
  facet normal 0 0.5 0.866025
    outer loop
      vertex 8.15 2.25 4.2476
      vertex 3.85 7.875 1
      vertex 3.85 2.25 4.2476
    endloop
  endfacet
  facet normal 0 1 -0
    outer loop
      vertex 8.15 2.25 4.2476
      vertex 3.85 2.25 14.2476
      vertex 8.15 2.25 14.2476
    endloop
  endfacet
  facet normal 0 1 0
    outer loop
      vertex 3.85 2.25 14.2476
      vertex 8.15 2.25 4.2476
      vertex 3.85 2.25 4.2476
    endloop
  endfacet
  facet normal 0 1 -1.36052e-07
    outer loop
      vertex 8.15 2.25 14.2476
      vertex 3.85 2.25 16
      vertex 8.15 2.25 16
    endloop
  endfacet
  facet normal 0 1 -1.36052e-07
    outer loop
      vertex 3.85 2.25 16
      vertex 8.15 2.25 14.2476
      vertex 3.85 2.25 14.2476
    endloop
  endfacet
  facet normal 1 0 0
    outer loop
      vertex 3.85 2.25 14.2476
      vertex 3.85 4.625 16
      vertex 3.85 2.25 16
    endloop
  endfacet
  facet normal 1 0 0
    outer loop
      vertex 3.85 11.125 7.49519
      vertex 3.85 13.5 16
      vertex 3.85 11.125 16
    endloop
  endfacet
  facet normal 1 0 0
    outer loop
      vertex 3.85 13.5 16
      vertex 3.85 11.125 7.49519
      vertex 3.85 13.5 4.2476
    endloop
  endfacet
  facet normal 1 -0 0
    outer loop
      vertex 3.85 11.1094 7.17664
      vertex 3.85 13.5 4.2476
      vertex 3.85 11.125 7.49519
    endloop
  endfacet
  facet normal 1 -0 0
    outer loop
      vertex 3.85 11.0626 6.86115
      vertex 3.85 13.5 4.2476
      vertex 3.85 11.1094 7.17664
    endloop
  endfacet
  facet normal 1 -0 0
    outer loop
      vertex 3.85 10.9851 6.55177
      vertex 3.85 13.5 4.2476
      vertex 3.85 11.0626 6.86115
    endloop
  endfacet
  facet normal 1 -0 0
    outer loop
      vertex 3.85 10.8776 6.25147
      vertex 3.85 13.5 4.2476
      vertex 3.85 10.9851 6.55177
    endloop
  endfacet
  facet normal 1 -0 0
    outer loop
      vertex 3.85 10.7412 5.96315
      vertex 3.85 13.5 4.2476
      vertex 3.85 10.8776 6.25147
    endloop
  endfacet
  facet normal 1 -0 0
    outer loop
      vertex 3.85 10.5773 5.68959
      vertex 3.85 13.5 4.2476
      vertex 3.85 10.7412 5.96315
    endloop
  endfacet
  facet normal 1 -0 0
    outer loop
      vertex 3.85 10.3873 5.43341
      vertex 3.85 13.5 4.2476
      vertex 3.85 10.5773 5.68959
    endloop
  endfacet
  facet normal 1 -0 0
    outer loop
      vertex 3.85 10.1731 5.19709
      vertex 3.85 13.5 4.2476
      vertex 3.85 10.3873 5.43341
    endloop
  endfacet
  facet normal 1 -0 0
    outer loop
      vertex 3.85 9.93678 4.98291
      vertex 3.85 13.5 4.2476
      vertex 3.85 10.1731 5.19709
    endloop
  endfacet
  facet normal 1 -0 0
    outer loop
      vertex 3.85 9.6806 4.79291
      vertex 3.85 13.5 4.2476
      vertex 3.85 9.93678 4.98291
    endloop
  endfacet
  facet normal 1 -0 0
    outer loop
      vertex 3.85 9.40704 4.62895
      vertex 3.85 13.5 4.2476
      vertex 3.85 9.6806 4.79291
    endloop
  endfacet
  facet normal 1 0 0
    outer loop
      vertex 3.85 7.875 1
      vertex 3.85 9.40704 4.62895
      vertex 3.85 9.11872 4.49258
    endloop
  endfacet
  facet normal 1 0 0
    outer loop
      vertex 3.85 7.875 1
      vertex 3.85 9.11872 4.49258
      vertex 3.85 8.81843 4.38513
    endloop
  endfacet
  facet normal 1 0 0
    outer loop
      vertex 3.85 7.875 1
      vertex 3.85 8.81843 4.38513
      vertex 3.85 8.50904 4.30764
    endloop
  endfacet
  facet normal 1 0 0
    outer loop
      vertex 3.85 7.875 1
      vertex 3.85 8.50904 4.30764
      vertex 3.85 8.19355 4.26084
    endloop
  endfacet
  facet normal 1 0 0
    outer loop
      vertex 3.85 7.875 1
      vertex 3.85 8.19355 4.26084
      vertex 3.85 7.875 4.24519
    endloop
  endfacet
  facet normal 1 0 0
    outer loop
      vertex 3.85 9.40704 4.62895
      vertex 3.85 7.875 1
      vertex 3.85 13.5 4.2476
    endloop
  endfacet
  facet normal 1 0 0
    outer loop
      vertex 3.85 7.55645 4.26084
      vertex 3.85 7.875 1
      vertex 3.85 7.875 4.24519
    endloop
  endfacet
  facet normal 1 0 0
    outer loop
      vertex 3.85 7.24096 4.30764
      vertex 3.85 7.875 1
      vertex 3.85 7.55645 4.26084
    endloop
  endfacet
  facet normal 1 0 0
    outer loop
      vertex 3.85 6.93157 4.38513
      vertex 3.85 7.875 1
      vertex 3.85 7.24096 4.30764
    endloop
  endfacet
  facet normal 1 0 0
    outer loop
      vertex 3.85 6.63128 4.49258
      vertex 3.85 7.875 1
      vertex 3.85 6.93157 4.38513
    endloop
  endfacet
  facet normal 1 0 0
    outer loop
      vertex 3.85 6.34296 4.62895
      vertex 3.85 7.875 1
      vertex 3.85 6.63128 4.49258
    endloop
  endfacet
  facet normal 1 0 0
    outer loop
      vertex 3.85 2.25 4.2476
      vertex 3.85 6.34296 4.62895
      vertex 3.85 6.0694 4.79291
    endloop
  endfacet
  facet normal 1 0 0
    outer loop
      vertex 3.85 2.25 4.2476
      vertex 3.85 6.0694 4.79291
      vertex 3.85 5.81322 4.98291
    endloop
  endfacet
  facet normal 1 0 0
    outer loop
      vertex 3.85 2.25 4.2476
      vertex 3.85 5.81322 4.98291
      vertex 3.85 5.5769 5.19709
    endloop
  endfacet
  facet normal 1 0 0
    outer loop
      vertex 3.85 2.25 4.2476
      vertex 3.85 5.5769 5.19709
      vertex 3.85 5.36272 5.43341
    endloop
  endfacet
  facet normal 1 0 0
    outer loop
      vertex 3.85 2.25 4.2476
      vertex 3.85 5.36272 5.43341
      vertex 3.85 5.17272 5.68959
    endloop
  endfacet
  facet normal 1 0 0
    outer loop
      vertex 3.85 2.25 4.2476
      vertex 3.85 5.17272 5.68959
      vertex 3.85 5.00876 5.96315
    endloop
  endfacet
  facet normal 1 0 0
    outer loop
      vertex 3.85 4.625 16
      vertex 3.85 2.25 14.2476
      vertex 3.85 4.625 7.49519
    endloop
  endfacet
  facet normal 1 0 0
    outer loop
      vertex 3.85 2.25 4.2476
      vertex 3.85 4.625 7.49519
      vertex 3.85 2.25 14.2476
    endloop
  endfacet
  facet normal 1 0 0
    outer loop
      vertex 3.85 4.625 7.49519
      vertex 3.85 2.25 4.2476
      vertex 3.85 4.64065 7.17664
    endloop
  endfacet
  facet normal 1 0 0
    outer loop
      vertex 3.85 4.64065 7.17664
      vertex 3.85 2.25 4.2476
      vertex 3.85 4.68745 6.86115
    endloop
  endfacet
  facet normal 1 0 0
    outer loop
      vertex 3.85 6.34296 4.62895
      vertex 3.85 2.25 4.2476
      vertex 3.85 7.875 1
    endloop
  endfacet
  facet normal 1 0 0
    outer loop
      vertex 3.85 4.87239 6.25147
      vertex 3.85 2.25 4.2476
      vertex 3.85 5.00876 5.96315
    endloop
  endfacet
  facet normal 1 0 0
    outer loop
      vertex 3.85 4.76494 6.55177
      vertex 3.85 2.25 4.2476
      vertex 3.85 4.87239 6.25147
    endloop
  endfacet
  facet normal 1 0 0
    outer loop
      vertex 3.85 4.68745 6.86115
      vertex 3.85 2.25 4.2476
      vertex 3.85 4.76494 6.55177
    endloop
  endfacet
  facet normal -1 0 0
    outer loop
      vertex 8.15 2.25 4.2476
      vertex 8.15 13.5 4.2476
      vertex 8.15 7.875 1
    endloop
  endfacet
  facet normal -1 0 0
    outer loop
      vertex 8.15 2.25 14.2476
      vertex 8.15 13.5 4.2476
      vertex 8.15 2.25 4.2476
    endloop
  endfacet
  facet normal -1 0 0
    outer loop
      vertex 8.15 13.5 4.2476
      vertex 8.15 2.25 14.2476
      vertex 8.15 13.5 16
    endloop
  endfacet
  facet normal -1 -0 0
    outer loop
      vertex 8.15 13.5 16
      vertex 8.15 2.25 14.2476
      vertex 8.15 2.25 16
    endloop
  endfacet
  facet normal 3.91169e-08 0.0490683 0.998795
    outer loop
      vertex 0 7.75236 4.25122
      vertex 3.85 7.55645 4.26084
      vertex 3.85 7.875 4.24519
    endloop
  endfacet
  facet normal 0 0.0490675 0.998795
    outer loop
      vertex 3.85 7.55645 4.26084
      vertex 0 7.75236 4.25122
      vertex 0 7.55645 4.26084
    endloop
  endfacet
  facet normal 0 1 -0
    outer loop
      vertex 3.85 4.625 7.49519
      vertex 0 4.625 16
      vertex 3.85 4.625 16
    endloop
  endfacet
  facet normal 0 1 0
    outer loop
      vertex 0 4.625 16
      vertex 3.85 4.625 7.49519
      vertex 0 4.625 7.49519
    endloop
  endfacet
  facet normal 0 -0.740951 0.671559
    outer loop
      vertex 0 10.1731 5.19709
      vertex 3.85 10.3873 5.43341
      vertex 0 10.3873 5.43341
    endloop
  endfacet
  facet normal 0 -0.740951 0.671559
    outer loop
      vertex 3.85 10.3873 5.43341
      vertex 0 10.1731 5.19709
      vertex 3.85 10.1731 5.19709
    endloop
  endfacet
  facet normal -0 0.671559 0.740951
    outer loop
      vertex 0 5.81322 4.98291
      vertex 3.85 5.5769 5.19709
      vertex 3.85 5.81322 4.98291
    endloop
  endfacet
  facet normal 0 0.671559 0.740951
    outer loop
      vertex 3.85 5.5769 5.19709
      vertex 0 5.81322 4.98291
      vertex 0 5.5769 5.19709
    endloop
  endfacet
  facet normal 0 0.998795 0.0490683
    outer loop
      vertex 3.85 4.64065 7.17664
      vertex 0 4.625 7.49519
      vertex 3.85 4.625 7.49519
    endloop
  endfacet
  facet normal 0 0.998795 0.0490683
    outer loop
      vertex 0 4.625 7.49519
      vertex 3.85 4.64065 7.17664
      vertex 0 4.64065 7.17664
    endloop
  endfacet
  facet normal 0 -0.427557 0.903988
    outer loop
      vertex 0 9.40704 4.62895
      vertex 3.85 9.11872 4.49258
      vertex 3.85 9.40704 4.62895
    endloop
  endfacet
  facet normal 0 -0.427557 0.903988
    outer loop
      vertex 3.85 9.11872 4.49258
      vertex 0 9.40704 4.62895
      vertex 0 9.11872 4.49258
    endloop
  endfacet
  facet normal 0 -1 0
    outer loop
      vertex 0 11.125 7.49519
      vertex 3.85 11.125 16
      vertex 0 11.125 16
    endloop
  endfacet
  facet normal 0 -1 -0
    outer loop
      vertex 3.85 11.125 16
      vertex 0 11.125 7.49519
      vertex 3.85 11.125 7.49519
    endloop
  endfacet
  facet normal 0 0.989176 0.146732
    outer loop
      vertex 3.85 4.68745 6.86115
      vertex 0 4.64065 7.17664
      vertex 3.85 4.64065 7.17664
    endloop
  endfacet
  facet normal 0 0.989176 0.146732
    outer loop
      vertex 0 4.64065 7.17664
      vertex 3.85 4.68745 6.86115
      vertex 0 4.68745 6.86115
    endloop
  endfacet
  facet normal -0 0.33689 0.941544
    outer loop
      vertex 0 6.93157 4.38513
      vertex 3.85 6.63128 4.49258
      vertex 3.85 6.93157 4.38513
    endloop
  endfacet
  facet normal 0 0.33689 0.941544
    outer loop
      vertex 3.85 6.63128 4.49258
      vertex 0 6.93157 4.38513
      vertex 0 6.63128 4.49258
    endloop
  endfacet
  facet normal 1.23705e-07 -0.0490656 0.998796
    outer loop
      vertex 3.85 7.875 4.24519
      vertex 0 7.99764 4.25122
      vertex 0 7.875 4.24519
    endloop
  endfacet
  facet normal 0 -0.989176 0.146732
    outer loop
      vertex 0 11.0626 6.86115
      vertex 3.85 11.1094 7.17664
      vertex 0 11.1094 7.17664
    endloop
  endfacet
  facet normal 0 -0.989176 0.146732
    outer loop
      vertex 3.85 11.1094 7.17664
      vertex 0 11.0626 6.86115
      vertex 3.85 11.0626 6.86115
    endloop
  endfacet
  facet normal 0 0.85773 0.5141
    outer loop
      vertex 3.85 5.17272 5.68959
      vertex 0 5.00876 5.96315
      vertex 3.85 5.00876 5.96315
    endloop
  endfacet
  facet normal 0 0.85773 0.5141
    outer loop
      vertex 0 5.00876 5.96315
      vertex 3.85 5.17272 5.68959
      vertex 0 5.17272 5.68959
    endloop
  endfacet
  facet normal 0 0.803207 0.5957
    outer loop
      vertex 3.85 5.36272 5.43341
      vertex 0 5.17272 5.68959
      vertex 3.85 5.17272 5.68959
    endloop
  endfacet
  facet normal 0 0.803207 0.5957
    outer loop
      vertex 0 5.17272 5.68959
      vertex 3.85 5.36272 5.43341
      vertex 0 5.36272 5.43341
    endloop
  endfacet
  facet normal 0 0.970032 0.242978
    outer loop
      vertex 3.85 4.76494 6.55177
      vertex 0 4.68745 6.86115
      vertex 3.85 4.68745 6.86115
    endloop
  endfacet
  facet normal 0 0.970032 0.242978
    outer loop
      vertex 0 4.68745 6.86115
      vertex 3.85 4.76494 6.55177
      vertex 0 4.76494 6.55177
    endloop
  endfacet
  facet normal 1.23705e-07 0.0490656 0.998796
    outer loop
      vertex 3.85 7.875 4.24519
      vertex 0 7.875 4.24519
      vertex 0 7.75236 4.25122
    endloop
  endfacet
  facet normal 0 -0.5957 0.803207
    outer loop
      vertex 0 9.93678 4.98291
      vertex 3.85 9.6806 4.79291
      vertex 3.85 9.93678 4.98291
    endloop
  endfacet
  facet normal 0 -0.5957 0.803207
    outer loop
      vertex 3.85 9.6806 4.79291
      vertex 0 9.93678 4.98291
      vertex 0 9.6806 4.79291
    endloop
  endfacet
  facet normal 0 -0.85773 0.5141
    outer loop
      vertex 0 10.5773 5.68959
      vertex 3.85 10.7412 5.96315
      vertex 0 10.7412 5.96315
    endloop
  endfacet
  facet normal 0 -0.85773 0.5141
    outer loop
      vertex 3.85 10.7412 5.96315
      vertex 0 10.5773 5.68959
      vertex 3.85 10.5773 5.68959
    endloop
  endfacet
  facet normal 0 -0.998795 0.0490683
    outer loop
      vertex 0 11.1094 7.17664
      vertex 3.85 11.125 7.49519
      vertex 0 11.125 7.49519
    endloop
  endfacet
  facet normal 0 -0.998795 0.0490683
    outer loop
      vertex 3.85 11.125 7.49519
      vertex 0 11.1094 7.17664
      vertex 3.85 11.1094 7.17664
    endloop
  endfacet
  facet normal 0 -0.941544 0.33689
    outer loop
      vertex 0 10.8776 6.25147
      vertex 3.85 10.9851 6.55177
      vertex 0 10.9851 6.55177
    endloop
  endfacet
  facet normal 0 -0.941544 0.33689
    outer loop
      vertex 3.85 10.9851 6.55177
      vertex 0 10.8776 6.25147
      vertex 3.85 10.8776 6.25147
    endloop
  endfacet
  facet normal -0 0.5141 0.85773
    outer loop
      vertex 0 6.34296 4.62895
      vertex 3.85 6.0694 4.79291
      vertex 3.85 6.34296 4.62895
    endloop
  endfacet
  facet normal 0 0.5141 0.85773
    outer loop
      vertex 3.85 6.0694 4.79291
      vertex 0 6.34296 4.62895
      vertex 0 6.0694 4.79291
    endloop
  endfacet
  facet normal -0 0.427557 0.903988
    outer loop
      vertex 0 6.63128 4.49258
      vertex 3.85 6.34296 4.62895
      vertex 3.85 6.63128 4.49258
    endloop
  endfacet
  facet normal 0 0.427557 0.903988
    outer loop
      vertex 3.85 6.34296 4.62895
      vertex 0 6.63128 4.49258
      vertex 0 6.34296 4.62895
    endloop
  endfacet
  facet normal 0 0.740951 0.671559
    outer loop
      vertex 3.85 5.5769 5.19709
      vertex 0 5.36272 5.43341
      vertex 3.85 5.36272 5.43341
    endloop
  endfacet
  facet normal 0 0.740951 0.671559
    outer loop
      vertex 0 5.36272 5.43341
      vertex 3.85 5.5769 5.19709
      vertex 0 5.5769 5.19709
    endloop
  endfacet
  facet normal 0 0.941544 0.33689
    outer loop
      vertex 3.85 4.87239 6.25147
      vertex 0 4.76494 6.55177
      vertex 3.85 4.76494 6.55177
    endloop
  endfacet
  facet normal 0 0.941544 0.33689
    outer loop
      vertex 0 4.76494 6.55177
      vertex 3.85 4.87239 6.25147
      vertex 0 4.87239 6.25147
    endloop
  endfacet
  facet normal 0 0.903988 0.427557
    outer loop
      vertex 3.85 5.00876 5.96315
      vertex 0 4.87239 6.25147
      vertex 3.85 4.87239 6.25147
    endloop
  endfacet
  facet normal 0 0.903988 0.427557
    outer loop
      vertex 0 4.87239 6.25147
      vertex 3.85 5.00876 5.96315
      vertex 0 5.00876 5.96315
    endloop
  endfacet
  facet normal 0 -0.33689 0.941544
    outer loop
      vertex 0 9.11872 4.49258
      vertex 3.85 8.81843 4.38513
      vertex 3.85 9.11872 4.49258
    endloop
  endfacet
  facet normal 0 -0.33689 0.941544
    outer loop
      vertex 3.85 8.81843 4.38513
      vertex 0 9.11872 4.49258
      vertex 0 8.81843 4.38513
    endloop
  endfacet
  facet normal 0 -0.671559 0.740951
    outer loop
      vertex 0 10.1731 5.19709
      vertex 3.85 9.93678 4.98291
      vertex 3.85 10.1731 5.19709
    endloop
  endfacet
  facet normal 0 -0.671559 0.740951
    outer loop
      vertex 3.85 9.93678 4.98291
      vertex 0 10.1731 5.19709
      vertex 0 9.93678 4.98291
    endloop
  endfacet
  facet normal 0 -0.803207 0.5957
    outer loop
      vertex 0 10.3873 5.43341
      vertex 3.85 10.5773 5.68959
      vertex 0 10.5773 5.68959
    endloop
  endfacet
  facet normal 0 -0.803207 0.5957
    outer loop
      vertex 3.85 10.5773 5.68959
      vertex 0 10.3873 5.43341
      vertex 3.85 10.3873 5.43341
    endloop
  endfacet
  facet normal 0 -0.903988 0.427557
    outer loop
      vertex 0 10.7412 5.96315
      vertex 3.85 10.8776 6.25147
      vertex 0 10.8776 6.25147
    endloop
  endfacet
  facet normal 0 -0.903988 0.427557
    outer loop
      vertex 3.85 10.8776 6.25147
      vertex 0 10.7412 5.96315
      vertex 3.85 10.7412 5.96315
    endloop
  endfacet
  facet normal 0 -0.970032 0.242978
    outer loop
      vertex 0 10.9851 6.55177
      vertex 3.85 11.0626 6.86115
      vertex 0 11.0626 6.86115
    endloop
  endfacet
  facet normal 0 -0.970032 0.242978
    outer loop
      vertex 3.85 11.0626 6.86115
      vertex 0 10.9851 6.55177
      vertex 3.85 10.9851 6.55177
    endloop
  endfacet
  facet normal -0 0.5957 0.803207
    outer loop
      vertex 0 6.0694 4.79291
      vertex 3.85 5.81322 4.98291
      vertex 3.85 6.0694 4.79291
    endloop
  endfacet
  facet normal 0 0.5957 0.803207
    outer loop
      vertex 3.85 5.81322 4.98291
      vertex 0 6.0694 4.79291
      vertex 0 5.81322 4.98291
    endloop
  endfacet
  facet normal -0 0.146732 0.989176
    outer loop
      vertex 0 7.55645 4.26084
      vertex 3.85 7.24096 4.30764
      vertex 3.85 7.55645 4.26084
    endloop
  endfacet
  facet normal 0 0.146732 0.989176
    outer loop
      vertex 3.85 7.24096 4.30764
      vertex 0 7.55645 4.26084
      vertex 0 7.24096 4.30764
    endloop
  endfacet
  facet normal -0 0.242978 0.970032
    outer loop
      vertex 0 7.24096 4.30764
      vertex 3.85 6.93157 4.38513
      vertex 3.85 7.24096 4.30764
    endloop
  endfacet
  facet normal 0 0.242978 0.970032
    outer loop
      vertex 3.85 6.93157 4.38513
      vertex 0 7.24096 4.30764
      vertex 0 6.93157 4.38513
    endloop
  endfacet
  facet normal 0 -0.0490675 0.998795
    outer loop
      vertex 0 7.99764 4.25122
      vertex 3.85 8.19355 4.26084
      vertex 0 8.19355 4.26084
    endloop
  endfacet
  facet normal 3.91169e-08 -0.0490683 0.998795
    outer loop
      vertex 3.85 8.19355 4.26084
      vertex 0 7.99764 4.25122
      vertex 3.85 7.875 4.24519
    endloop
  endfacet
  facet normal 0 -0.146732 0.989176
    outer loop
      vertex 0 8.50904 4.30764
      vertex 3.85 8.19355 4.26084
      vertex 3.85 8.50904 4.30764
    endloop
  endfacet
  facet normal 0 -0.146732 0.989176
    outer loop
      vertex 3.85 8.19355 4.26084
      vertex 0 8.50904 4.30764
      vertex 0 8.19355 4.26084
    endloop
  endfacet
  facet normal 0 -0.5141 0.85773
    outer loop
      vertex 0 9.6806 4.79291
      vertex 3.85 9.40704 4.62895
      vertex 3.85 9.6806 4.79291
    endloop
  endfacet
  facet normal 0 -0.5141 0.85773
    outer loop
      vertex 3.85 9.40704 4.62895
      vertex 0 9.6806 4.79291
      vertex 0 9.40704 4.62895
    endloop
  endfacet
  facet normal 0 -0.242978 0.970032
    outer loop
      vertex 0 8.81843 4.38513
      vertex 3.85 8.50904 4.30764
      vertex 3.85 8.81843 4.38513
    endloop
  endfacet
  facet normal 0 -0.242978 0.970032
    outer loop
      vertex 3.85 8.50904 4.30764
      vertex 0 8.81843 4.38513
      vertex 0 8.50904 4.30764
    endloop
  endfacet
  facet normal -2.22045e-16 0 -1
    outer loop
      vertex 12 1.90735e-07 1.77636e-15
      vertex 20 2.95 0
      vertex 20 1.90735e-07 0
    endloop
  endfacet
  facet normal -2.22045e-16 0 -1
    outer loop
      vertex 20 2.95 0
      vertex 12 1.90735e-07 1.77636e-15
      vertex 12 2.95 1.77636e-15
    endloop
  endfacet
  facet normal -1 0 0
    outer loop
      vertex 12 1.90735e-07 8
      vertex 12 2.95 16
      vertex 12 2.95 8
    endloop
  endfacet
  facet normal -1 -0 0
    outer loop
      vertex 12 2.95 16
      vertex 12 1.90735e-07 8
      vertex 12 1.90735e-07 16
    endloop
  endfacet
  facet normal -0 0 1
    outer loop
      vertex 12 2.95 16
      vertex 20 1.90735e-07 16
      vertex 20 2.95 16
    endloop
  endfacet
  facet normal 0 0 1
    outer loop
      vertex 20 1.90735e-07 16
      vertex 12 2.95 16
      vertex 12 1.90735e-07 16
    endloop
  endfacet
  facet normal 0 -1 0
    outer loop
      vertex 18.5277 1.90735e-07 10.2034
      vertex 20 1.90735e-07 16
      vertex 12 1.90735e-07 16
    endloop
  endfacet
  facet normal -0 -1 0
    outer loop
      vertex 18.9859 1.90735e-07 10.4483
      vertex 20 1.90735e-07 16
      vertex 18.7508 1.90735e-07 10.3371
    endloop
  endfacet
  facet normal -0 -1 0
    outer loop
      vertex 19.483 1.90735e-07 10.5991
      vertex 20 1.90735e-07 16
      vertex 19.2307 1.90735e-07 10.5359
    endloop
  endfacet
  facet normal -0 -1 0
    outer loop
      vertex 19.7403 1.90735e-07 10.6372
      vertex 20 1.90735e-07 16
      vertex 19.483 1.90735e-07 10.5991
    endloop
  endfacet
  facet normal 0 -1 0
    outer loop
      vertex 20 1.90735e-07 16
      vertex 20 1.90735e-07 10.65
      vertex 20.7841 1.90735e-07 15.9615
    endloop
  endfacet
  facet normal 0 -1 -0
    outer loop
      vertex 20.7841 1.90735e-07 15.9615
      vertex 20.2597 1.90735e-07 10.6372
      vertex 21.5607 1.90735e-07 15.8463
    endloop
  endfacet
  facet normal 0 -1 0
    outer loop
      vertex 20.517 1.90735e-07 10.5991
      vertex 21.5607 1.90735e-07 15.8463
      vertex 20.2597 1.90735e-07 10.6372
    endloop
  endfacet
  facet normal 0 -1 0
    outer loop
      vertex 20.7693 1.90735e-07 10.5359
      vertex 22.3223 1.90735e-07 15.6555
      vertex 20.517 1.90735e-07 10.5991
    endloop
  endfacet
  facet normal 0 -1 0
    outer loop
      vertex 21.0141 1.90735e-07 10.4483
      vertex 23.0615 1.90735e-07 15.391
      vertex 20.7693 1.90735e-07 10.5359
    endloop
  endfacet
  facet normal 0 -1 -0
    outer loop
      vertex 23.0615 1.90735e-07 15.391
      vertex 21.0141 1.90735e-07 10.4483
      vertex 23.7712 1.90735e-07 15.0554
    endloop
  endfacet
  facet normal 0 -1 -0
    outer loop
      vertex 23.7712 1.90735e-07 15.0554
      vertex 21.2492 1.90735e-07 10.3371
      vertex 24.4446 1.90735e-07 14.6518
    endloop
  endfacet
  facet normal 0 -1 0
    outer loop
      vertex 21.4723 1.90735e-07 10.2034
      vertex 24.4446 1.90735e-07 14.6518
      vertex 21.2492 1.90735e-07 10.3371
    endloop
  endfacet
  facet normal 0 -1 0
    outer loop
      vertex 21.2492 1.90735e-07 10.3371
      vertex 23.7712 1.90735e-07 15.0554
      vertex 21.0141 1.90735e-07 10.4483
    endloop
  endfacet
  facet normal 0 -1 -0
    outer loop
      vertex 22.3223 1.90735e-07 15.6555
      vertex 20.7693 1.90735e-07 10.5359
      vertex 23.0615 1.90735e-07 15.391
    endloop
  endfacet
  facet normal 0 -1 -0
    outer loop
      vertex 21.5607 1.90735e-07 15.8463
      vertex 20.517 1.90735e-07 10.5991
      vertex 22.3223 1.90735e-07 15.6555
    endloop
  endfacet
  facet normal 0 -1 0
    outer loop
      vertex 20.2597 1.90735e-07 10.6372
      vertex 20.7841 1.90735e-07 15.9615
      vertex 20 1.90735e-07 10.65
    endloop
  endfacet
  facet normal -0 -1 0
    outer loop
      vertex 20 1.90735e-07 10.65
      vertex 20 1.90735e-07 16
      vertex 19.7403 1.90735e-07 10.6372
    endloop
  endfacet
  facet normal -0 -1 0
    outer loop
      vertex 19.2307 1.90735e-07 10.5359
      vertex 20 1.90735e-07 16
      vertex 18.9859 1.90735e-07 10.4483
    endloop
  endfacet
  facet normal 0 -1 0
    outer loop
      vertex 20 1.90735e-07 16
      vertex 18.5277 1.90735e-07 10.2034
      vertex 18.7508 1.90735e-07 10.3371
    endloop
  endfacet
  facet normal 0 -1 0
    outer loop
      vertex 12 1.90735e-07 16
      vertex 18.3189 1.90735e-07 10.0485
      vertex 18.5277 1.90735e-07 10.2034
    endloop
  endfacet
  facet normal 0 -1 0
    outer loop
      vertex 12 1.90735e-07 16
      vertex 18.1262 1.90735e-07 9.87383
      vertex 18.3189 1.90735e-07 10.0485
    endloop
  endfacet
  facet normal 0 -1 0
    outer loop
      vertex 12 1.90735e-07 16
      vertex 17.9515 1.90735e-07 9.68114
      vertex 18.1262 1.90735e-07 9.87383
    endloop
  endfacet
  facet normal 0 -1 0
    outer loop
      vertex 12 1.90735e-07 16
      vertex 17.7966 1.90735e-07 9.47226
      vertex 17.9515 1.90735e-07 9.68114
    endloop
  endfacet
  facet normal 0 -1 0
    outer loop
      vertex 12 1.90735e-07 8
      vertex 17.7966 1.90735e-07 9.47226
      vertex 12 1.90735e-07 16
    endloop
  endfacet
  facet normal 0 -1 0
    outer loop
      vertex 17.7966 1.90735e-07 9.47226
      vertex 12 1.90735e-07 8
      vertex 17.6629 1.90735e-07 9.2492
    endloop
  endfacet
  facet normal 0 -1 0
    outer loop
      vertex 17.6629 1.90735e-07 9.2492
      vertex 12 1.90735e-07 8
      vertex 17.5517 1.90735e-07 9.01411
    endloop
  endfacet
  facet normal 0 -1 0
    outer loop
      vertex 17.5517 1.90735e-07 9.01411
      vertex 12 1.90735e-07 8
      vertex 17.4641 1.90735e-07 8.76925
    endloop
  endfacet
  facet normal 0 -1 0
    outer loop
      vertex 17.4641 1.90735e-07 8.76925
      vertex 12 1.90735e-07 8
      vertex 17.4009 1.90735e-07 8.51699
    endloop
  endfacet
  facet normal 0 -1 0
    outer loop
      vertex 17.4009 1.90735e-07 8.51699
      vertex 12 1.90735e-07 8
      vertex 17.3628 1.90735e-07 8.25974
    endloop
  endfacet
  facet normal 0 -1 0
    outer loop
      vertex 12 1.90735e-07 8
      vertex 17.35 1.90735e-07 8
      vertex 17.3628 1.90735e-07 8.25974
    endloop
  endfacet
  facet normal 0 -1 0
    outer loop
      vertex 12 1.90735e-07 8
      vertex 17.3628 1.90735e-07 7.74026
      vertex 17.35 1.90735e-07 8
    endloop
  endfacet
  facet normal 0 -1 0
    outer loop
      vertex 12 1.90735e-07 8
      vertex 17.4009 1.90735e-07 7.48301
      vertex 17.3628 1.90735e-07 7.74026
    endloop
  endfacet
  facet normal 0 -1 0
    outer loop
      vertex 12 1.90735e-07 8
      vertex 17.4641 1.90735e-07 7.23075
      vertex 17.4009 1.90735e-07 7.48301
    endloop
  endfacet
  facet normal 0 -1 0
    outer loop
      vertex 12 1.90735e-07 8
      vertex 17.5517 1.90735e-07 6.98589
      vertex 17.4641 1.90735e-07 7.23075
    endloop
  endfacet
  facet normal 0 -1 0
    outer loop
      vertex 12 1.90735e-07 8
      vertex 17.6629 1.90735e-07 6.7508
      vertex 17.5517 1.90735e-07 6.98589
    endloop
  endfacet
  facet normal 0 -1 0
    outer loop
      vertex 12 1.90735e-07 8
      vertex 17.7966 1.90735e-07 6.52774
      vertex 17.6629 1.90735e-07 6.7508
    endloop
  endfacet
  facet normal 0 -1 0
    outer loop
      vertex 12 1.90735e-07 1.77636e-15
      vertex 17.7966 1.90735e-07 6.52774
      vertex 12 1.90735e-07 8
    endloop
  endfacet
  facet normal 0 -1 -0
    outer loop
      vertex 17.7966 1.90735e-07 6.52774
      vertex 12 1.90735e-07 1.77636e-15
      vertex 17.9515 1.90735e-07 6.31886
    endloop
  endfacet
  facet normal 0 -1 -0
    outer loop
      vertex 17.9515 1.90735e-07 6.31886
      vertex 12 1.90735e-07 1.77636e-15
      vertex 18.1262 1.90735e-07 6.12617
    endloop
  endfacet
  facet normal 0 -1 -0
    outer loop
      vertex 18.1262 1.90735e-07 6.12617
      vertex 12 1.90735e-07 1.77636e-15
      vertex 18.3189 1.90735e-07 5.95152
    endloop
  endfacet
  facet normal 0 -1 -0
    outer loop
      vertex 18.3189 1.90735e-07 5.95152
      vertex 12 1.90735e-07 1.77636e-15
      vertex 18.5277 1.90735e-07 5.79661
    endloop
  endfacet
  facet normal 0 -1 0
    outer loop
      vertex 20 1.90735e-07 0
      vertex 18.5277 1.90735e-07 5.79661
      vertex 12 1.90735e-07 1.77636e-15
    endloop
  endfacet
  facet normal 0 -1 0
    outer loop
      vertex 18.5277 1.90735e-07 5.79661
      vertex 20 1.90735e-07 0
      vertex 18.7508 1.90735e-07 5.66291
    endloop
  endfacet
  facet normal 0 -1 0
    outer loop
      vertex 20 1.90735e-07 0
      vertex 20 1.90735e-07 5.35
      vertex 19.7403 1.90735e-07 5.36276
    endloop
  endfacet
  facet normal 0 -1 0
    outer loop
      vertex 20 1.90735e-07 5.35
      vertex 27.0554 1.90735e-07 4.22883
      vertex 27.391 1.90735e-07 4.93853
    endloop
  endfacet
  facet normal 0 -1 0
    outer loop
      vertex 20 1.90735e-07 0
      vertex 19.7403 1.90735e-07 5.36276
      vertex 19.483 1.90735e-07 5.40092
    endloop
  endfacet
  facet normal 0 -1 0
    outer loop
      vertex 20 1.90735e-07 5.35
      vertex 26.6518 1.90735e-07 3.55544
      vertex 27.0554 1.90735e-07 4.22883
    endloop
  endfacet
  facet normal 0 -1 0
    outer loop
      vertex 20 1.90735e-07 0
      vertex 19.483 1.90735e-07 5.40092
      vertex 19.2307 1.90735e-07 5.46411
    endloop
  endfacet
  facet normal 0 -1 0
    outer loop
      vertex 20 1.90735e-07 5.35
      vertex 26.1841 1.90735e-07 2.92485
      vertex 26.6518 1.90735e-07 3.55544
    endloop
  endfacet
  facet normal 0 -1 0
    outer loop
      vertex 18.7508 1.90735e-07 5.66291
      vertex 20 1.90735e-07 0
      vertex 18.9859 1.90735e-07 5.55172
    endloop
  endfacet
  facet normal 0 -1 0
    outer loop
      vertex 20 1.90735e-07 5.35
      vertex 25.6569 1.90735e-07 2.34315
      vertex 26.1841 1.90735e-07 2.92485
    endloop
  endfacet
  facet normal 0 -1 0
    outer loop
      vertex 20 1.90735e-07 5.35
      vertex 25.0751 1.90735e-07 1.81592
      vertex 25.6569 1.90735e-07 2.34315
    endloop
  endfacet
  facet normal 0 -1 0
    outer loop
      vertex 20 1.90735e-07 5.35
      vertex 24.4446 1.90735e-07 1.34824
      vertex 25.0751 1.90735e-07 1.81592
    endloop
  endfacet
  facet normal 0 -1 0
    outer loop
      vertex 20 1.90735e-07 5.35
      vertex 23.7712 1.90735e-07 0.944631
      vertex 24.4446 1.90735e-07 1.34824
    endloop
  endfacet
  facet normal 0 -1 0
    outer loop
      vertex 20 1.90735e-07 5.35
      vertex 23.0615 1.90735e-07 0.608964
      vertex 23.7712 1.90735e-07 0.944631
    endloop
  endfacet
  facet normal 0 -1 0
    outer loop
      vertex 20 1.90735e-07 5.35
      vertex 22.3223 1.90735e-07 0.344478
      vertex 23.0615 1.90735e-07 0.608964
    endloop
  endfacet
  facet normal 0 -1 0
    outer loop
      vertex 20 1.90735e-07 5.35
      vertex 21.5607 1.90735e-07 0.153718
      vertex 22.3223 1.90735e-07 0.344478
    endloop
  endfacet
  facet normal 0 -1 0
    outer loop
      vertex 20 1.90735e-07 5.35
      vertex 20.7841 1.90735e-07 0.0385227
      vertex 21.5607 1.90735e-07 0.153718
    endloop
  endfacet
  facet normal 0 -1 0
    outer loop
      vertex 18.9859 1.90735e-07 5.55172
      vertex 20 1.90735e-07 0
      vertex 19.2307 1.90735e-07 5.46411
    endloop
  endfacet
  facet normal 0 -1 0
    outer loop
      vertex 20 1.90735e-07 5.35
      vertex 20 1.90735e-07 0
      vertex 20.7841 1.90735e-07 0.0385227
    endloop
  endfacet
  facet normal 0 -1 -0
    outer loop
      vertex 24.4446 1.90735e-07 14.6518
      vertex 21.4723 1.90735e-07 10.2034
      vertex 25.0751 1.90735e-07 14.1841
    endloop
  endfacet
  facet normal 0 -1 0
    outer loop
      vertex 21.6811 1.90735e-07 10.0485
      vertex 25.0751 1.90735e-07 14.1841
      vertex 21.4723 1.90735e-07 10.2034
    endloop
  endfacet
  facet normal 0 -1 -0
    outer loop
      vertex 25.0751 1.90735e-07 14.1841
      vertex 21.6811 1.90735e-07 10.0485
      vertex 25.6569 1.90735e-07 13.6569
    endloop
  endfacet
  facet normal 0 -1 0
    outer loop
      vertex 21.8738 1.90735e-07 9.87383
      vertex 25.6569 1.90735e-07 13.6569
      vertex 21.6811 1.90735e-07 10.0485
    endloop
  endfacet
  facet normal 0 -1 -0
    outer loop
      vertex 25.6569 1.90735e-07 13.6569
      vertex 21.8738 1.90735e-07 9.87383
      vertex 26.1841 1.90735e-07 13.0751
    endloop
  endfacet
  facet normal 0 -1 0
    outer loop
      vertex 22.0485 1.90735e-07 9.68114
      vertex 26.1841 1.90735e-07 13.0751
      vertex 21.8738 1.90735e-07 9.87383
    endloop
  endfacet
  facet normal 0 -1 -0
    outer loop
      vertex 26.1841 1.90735e-07 13.0751
      vertex 22.0485 1.90735e-07 9.68114
      vertex 26.6518 1.90735e-07 12.4446
    endloop
  endfacet
  facet normal 0 -1 0
    outer loop
      vertex 22.2034 1.90735e-07 9.47226
      vertex 26.6518 1.90735e-07 12.4446
      vertex 22.0485 1.90735e-07 9.68114
    endloop
  endfacet
  facet normal 0 -1 -0
    outer loop
      vertex 26.6518 1.90735e-07 12.4446
      vertex 22.2034 1.90735e-07 9.47226
      vertex 27.0554 1.90735e-07 11.7712
    endloop
  endfacet
  facet normal 0 -1 0
    outer loop
      vertex 22.3371 1.90735e-07 9.2492
      vertex 27.0554 1.90735e-07 11.7712
      vertex 22.2034 1.90735e-07 9.47226
    endloop
  endfacet
  facet normal 0 -1 -0
    outer loop
      vertex 27.0554 1.90735e-07 11.7712
      vertex 22.3371 1.90735e-07 9.2492
      vertex 27.391 1.90735e-07 11.0615
    endloop
  endfacet
  facet normal 0 -1 0
    outer loop
      vertex 22.4483 1.90735e-07 9.01411
      vertex 27.391 1.90735e-07 11.0615
      vertex 22.3371 1.90735e-07 9.2492
    endloop
  endfacet
  facet normal 0 -1 -0
    outer loop
      vertex 27.391 1.90735e-07 11.0615
      vertex 22.4483 1.90735e-07 9.01411
      vertex 27.6555 1.90735e-07 10.3223
    endloop
  endfacet
  facet normal 0 -1 0
    outer loop
      vertex 22.5359 1.90735e-07 8.76925
      vertex 27.6555 1.90735e-07 10.3223
      vertex 22.4483 1.90735e-07 9.01411
    endloop
  endfacet
  facet normal 0 -1 -0
    outer loop
      vertex 27.6555 1.90735e-07 10.3223
      vertex 22.5359 1.90735e-07 8.76925
      vertex 27.8463 1.90735e-07 9.56072
    endloop
  endfacet
  facet normal 0 -1 0
    outer loop
      vertex 22.5991 1.90735e-07 8.51699
      vertex 27.8463 1.90735e-07 9.56072
      vertex 22.5359 1.90735e-07 8.76925
    endloop
  endfacet
  facet normal 0 -1 -0
    outer loop
      vertex 27.8463 1.90735e-07 9.56072
      vertex 22.5991 1.90735e-07 8.51699
      vertex 27.9615 1.90735e-07 8.78414
    endloop
  endfacet
  facet normal 0 -1 0
    outer loop
      vertex 22.6372 1.90735e-07 8.25974
      vertex 27.9615 1.90735e-07 8.78414
      vertex 22.5991 1.90735e-07 8.51699
    endloop
  endfacet
  facet normal 0 -1 0
    outer loop
      vertex 22.65 1.90735e-07 8
      vertex 27.9615 1.90735e-07 8.78414
      vertex 22.6372 1.90735e-07 8.25974
    endloop
  endfacet
  facet normal 0 -1 0
    outer loop
      vertex 22.65 1.90735e-07 8
      vertex 28 1.90735e-07 8
      vertex 27.9615 1.90735e-07 8.78414
    endloop
  endfacet
  facet normal 0 -1 0
    outer loop
      vertex 22.6372 1.90735e-07 7.74026
      vertex 28 1.90735e-07 8
      vertex 22.65 1.90735e-07 8
    endloop
  endfacet
  facet normal 0 -1 0
    outer loop
      vertex 27.9615 1.90735e-07 7.21586
      vertex 22.6372 1.90735e-07 7.74026
      vertex 22.5991 1.90735e-07 7.48301
    endloop
  endfacet
  facet normal 0 -1 0
    outer loop
      vertex 27.8463 1.90735e-07 6.43928
      vertex 22.5991 1.90735e-07 7.48301
      vertex 22.5359 1.90735e-07 7.23075
    endloop
  endfacet
  facet normal 0 -1 0
    outer loop
      vertex 22.6372 1.90735e-07 7.74026
      vertex 27.9615 1.90735e-07 7.21586
      vertex 28 1.90735e-07 8
    endloop
  endfacet
  facet normal 0 -1 0
    outer loop
      vertex 27.6555 1.90735e-07 5.67772
      vertex 22.5359 1.90735e-07 7.23075
      vertex 22.4483 1.90735e-07 6.98589
    endloop
  endfacet
  facet normal 0 -1 0
    outer loop
      vertex 27.391 1.90735e-07 4.93853
      vertex 22.4483 1.90735e-07 6.98589
      vertex 22.3371 1.90735e-07 6.7508
    endloop
  endfacet
  facet normal 0 -1 0
    outer loop
      vertex 27.391 1.90735e-07 4.93853
      vertex 22.3371 1.90735e-07 6.7508
      vertex 22.2034 1.90735e-07 6.52774
    endloop
  endfacet
  facet normal 0 -1 0
    outer loop
      vertex 22.5991 1.90735e-07 7.48301
      vertex 27.8463 1.90735e-07 6.43928
      vertex 27.9615 1.90735e-07 7.21586
    endloop
  endfacet
  facet normal 0 -1 0
    outer loop
      vertex 27.391 1.90735e-07 4.93853
      vertex 22.2034 1.90735e-07 6.52774
      vertex 22.0485 1.90735e-07 6.31886
    endloop
  endfacet
  facet normal 0 -1 0
    outer loop
      vertex 27.391 1.90735e-07 4.93853
      vertex 22.0485 1.90735e-07 6.31886
      vertex 21.8738 1.90735e-07 6.12617
    endloop
  endfacet
  facet normal 0 -1 0
    outer loop
      vertex 27.391 1.90735e-07 4.93853
      vertex 21.8738 1.90735e-07 6.12617
      vertex 21.6811 1.90735e-07 5.95152
    endloop
  endfacet
  facet normal 0 -1 0
    outer loop
      vertex 27.391 1.90735e-07 4.93853
      vertex 21.6811 1.90735e-07 5.95152
      vertex 21.4723 1.90735e-07 5.79661
    endloop
  endfacet
  facet normal 0 -1 0
    outer loop
      vertex 22.5359 1.90735e-07 7.23075
      vertex 27.6555 1.90735e-07 5.67772
      vertex 27.8463 1.90735e-07 6.43928
    endloop
  endfacet
  facet normal 0 -1 0
    outer loop
      vertex 27.391 1.90735e-07 4.93853
      vertex 21.4723 1.90735e-07 5.79661
      vertex 21.2492 1.90735e-07 5.66291
    endloop
  endfacet
  facet normal 0 -1 0
    outer loop
      vertex 27.391 1.90735e-07 4.93853
      vertex 21.2492 1.90735e-07 5.66291
      vertex 21.0141 1.90735e-07 5.55172
    endloop
  endfacet
  facet normal 0 -1 0
    outer loop
      vertex 27.391 1.90735e-07 4.93853
      vertex 21.0141 1.90735e-07 5.55172
      vertex 20.7693 1.90735e-07 5.46411
    endloop
  endfacet
  facet normal 0 -1 0
    outer loop
      vertex 27.391 1.90735e-07 4.93853
      vertex 20.7693 1.90735e-07 5.46411
      vertex 20.517 1.90735e-07 5.40092
    endloop
  endfacet
  facet normal 0 -1 0
    outer loop
      vertex 27.391 1.90735e-07 4.93853
      vertex 20.517 1.90735e-07 5.40092
      vertex 20.2597 1.90735e-07 5.36276
    endloop
  endfacet
  facet normal 0 -1 0
    outer loop
      vertex 27.391 1.90735e-07 4.93853
      vertex 20.2597 1.90735e-07 5.36276
      vertex 20 1.90735e-07 5.35
    endloop
  endfacet
  facet normal 0 -1 0
    outer loop
      vertex 22.4483 1.90735e-07 6.98589
      vertex 27.391 1.90735e-07 4.93853
      vertex 27.6555 1.90735e-07 5.67772
    endloop
  endfacet
  facet normal 0 1 0
    outer loop
      vertex 20.7841 2.95 15.9615
      vertex 20.2597 2.95 10.6372
      vertex 20 2.95 10.65
    endloop
  endfacet
  facet normal 0 1 0
    outer loop
      vertex 27.0554 2.95 11.7712
      vertex 20.517 2.95 10.5991
      vertex 20.2597 2.95 10.6372
    endloop
  endfacet
  facet normal 0 1 0
    outer loop
      vertex 27.0554 2.95 11.7712
      vertex 20.7693 2.95 10.5359
      vertex 20.517 2.95 10.5991
    endloop
  endfacet
  facet normal 0 1 0
    outer loop
      vertex 27.0554 2.95 11.7712
      vertex 21.0141 2.95 10.4483
      vertex 20.7693 2.95 10.5359
    endloop
  endfacet
  facet normal 0 1 0
    outer loop
      vertex 27.0554 2.95 11.7712
      vertex 21.2492 2.95 10.3371
      vertex 21.0141 2.95 10.4483
    endloop
  endfacet
  facet normal 0 1 0
    outer loop
      vertex 22.4483 2.95 9.01411
      vertex 27.391 2.95 11.0615
      vertex 27.6555 2.95 10.3223
    endloop
  endfacet
  facet normal 0 1 0
    outer loop
      vertex 27.0554 2.95 11.7712
      vertex 21.4723 2.95 10.2034
      vertex 21.2492 2.95 10.3371
    endloop
  endfacet
  facet normal 0 1 0
    outer loop
      vertex 27.0554 2.95 11.7712
      vertex 21.6811 2.95 10.0485
      vertex 21.4723 2.95 10.2034
    endloop
  endfacet
  facet normal 0 1 0
    outer loop
      vertex 27.0554 2.95 11.7712
      vertex 21.8738 2.95 9.87383
      vertex 21.6811 2.95 10.0485
    endloop
  endfacet
  facet normal 0 1 0
    outer loop
      vertex 27.0554 2.95 11.7712
      vertex 22.0485 2.95 9.68114
      vertex 21.8738 2.95 9.87383
    endloop
  endfacet
  facet normal 0 1 0
    outer loop
      vertex 22.5359 2.95 8.76925
      vertex 27.6555 2.95 10.3223
      vertex 27.8463 2.95 9.56072
    endloop
  endfacet
  facet normal 0 1 0
    outer loop
      vertex 27.0554 2.95 11.7712
      vertex 22.2034 2.95 9.47226
      vertex 22.0485 2.95 9.68114
    endloop
  endfacet
  facet normal 0 1 0
    outer loop
      vertex 27.0554 2.95 11.7712
      vertex 22.3371 2.95 9.2492
      vertex 22.2034 2.95 9.47226
    endloop
  endfacet
  facet normal 0 1 0
    outer loop
      vertex 27.391 2.95 11.0615
      vertex 22.4483 2.95 9.01411
      vertex 22.3371 2.95 9.2492
    endloop
  endfacet
  facet normal 0 1 0
    outer loop
      vertex 22.5991 2.95 8.51699
      vertex 27.8463 2.95 9.56072
      vertex 27.9615 2.95 8.78414
    endloop
  endfacet
  facet normal 0 1 0
    outer loop
      vertex 27.6555 2.95 10.3223
      vertex 22.5359 2.95 8.76925
      vertex 22.4483 2.95 9.01411
    endloop
  endfacet
  facet normal 0 1 0
    outer loop
      vertex 27.8463 2.95 9.56072
      vertex 22.5991 2.95 8.51699
      vertex 22.5359 2.95 8.76925
    endloop
  endfacet
  facet normal 0 1 0
    outer loop
      vertex 27.9615 2.95 8.78414
      vertex 22.6372 2.95 8.25974
      vertex 22.5991 2.95 8.51699
    endloop
  endfacet
  facet normal 0 1 0
    outer loop
      vertex 28 2.95 8
      vertex 22.6372 2.95 8.25974
      vertex 27.9615 2.95 8.78414
    endloop
  endfacet
  facet normal 0 1 0
    outer loop
      vertex 28 2.95 8
      vertex 22.65 2.95 8
      vertex 22.6372 2.95 8.25974
    endloop
  endfacet
  facet normal 0 1 0
    outer loop
      vertex 28 2.95 8
      vertex 22.6372 2.95 7.74026
      vertex 22.65 2.95 8
    endloop
  endfacet
  facet normal 0 1 -0
    outer loop
      vertex 27.9615 2.95 7.21586
      vertex 22.6372 2.95 7.74026
      vertex 28 2.95 8
    endloop
  endfacet
  facet normal 0 1 0
    outer loop
      vertex 22.6372 2.95 7.74026
      vertex 27.9615 2.95 7.21586
      vertex 22.5991 2.95 7.48301
    endloop
  endfacet
  facet normal 0 1 -0
    outer loop
      vertex 27.8463 2.95 6.43928
      vertex 22.5991 2.95 7.48301
      vertex 27.9615 2.95 7.21586
    endloop
  endfacet
  facet normal 0 1 0
    outer loop
      vertex 22.5991 2.95 7.48301
      vertex 27.8463 2.95 6.43928
      vertex 22.5359 2.95 7.23075
    endloop
  endfacet
  facet normal 0 1 -0
    outer loop
      vertex 27.6555 2.95 5.67772
      vertex 22.5359 2.95 7.23075
      vertex 27.8463 2.95 6.43928
    endloop
  endfacet
  facet normal 0 1 0
    outer loop
      vertex 22.5359 2.95 7.23075
      vertex 27.6555 2.95 5.67772
      vertex 22.4483 2.95 6.98589
    endloop
  endfacet
  facet normal 0 1 -0
    outer loop
      vertex 27.391 2.95 4.93853
      vertex 22.4483 2.95 6.98589
      vertex 27.6555 2.95 5.67772
    endloop
  endfacet
  facet normal 0 1 0
    outer loop
      vertex 22.4483 2.95 6.98589
      vertex 27.391 2.95 4.93853
      vertex 22.3371 2.95 6.7508
    endloop
  endfacet
  facet normal 0 1 -0
    outer loop
      vertex 27.0554 2.95 4.22883
      vertex 22.3371 2.95 6.7508
      vertex 27.391 2.95 4.93853
    endloop
  endfacet
  facet normal 0 1 0
    outer loop
      vertex 22.3371 2.95 6.7508
      vertex 27.0554 2.95 4.22883
      vertex 22.2034 2.95 6.52774
    endloop
  endfacet
  facet normal 0 1 -0
    outer loop
      vertex 26.6518 2.95 3.55544
      vertex 22.2034 2.95 6.52774
      vertex 27.0554 2.95 4.22883
    endloop
  endfacet
  facet normal 0 1 0
    outer loop
      vertex 22.2034 2.95 6.52774
      vertex 26.6518 2.95 3.55544
      vertex 22.0485 2.95 6.31886
    endloop
  endfacet
  facet normal 0 1 -0
    outer loop
      vertex 26.1841 2.95 2.92485
      vertex 22.0485 2.95 6.31886
      vertex 26.6518 2.95 3.55544
    endloop
  endfacet
  facet normal 0 1 0
    outer loop
      vertex 22.0485 2.95 6.31886
      vertex 26.1841 2.95 2.92485
      vertex 21.8738 2.95 6.12617
    endloop
  endfacet
  facet normal 0 1 -0
    outer loop
      vertex 25.6569 2.95 2.34315
      vertex 21.8738 2.95 6.12617
      vertex 26.1841 2.95 2.92485
    endloop
  endfacet
  facet normal 0 1 0
    outer loop
      vertex 21.8738 2.95 6.12617
      vertex 25.6569 2.95 2.34315
      vertex 21.6811 2.95 5.95152
    endloop
  endfacet
  facet normal 0 1 -0
    outer loop
      vertex 25.0751 2.95 1.81592
      vertex 21.6811 2.95 5.95152
      vertex 25.6569 2.95 2.34315
    endloop
  endfacet
  facet normal 0 1 0
    outer loop
      vertex 21.6811 2.95 5.95152
      vertex 25.0751 2.95 1.81592
      vertex 21.4723 2.95 5.79661
    endloop
  endfacet
  facet normal 0 1 -0
    outer loop
      vertex 24.4446 2.95 1.34824
      vertex 21.4723 2.95 5.79661
      vertex 25.0751 2.95 1.81592
    endloop
  endfacet
  facet normal 0 1 0
    outer loop
      vertex 20 2.95 10.65
      vertex 20 2.95 16
      vertex 20.7841 2.95 15.9615
    endloop
  endfacet
  facet normal 0 1 0
    outer loop
      vertex 20.2597 2.95 10.6372
      vertex 20.7841 2.95 15.9615
      vertex 21.5607 2.95 15.8463
    endloop
  endfacet
  facet normal 0 1 0
    outer loop
      vertex 20.2597 2.95 10.6372
      vertex 21.5607 2.95 15.8463
      vertex 22.3223 2.95 15.6555
    endloop
  endfacet
  facet normal 0 1 0
    outer loop
      vertex 20.2597 2.95 10.6372
      vertex 22.3223 2.95 15.6555
      vertex 23.0615 2.95 15.391
    endloop
  endfacet
  facet normal 0 1 0
    outer loop
      vertex 20.2597 2.95 10.6372
      vertex 23.0615 2.95 15.391
      vertex 23.7712 2.95 15.0554
    endloop
  endfacet
  facet normal 0 1 0
    outer loop
      vertex 20.2597 2.95 10.6372
      vertex 23.7712 2.95 15.0554
      vertex 24.4446 2.95 14.6518
    endloop
  endfacet
  facet normal 0 1 0
    outer loop
      vertex 20.2597 2.95 10.6372
      vertex 24.4446 2.95 14.6518
      vertex 25.0751 2.95 14.1841
    endloop
  endfacet
  facet normal 0 1 0
    outer loop
      vertex 20.2597 2.95 10.6372
      vertex 25.0751 2.95 14.1841
      vertex 25.6569 2.95 13.6569
    endloop
  endfacet
  facet normal 0 1 0
    outer loop
      vertex 20.2597 2.95 10.6372
      vertex 25.6569 2.95 13.6569
      vertex 26.1841 2.95 13.0751
    endloop
  endfacet
  facet normal 0 1 0
    outer loop
      vertex 20.2597 2.95 10.6372
      vertex 26.1841 2.95 13.0751
      vertex 26.6518 2.95 12.4446
    endloop
  endfacet
  facet normal 0 1 0
    outer loop
      vertex 20.2597 2.95 10.6372
      vertex 26.6518 2.95 12.4446
      vertex 27.0554 2.95 11.7712
    endloop
  endfacet
  facet normal 0 1 0
    outer loop
      vertex 22.3371 2.95 9.2492
      vertex 27.0554 2.95 11.7712
      vertex 27.391 2.95 11.0615
    endloop
  endfacet
  facet normal 0 1 0
    outer loop
      vertex 20 2.95 16
      vertex 20 2.95 10.65
      vertex 19.7403 2.95 10.6372
    endloop
  endfacet
  facet normal 0 1 0
    outer loop
      vertex 20 2.95 16
      vertex 19.7403 2.95 10.6372
      vertex 19.483 2.95 10.5991
    endloop
  endfacet
  facet normal 0 1 0
    outer loop
      vertex 20 2.95 16
      vertex 19.483 2.95 10.5991
      vertex 19.2307 2.95 10.5359
    endloop
  endfacet
  facet normal 0 1 0
    outer loop
      vertex 20 2.95 16
      vertex 19.2307 2.95 10.5359
      vertex 18.9859 2.95 10.4483
    endloop
  endfacet
  facet normal 0 1 0
    outer loop
      vertex 20 2.95 16
      vertex 18.9859 2.95 10.4483
      vertex 18.7508 2.95 10.3371
    endloop
  endfacet
  facet normal 0 1 0
    outer loop
      vertex 18.5277 2.95 10.2034
      vertex 20 2.95 16
      vertex 18.7508 2.95 10.3371
    endloop
  endfacet
  facet normal 0 1 0
    outer loop
      vertex 20 2.95 16
      vertex 18.5277 2.95 10.2034
      vertex 12 2.95 16
    endloop
  endfacet
  facet normal 0 1 -0
    outer loop
      vertex 18.3189 2.95 10.0485
      vertex 12 2.95 16
      vertex 18.5277 2.95 10.2034
    endloop
  endfacet
  facet normal 0 1 -0
    outer loop
      vertex 18.1262 2.95 9.87383
      vertex 12 2.95 16
      vertex 18.3189 2.95 10.0485
    endloop
  endfacet
  facet normal 0 1 -0
    outer loop
      vertex 17.9515 2.95 9.68114
      vertex 12 2.95 16
      vertex 18.1262 2.95 9.87383
    endloop
  endfacet
  facet normal 0 1 -0
    outer loop
      vertex 17.7966 2.95 9.47226
      vertex 12 2.95 16
      vertex 17.9515 2.95 9.68114
    endloop
  endfacet
  facet normal 0 1 0
    outer loop
      vertex 12 2.95 8
      vertex 17.7966 2.95 9.47226
      vertex 17.6629 2.95 9.2492
    endloop
  endfacet
  facet normal 0 1 0
    outer loop
      vertex 12 2.95 8
      vertex 17.6629 2.95 9.2492
      vertex 17.5517 2.95 9.01411
    endloop
  endfacet
  facet normal 0 1 0
    outer loop
      vertex 12 2.95 8
      vertex 17.5517 2.95 9.01411
      vertex 17.4641 2.95 8.76925
    endloop
  endfacet
  facet normal 0 1 0
    outer loop
      vertex 12 2.95 8
      vertex 17.4641 2.95 8.76925
      vertex 17.4009 2.95 8.51699
    endloop
  endfacet
  facet normal 0 1 0
    outer loop
      vertex 12 2.95 8
      vertex 17.4009 2.95 8.51699
      vertex 17.3628 2.95 8.25974
    endloop
  endfacet
  facet normal 0 1 0
    outer loop
      vertex 12 2.95 8
      vertex 17.3628 2.95 8.25974
      vertex 17.35 2.95 8
    endloop
  endfacet
  facet normal 0 1 0
    outer loop
      vertex 17.7966 2.95 9.47226
      vertex 12 2.95 8
      vertex 12 2.95 16
    endloop
  endfacet
  facet normal 0 1 0
    outer loop
      vertex 17.3628 2.95 7.74026
      vertex 12 2.95 8
      vertex 17.35 2.95 8
    endloop
  endfacet
  facet normal 0 1 0
    outer loop
      vertex 17.4009 2.95 7.48301
      vertex 12 2.95 8
      vertex 17.3628 2.95 7.74026
    endloop
  endfacet
  facet normal 0 1 0
    outer loop
      vertex 17.4641 2.95 7.23075
      vertex 12 2.95 8
      vertex 17.4009 2.95 7.48301
    endloop
  endfacet
  facet normal 0 1 0
    outer loop
      vertex 17.5517 2.95 6.98589
      vertex 12 2.95 8
      vertex 17.4641 2.95 7.23075
    endloop
  endfacet
  facet normal 0 1 0
    outer loop
      vertex 17.6629 2.95 6.7508
      vertex 12 2.95 8
      vertex 17.5517 2.95 6.98589
    endloop
  endfacet
  facet normal 0 1 0
    outer loop
      vertex 17.7966 2.95 6.52774
      vertex 12 2.95 8
      vertex 17.6629 2.95 6.7508
    endloop
  endfacet
  facet normal 0 1 0
    outer loop
      vertex 12 2.95 1.77636e-15
      vertex 17.7966 2.95 6.52774
      vertex 17.9515 2.95 6.31886
    endloop
  endfacet
  facet normal 0 1 0
    outer loop
      vertex 12 2.95 1.77636e-15
      vertex 17.9515 2.95 6.31886
      vertex 18.1262 2.95 6.12617
    endloop
  endfacet
  facet normal 0 1 0
    outer loop
      vertex 12 2.95 1.77636e-15
      vertex 18.1262 2.95 6.12617
      vertex 18.3189 2.95 5.95152
    endloop
  endfacet
  facet normal 0 1 0
    outer loop
      vertex 12 2.95 1.77636e-15
      vertex 18.3189 2.95 5.95152
      vertex 18.5277 2.95 5.79661
    endloop
  endfacet
  facet normal 0 1 0
    outer loop
      vertex 20 2.95 0
      vertex 18.5277 2.95 5.79661
      vertex 18.7508 2.95 5.66291
    endloop
  endfacet
  facet normal 0 1 0
    outer loop
      vertex 20 2.95 0
      vertex 18.7508 2.95 5.66291
      vertex 18.9859 2.95 5.55172
    endloop
  endfacet
  facet normal 0 1 0
    outer loop
      vertex 20 2.95 0
      vertex 18.9859 2.95 5.55172
      vertex 19.2307 2.95 5.46411
    endloop
  endfacet
  facet normal 0 1 0
    outer loop
      vertex 21.4723 2.95 5.79661
      vertex 24.4446 2.95 1.34824
      vertex 21.2492 2.95 5.66291
    endloop
  endfacet
  facet normal 0 1 -0
    outer loop
      vertex 23.7712 2.95 0.944631
      vertex 21.2492 2.95 5.66291
      vertex 24.4446 2.95 1.34824
    endloop
  endfacet
  facet normal 0 1 0
    outer loop
      vertex 21.2492 2.95 5.66291
      vertex 23.7712 2.95 0.944631
      vertex 21.0141 2.95 5.55172
    endloop
  endfacet
  facet normal 0 1 -0
    outer loop
      vertex 23.0615 2.95 0.608964
      vertex 21.0141 2.95 5.55172
      vertex 23.7712 2.95 0.944631
    endloop
  endfacet
  facet normal 0 1 0
    outer loop
      vertex 21.0141 2.95 5.55172
      vertex 23.0615 2.95 0.608964
      vertex 20.7693 2.95 5.46411
    endloop
  endfacet
  facet normal 0 1 -0
    outer loop
      vertex 22.3223 2.95 0.344478
      vertex 20.7693 2.95 5.46411
      vertex 23.0615 2.95 0.608964
    endloop
  endfacet
  facet normal 0 1 0
    outer loop
      vertex 20.7693 2.95 5.46411
      vertex 22.3223 2.95 0.344478
      vertex 20.517 2.95 5.40092
    endloop
  endfacet
  facet normal 0 1 -0
    outer loop
      vertex 21.5607 2.95 0.153718
      vertex 20.517 2.95 5.40092
      vertex 22.3223 2.95 0.344478
    endloop
  endfacet
  facet normal 0 1 0
    outer loop
      vertex 20.517 2.95 5.40092
      vertex 21.5607 2.95 0.153718
      vertex 20.2597 2.95 5.36276
    endloop
  endfacet
  facet normal 0 1 -0
    outer loop
      vertex 20.7841 2.95 0.0385227
      vertex 20.2597 2.95 5.36276
      vertex 21.5607 2.95 0.153718
    endloop
  endfacet
  facet normal 0 1 0
    outer loop
      vertex 20.2597 2.95 5.36276
      vertex 20.7841 2.95 0.0385227
      vertex 20 2.95 5.35
    endloop
  endfacet
  facet normal 0 1 0
    outer loop
      vertex 20 2.95 0
      vertex 20 2.95 5.35
      vertex 20.7841 2.95 0.0385227
    endloop
  endfacet
  facet normal 0 1 0
    outer loop
      vertex 20 2.95 5.35
      vertex 20 2.95 0
      vertex 19.7403 2.95 5.36276
    endloop
  endfacet
  facet normal 0 1 0
    outer loop
      vertex 19.7403 2.95 5.36276
      vertex 20 2.95 0
      vertex 19.483 2.95 5.40092
    endloop
  endfacet
  facet normal 0 1 0
    outer loop
      vertex 19.483 2.95 5.40092
      vertex 20 2.95 0
      vertex 19.2307 2.95 5.46411
    endloop
  endfacet
  facet normal 0 1 0
    outer loop
      vertex 18.5277 2.95 5.79661
      vertex 20 2.95 0
      vertex 12 2.95 1.77636e-15
    endloop
  endfacet
  facet normal 0 1 0
    outer loop
      vertex 17.7966 2.95 6.52774
      vertex 12 2.95 1.77636e-15
      vertex 12 2.95 8
    endloop
  endfacet
  facet normal 0.14673 0 0.989177
    outer loop
      vertex 20.7841 2.95 15.9615
      vertex 21.5607 1.90735e-07 15.8463
      vertex 21.5607 2.95 15.8463
    endloop
  endfacet
  facet normal 0.14673 0 0.989177
    outer loop
      vertex 21.5607 1.90735e-07 15.8463
      vertex 20.7841 2.95 15.9615
      vertex 20.7841 1.90735e-07 15.9615
    endloop
  endfacet
  facet normal 0.941545 -0 0.336888
    outer loop
      vertex 27.391 1.90735e-07 11.0615
      vertex 27.6555 2.95 10.3223
      vertex 27.391 2.95 11.0615
    endloop
  endfacet
  facet normal 0.941545 0 0.336888
    outer loop
      vertex 27.6555 2.95 10.3223
      vertex 27.391 1.90735e-07 11.0615
      vertex 27.6555 1.90735e-07 10.3223
    endloop
  endfacet
  facet normal 0.941544 0 -0.33689
    outer loop
      vertex 27.6555 1.90735e-07 5.67772
      vertex 27.391 2.95 4.93853
      vertex 27.6555 2.95 5.67772
    endloop
  endfacet
  facet normal 0.941544 0 -0.33689
    outer loop
      vertex 27.391 2.95 4.93853
      vertex 27.6555 1.90735e-07 5.67772
      vertex 27.391 1.90735e-07 4.93853
    endloop
  endfacet
  facet normal 0.903989 -0 0.427556
    outer loop
      vertex 27.0554 1.90735e-07 11.7712
      vertex 27.391 2.95 11.0615
      vertex 27.0554 2.95 11.7712
    endloop
  endfacet
  facet normal 0.903989 0 0.427556
    outer loop
      vertex 27.391 2.95 11.0615
      vertex 27.0554 1.90735e-07 11.7712
      vertex 27.391 1.90735e-07 11.0615
    endloop
  endfacet
  facet normal 0.14673 0 -0.989177
    outer loop
      vertex 20.7841 1.90735e-07 0.0385227
      vertex 21.5607 2.95 0.153718
      vertex 21.5607 1.90735e-07 0.153718
    endloop
  endfacet
  facet normal 0.14673 0 -0.989177
    outer loop
      vertex 21.5607 2.95 0.153718
      vertex 20.7841 1.90735e-07 0.0385227
      vertex 20.7841 2.95 0.0385227
    endloop
  endfacet
  facet normal 0.740951 -0 0.671559
    outer loop
      vertex 25.6569 1.90735e-07 13.6569
      vertex 26.1841 2.95 13.0751
      vertex 25.6569 2.95 13.6569
    endloop
  endfacet
  facet normal 0.740951 0 0.671559
    outer loop
      vertex 26.1841 2.95 13.0751
      vertex 25.6569 1.90735e-07 13.6569
      vertex 26.1841 1.90735e-07 13.0751
    endloop
  endfacet
  facet normal 0.998795 0 0.0490684
    outer loop
      vertex 28 2.95 8
      vertex 27.9615 1.90735e-07 8.78414
      vertex 28 1.90735e-07 8
    endloop
  endfacet
  facet normal 0.998795 0 0.0490684
    outer loop
      vertex 27.9615 2.95 8.78414
      vertex 27.9615 1.90735e-07 8.78414
      vertex 28 2.95 8
    endloop
  endfacet
  facet normal 0.998795 0 -0.0490684
    outer loop
      vertex 28 1.90735e-07 8
      vertex 27.9615 1.90735e-07 7.21586
      vertex 28 2.95 8
    endloop
  endfacet
  facet normal 0.989176 0 -0.146731
    outer loop
      vertex 27.9615 1.90735e-07 7.21586
      vertex 27.8463 2.95 6.43928
      vertex 27.9615 2.95 7.21586
    endloop
  endfacet
  facet normal 0.989176 0 -0.146731
    outer loop
      vertex 27.8463 2.95 6.43928
      vertex 27.9615 1.90735e-07 7.21586
      vertex 27.8463 1.90735e-07 6.43928
    endloop
  endfacet
  facet normal 0.803207 -0 0.5957
    outer loop
      vertex 26.1841 1.90735e-07 13.0751
      vertex 26.6518 2.95 12.4446
      vertex 26.1841 2.95 13.0751
    endloop
  endfacet
  facet normal 0.803207 0 0.5957
    outer loop
      vertex 26.6518 2.95 12.4446
      vertex 26.1841 1.90735e-07 13.0751
      vertex 26.6518 1.90735e-07 12.4446
    endloop
  endfacet
  facet normal 0.857728 -0 0.514104
    outer loop
      vertex 26.6518 1.90735e-07 12.4446
      vertex 27.0554 2.95 11.7712
      vertex 26.6518 2.95 12.4446
    endloop
  endfacet
  facet normal 0.857728 0 0.514104
    outer loop
      vertex 27.0554 2.95 11.7712
      vertex 26.6518 1.90735e-07 12.4446
      vertex 27.0554 1.90735e-07 11.7712
    endloop
  endfacet
  facet normal 0.595699 0 0.803208
    outer loop
      vertex 24.4446 2.95 14.6518
      vertex 25.0751 1.90735e-07 14.1841
      vertex 25.0751 2.95 14.1841
    endloop
  endfacet
  facet normal 0.595699 0 0.803208
    outer loop
      vertex 25.0751 1.90735e-07 14.1841
      vertex 24.4446 2.95 14.6518
      vertex 24.4446 1.90735e-07 14.6518
    endloop
  endfacet
  facet normal 0.514103 0 0.857729
    outer loop
      vertex 23.7712 2.95 15.0554
      vertex 24.4446 1.90735e-07 14.6518
      vertex 24.4446 2.95 14.6518
    endloop
  endfacet
  facet normal 0.514103 0 0.857729
    outer loop
      vertex 24.4446 1.90735e-07 14.6518
      vertex 23.7712 2.95 15.0554
      vertex 23.7712 1.90735e-07 15.0554
    endloop
  endfacet
  facet normal 0.989177 -0 0.146729
    outer loop
      vertex 27.8463 1.90735e-07 9.56072
      vertex 27.9615 2.95 8.78414
      vertex 27.8463 2.95 9.56072
    endloop
  endfacet
  facet normal 0.989177 0 0.146729
    outer loop
      vertex 27.9615 2.95 8.78414
      vertex 27.8463 1.90735e-07 9.56072
      vertex 27.9615 1.90735e-07 8.78414
    endloop
  endfacet
  facet normal 0.970031 -0 0.242983
    outer loop
      vertex 27.6555 1.90735e-07 10.3223
      vertex 27.8463 2.95 9.56072
      vertex 27.6555 2.95 10.3223
    endloop
  endfacet
  facet normal 0.970031 0 0.242983
    outer loop
      vertex 27.8463 2.95 9.56072
      vertex 27.6555 1.90735e-07 10.3223
      vertex 27.8463 1.90735e-07 9.56072
    endloop
  endfacet
  facet normal 0.970031 0 -0.24298
    outer loop
      vertex 27.8463 1.90735e-07 6.43928
      vertex 27.6555 2.95 5.67772
      vertex 27.8463 2.95 6.43928
    endloop
  endfacet
  facet normal 0.970031 0 -0.24298
    outer loop
      vertex 27.6555 2.95 5.67772
      vertex 27.8463 1.90735e-07 6.43928
      vertex 27.6555 1.90735e-07 5.67772
    endloop
  endfacet
  facet normal 0.998795 0 -0.0490684
    outer loop
      vertex 28 2.95 8
      vertex 27.9615 1.90735e-07 7.21586
      vertex 27.9615 2.95 7.21586
    endloop
  endfacet
  facet normal 0.24298 0 -0.970031
    outer loop
      vertex 21.5607 1.90735e-07 0.153718
      vertex 22.3223 2.95 0.344478
      vertex 22.3223 1.90735e-07 0.344478
    endloop
  endfacet
  facet normal 0.24298 0 -0.970031
    outer loop
      vertex 22.3223 2.95 0.344478
      vertex 21.5607 1.90735e-07 0.153718
      vertex 21.5607 2.95 0.153718
    endloop
  endfacet
  facet normal 0.33689 0 -0.941544
    outer loop
      vertex 22.3223 1.90735e-07 0.344478
      vertex 23.0615 2.95 0.608964
      vertex 23.0615 1.90735e-07 0.608964
    endloop
  endfacet
  facet normal 0.33689 0 -0.941544
    outer loop
      vertex 23.0615 2.95 0.608964
      vertex 22.3223 1.90735e-07 0.344478
      vertex 22.3223 2.95 0.344478
    endloop
  endfacet
  facet normal 0.595699 0 -0.803208
    outer loop
      vertex 24.4446 1.90735e-07 1.34824
      vertex 25.0751 2.95 1.81592
      vertex 25.0751 1.90735e-07 1.81592
    endloop
  endfacet
  facet normal 0.595699 0 -0.803208
    outer loop
      vertex 25.0751 2.95 1.81592
      vertex 24.4446 1.90735e-07 1.34824
      vertex 24.4446 2.95 1.34824
    endloop
  endfacet
  facet normal 0.803207 0 -0.5957
    outer loop
      vertex 26.6518 1.90735e-07 3.55544
      vertex 26.1841 2.95 2.92485
      vertex 26.6518 2.95 3.55544
    endloop
  endfacet
  facet normal 0.803207 0 -0.5957
    outer loop
      vertex 26.1841 2.95 2.92485
      vertex 26.6518 1.90735e-07 3.55544
      vertex 26.1841 1.90735e-07 2.92485
    endloop
  endfacet
  facet normal 0.0490683 0 0.998795
    outer loop
      vertex 20 2.95 16
      vertex 20.7841 1.90735e-07 15.9615
      vertex 20.7841 2.95 15.9615
    endloop
  endfacet
  facet normal 0.0490683 0 0.998795
    outer loop
      vertex 20.7841 1.90735e-07 15.9615
      vertex 20 2.95 16
      vertex 20 1.90735e-07 16
    endloop
  endfacet
  facet normal 0.33689 0 0.941544
    outer loop
      vertex 22.3223 2.95 15.6555
      vertex 23.0615 1.90735e-07 15.391
      vertex 23.0615 2.95 15.391
    endloop
  endfacet
  facet normal 0.33689 0 0.941544
    outer loop
      vertex 23.0615 1.90735e-07 15.391
      vertex 22.3223 2.95 15.6555
      vertex 22.3223 1.90735e-07 15.6555
    endloop
  endfacet
  facet normal 0.24298 0 0.970031
    outer loop
      vertex 21.5607 2.95 15.8463
      vertex 22.3223 1.90735e-07 15.6555
      vertex 22.3223 2.95 15.6555
    endloop
  endfacet
  facet normal 0.24298 0 0.970031
    outer loop
      vertex 22.3223 1.90735e-07 15.6555
      vertex 21.5607 2.95 15.8463
      vertex 21.5607 1.90735e-07 15.8463
    endloop
  endfacet
  facet normal 0.67156 0 0.740951
    outer loop
      vertex 25.0751 2.95 14.1841
      vertex 25.6569 1.90735e-07 13.6569
      vertex 25.6569 2.95 13.6569
    endloop
  endfacet
  facet normal 0.67156 0 0.740951
    outer loop
      vertex 25.6569 1.90735e-07 13.6569
      vertex 25.0751 2.95 14.1841
      vertex 25.0751 1.90735e-07 14.1841
    endloop
  endfacet
  facet normal 0.427555 0 0.903989
    outer loop
      vertex 23.0615 2.95 15.391
      vertex 23.7712 1.90735e-07 15.0554
      vertex 23.7712 2.95 15.0554
    endloop
  endfacet
  facet normal 0.427555 0 0.903989
    outer loop
      vertex 23.7712 1.90735e-07 15.0554
      vertex 23.0615 2.95 15.391
      vertex 23.0615 1.90735e-07 15.391
    endloop
  endfacet
  facet normal 0.0490684 0 -0.998795
    outer loop
      vertex 20 1.90735e-07 0
      vertex 20.7841 2.95 0.0385227
      vertex 20.7841 1.90735e-07 0.0385227
    endloop
  endfacet
  facet normal 0.0490684 0 -0.998795
    outer loop
      vertex 20.7841 2.95 0.0385227
      vertex 20 1.90735e-07 0
      vertex 20 2.95 0
    endloop
  endfacet
  facet normal 0.740951 0 -0.671559
    outer loop
      vertex 26.1841 1.90735e-07 2.92485
      vertex 25.6569 2.95 2.34315
      vertex 26.1841 2.95 2.92485
    endloop
  endfacet
  facet normal 0.740951 0 -0.671559
    outer loop
      vertex 25.6569 2.95 2.34315
      vertex 26.1841 1.90735e-07 2.92485
      vertex 25.6569 1.90735e-07 2.34315
    endloop
  endfacet
  facet normal 0.427555 0 -0.903989
    outer loop
      vertex 23.0615 1.90735e-07 0.608964
      vertex 23.7712 2.95 0.944631
      vertex 23.7712 1.90735e-07 0.944631
    endloop
  endfacet
  facet normal 0.427555 0 -0.903989
    outer loop
      vertex 23.7712 2.95 0.944631
      vertex 23.0615 1.90735e-07 0.608964
      vertex 23.0615 2.95 0.608964
    endloop
  endfacet
  facet normal 0.514103 0 -0.857729
    outer loop
      vertex 23.7712 1.90735e-07 0.944631
      vertex 24.4446 2.95 1.34824
      vertex 24.4446 1.90735e-07 1.34824
    endloop
  endfacet
  facet normal 0.514103 0 -0.857729
    outer loop
      vertex 24.4446 2.95 1.34824
      vertex 23.7712 1.90735e-07 0.944631
      vertex 23.7712 2.95 0.944631
    endloop
  endfacet
  facet normal 0.857729 0 -0.514102
    outer loop
      vertex 27.0554 1.90735e-07 4.22883
      vertex 26.6518 2.95 3.55544
      vertex 27.0554 2.95 4.22883
    endloop
  endfacet
  facet normal 0.857729 0 -0.514102
    outer loop
      vertex 26.6518 2.95 3.55544
      vertex 27.0554 1.90735e-07 4.22883
      vertex 26.6518 1.90735e-07 3.55544
    endloop
  endfacet
  facet normal 0.903989 0 -0.427556
    outer loop
      vertex 27.391 1.90735e-07 4.93853
      vertex 27.0554 2.95 4.22883
      vertex 27.391 2.95 4.93853
    endloop
  endfacet
  facet normal 0.903989 0 -0.427556
    outer loop
      vertex 27.0554 2.95 4.22883
      vertex 27.391 1.90735e-07 4.93853
      vertex 27.0554 1.90735e-07 4.22883
    endloop
  endfacet
  facet normal 0.67156 0 -0.740951
    outer loop
      vertex 25.0751 1.90735e-07 1.81592
      vertex 25.6569 2.95 2.34315
      vertex 25.6569 1.90735e-07 2.34315
    endloop
  endfacet
  facet normal 0.67156 0 -0.740951
    outer loop
      vertex 25.6569 2.95 2.34315
      vertex 25.0751 1.90735e-07 1.81592
      vertex 25.0751 2.95 1.81592
    endloop
  endfacet
  facet normal 0.0490666 0 -0.998796
    outer loop
      vertex 19.7403 1.90735e-07 10.6372
      vertex 20 2.95 10.65
      vertex 20 1.90735e-07 10.65
    endloop
  endfacet
  facet normal 0.0490666 0 -0.998796
    outer loop
      vertex 20 2.95 10.65
      vertex 19.7403 1.90735e-07 10.6372
      vertex 19.7403 2.95 10.6372
    endloop
  endfacet
  facet normal -0.671556 0 -0.740953
    outer loop
      vertex 21.6811 1.90735e-07 10.0485
      vertex 21.8738 2.95 9.87383
      vertex 21.8738 1.90735e-07 9.87383
    endloop
  endfacet
  facet normal -0.671556 0 -0.740953
    outer loop
      vertex 21.8738 2.95 9.87383
      vertex 21.6811 1.90735e-07 10.0485
      vertex 21.6811 2.95 10.0485
    endloop
  endfacet
  facet normal 0.941543 0 -0.336893
    outer loop
      vertex 17.5517 1.90735e-07 9.01411
      vertex 17.4641 2.95 8.76925
      vertex 17.5517 2.95 9.01411
    endloop
  endfacet
  facet normal 0.941543 0 -0.336893
    outer loop
      vertex 17.4641 2.95 8.76925
      vertex 17.5517 1.90735e-07 9.01411
      vertex 17.4641 1.90735e-07 8.76925
    endloop
  endfacet
  facet normal 0.941543 -0 0.336893
    outer loop
      vertex 17.4641 1.90735e-07 7.23075
      vertex 17.5517 2.95 6.98589
      vertex 17.4641 2.95 7.23075
    endloop
  endfacet
  facet normal 0.941543 0 0.336893
    outer loop
      vertex 17.5517 2.95 6.98589
      vertex 17.4641 1.90735e-07 7.23075
      vertex 17.5517 1.90735e-07 6.98589
    endloop
  endfacet
  facet normal -0.0490666 0 -0.998796
    outer loop
      vertex 20 1.90735e-07 10.65
      vertex 20.2597 2.95 10.6372
      vertex 20.2597 1.90735e-07 10.6372
    endloop
  endfacet
  facet normal -0.0490666 0 -0.998796
    outer loop
      vertex 20.2597 2.95 10.6372
      vertex 20 1.90735e-07 10.65
      vertex 20 2.95 10.65
    endloop
  endfacet
  facet normal 0.427556 0 -0.903989
    outer loop
      vertex 18.7508 1.90735e-07 10.3371
      vertex 18.9859 2.95 10.4483
      vertex 18.9859 1.90735e-07 10.4483
    endloop
  endfacet
  facet normal 0.427556 0 -0.903989
    outer loop
      vertex 18.9859 2.95 10.4483
      vertex 18.7508 1.90735e-07 10.3371
      vertex 18.7508 2.95 10.3371
    endloop
  endfacet
  facet normal 0.514104 0 -0.857728
    outer loop
      vertex 18.5277 1.90735e-07 10.2034
      vertex 18.7508 2.95 10.3371
      vertex 18.7508 1.90735e-07 10.3371
    endloop
  endfacet
  facet normal 0.514104 0 -0.857728
    outer loop
      vertex 18.7508 2.95 10.3371
      vertex 18.5277 1.90735e-07 10.2034
      vertex 18.5277 2.95 10.2034
    endloop
  endfacet
  facet normal 0.857731 0 -0.514099
    outer loop
      vertex 17.7966 1.90735e-07 9.47226
      vertex 17.6629 2.95 9.2492
      vertex 17.7966 2.95 9.47226
    endloop
  endfacet
  facet normal 0.857731 0 -0.514099
    outer loop
      vertex 17.6629 2.95 9.2492
      vertex 17.7966 1.90735e-07 9.47226
      vertex 17.6629 1.90735e-07 9.2492
    endloop
  endfacet
  facet normal 0.970032 -0 0.242978
    outer loop
      vertex 17.4009 1.90735e-07 7.48301
      vertex 17.4641 2.95 7.23075
      vertex 17.4009 2.95 7.48301
    endloop
  endfacet
  facet normal 0.970032 0 0.242978
    outer loop
      vertex 17.4641 2.95 7.23075
      vertex 17.4009 1.90735e-07 7.48301
      vertex 17.4641 1.90735e-07 7.23075
    endloop
  endfacet
  facet normal -0.427556 0 0.903989
    outer loop
      vertex 21.0141 2.95 5.55172
      vertex 21.2492 1.90735e-07 5.66291
      vertex 21.2492 2.95 5.66291
    endloop
  endfacet
  facet normal -0.427556 0 0.903989
    outer loop
      vertex 21.2492 1.90735e-07 5.66291
      vertex 21.0141 2.95 5.55172
      vertex 21.0141 1.90735e-07 5.55172
    endloop
  endfacet
  facet normal -0.970033 0 -0.242971
    outer loop
      vertex 22.5991 1.90735e-07 8.51699
      vertex 22.5359 2.95 8.76925
      vertex 22.5991 2.95 8.51699
    endloop
  endfacet
  facet normal -0.970033 -0 -0.242971
    outer loop
      vertex 22.5359 2.95 8.76925
      vertex 22.5991 1.90735e-07 8.51699
      vertex 22.5359 1.90735e-07 8.76925
    endloop
  endfacet
  facet normal 0.595699 0 -0.803208
    outer loop
      vertex 18.3189 1.90735e-07 10.0485
      vertex 18.5277 2.95 10.2034
      vertex 18.5277 1.90735e-07 10.2034
    endloop
  endfacet
  facet normal 0.595699 0 -0.803208
    outer loop
      vertex 18.5277 2.95 10.2034
      vertex 18.3189 1.90735e-07 10.0485
      vertex 18.3189 2.95 10.0485
    endloop
  endfacet
  facet normal 0.740952 0 -0.671558
    outer loop
      vertex 18.1262 1.90735e-07 9.87383
      vertex 17.9515 2.95 9.68114
      vertex 18.1262 2.95 9.87383
    endloop
  endfacet
  facet normal 0.740952 0 -0.671558
    outer loop
      vertex 17.9515 2.95 9.68114
      vertex 18.1262 1.90735e-07 9.87383
      vertex 17.9515 1.90735e-07 9.68114
    endloop
  endfacet
  facet normal 0.998796 -0 0.0490666
    outer loop
      vertex 17.35 1.90735e-07 8
      vertex 17.3628 2.95 7.74026
      vertex 17.35 2.95 8
    endloop
  endfacet
  facet normal 0.998796 0 0.0490666
    outer loop
      vertex 17.3628 2.95 7.74026
      vertex 17.35 1.90735e-07 8
      vertex 17.3628 1.90735e-07 7.74026
    endloop
  endfacet
  facet normal 0.970033 0 -0.242971
    outer loop
      vertex 17.4641 1.90735e-07 8.76925
      vertex 17.4009 2.95 8.51699
      vertex 17.4641 2.95 8.76925
    endloop
  endfacet
  facet normal 0.970033 0 -0.242971
    outer loop
      vertex 17.4009 2.95 8.51699
      vertex 17.4641 1.90735e-07 8.76925
      vertex 17.4009 1.90735e-07 8.51699
    endloop
  endfacet
  facet normal 0.989176 0 -0.146737
    outer loop
      vertex 17.4009 1.90735e-07 8.51699
      vertex 17.3628 2.95 8.25974
      vertex 17.4009 2.95 8.51699
    endloop
  endfacet
  facet normal 0.989176 0 -0.146737
    outer loop
      vertex 17.3628 2.95 8.25974
      vertex 17.4009 1.90735e-07 8.51699
      vertex 17.3628 1.90735e-07 8.25974
    endloop
  endfacet
  facet normal 0.0490666 0 0.998796
    outer loop
      vertex 19.7403 2.95 5.36276
      vertex 20 1.90735e-07 5.35
      vertex 20 2.95 5.35
    endloop
  endfacet
  facet normal 0.0490666 0 0.998796
    outer loop
      vertex 20 1.90735e-07 5.35
      vertex 19.7403 2.95 5.36276
      vertex 19.7403 1.90735e-07 5.36276
    endloop
  endfacet
  facet normal 0.336891 0 0.941544
    outer loop
      vertex 18.9859 2.95 5.55172
      vertex 19.2307 1.90735e-07 5.46411
      vertex 19.2307 2.95 5.46411
    endloop
  endfacet
  facet normal 0.336891 0 0.941544
    outer loop
      vertex 19.2307 1.90735e-07 5.46411
      vertex 18.9859 2.95 5.55172
      vertex 18.9859 1.90735e-07 5.55172
    endloop
  endfacet
  facet normal 0.242977 0 0.970032
    outer loop
      vertex 19.2307 2.95 5.46411
      vertex 19.483 1.90735e-07 5.40092
      vertex 19.483 2.95 5.40092
    endloop
  endfacet
  facet normal 0.242977 0 0.970032
    outer loop
      vertex 19.483 1.90735e-07 5.40092
      vertex 19.2307 2.95 5.46411
      vertex 19.2307 1.90735e-07 5.46411
    endloop
  endfacet
  facet normal 0.595699 0 0.803208
    outer loop
      vertex 18.3189 2.95 5.95152
      vertex 18.5277 1.90735e-07 5.79661
      vertex 18.5277 2.95 5.79661
    endloop
  endfacet
  facet normal 0.595699 0 0.803208
    outer loop
      vertex 18.5277 1.90735e-07 5.79661
      vertex 18.3189 2.95 5.95152
      vertex 18.3189 1.90735e-07 5.95152
    endloop
  endfacet
  facet normal 0.67156 0 0.74095
    outer loop
      vertex 18.1262 2.95 6.12617
      vertex 18.3189 1.90735e-07 5.95152
      vertex 18.3189 2.95 5.95152
    endloop
  endfacet
  facet normal 0.67156 0 0.74095
    outer loop
      vertex 18.3189 1.90735e-07 5.95152
      vertex 18.1262 2.95 6.12617
      vertex 18.1262 1.90735e-07 6.12617
    endloop
  endfacet
  facet normal 0.857727 -0 0.514105
    outer loop
      vertex 17.6629 1.90735e-07 6.7508
      vertex 17.7966 2.95 6.52774
      vertex 17.6629 2.95 6.7508
    endloop
  endfacet
  facet normal 0.857727 0 0.514105
    outer loop
      vertex 17.7966 2.95 6.52774
      vertex 17.6629 1.90735e-07 6.7508
      vertex 17.7966 1.90735e-07 6.52774
    endloop
  endfacet
  facet normal 0.90399 -0 0.427553
    outer loop
      vertex 17.5517 1.90735e-07 6.98589
      vertex 17.6629 2.95 6.7508
      vertex 17.5517 2.95 6.98589
    endloop
  endfacet
  facet normal 0.90399 0 0.427553
    outer loop
      vertex 17.6629 2.95 6.7508
      vertex 17.5517 1.90735e-07 6.98589
      vertex 17.6629 1.90735e-07 6.7508
    endloop
  endfacet
  facet normal -0.427556 0 -0.903989
    outer loop
      vertex 21.0141 1.90735e-07 10.4483
      vertex 21.2492 2.95 10.3371
      vertex 21.2492 1.90735e-07 10.3371
    endloop
  endfacet
  facet normal -0.427556 0 -0.903989
    outer loop
      vertex 21.2492 2.95 10.3371
      vertex 21.0141 1.90735e-07 10.4483
      vertex 21.0141 2.95 10.4483
    endloop
  endfacet
  facet normal -0.740952 0 0.671558
    outer loop
      vertex 21.8738 1.90735e-07 6.12617
      vertex 22.0485 2.95 6.31886
      vertex 21.8738 2.95 6.12617
    endloop
  endfacet
  facet normal -0.740952 0 0.671558
    outer loop
      vertex 22.0485 2.95 6.31886
      vertex 21.8738 1.90735e-07 6.12617
      vertex 22.0485 1.90735e-07 6.31886
    endloop
  endfacet
  facet normal -0.595699 0 0.803208
    outer loop
      vertex 21.4723 2.95 5.79661
      vertex 21.6811 1.90735e-07 5.95152
      vertex 21.6811 2.95 5.95152
    endloop
  endfacet
  facet normal -0.595699 0 0.803208
    outer loop
      vertex 21.6811 1.90735e-07 5.95152
      vertex 21.4723 2.95 5.79661
      vertex 21.4723 1.90735e-07 5.79661
    endloop
  endfacet
  facet normal -0.998796 0 -0.0490666
    outer loop
      vertex 22.65 1.90735e-07 8
      vertex 22.6372 2.95 8.25974
      vertex 22.65 2.95 8
    endloop
  endfacet
  facet normal -0.998796 -0 -0.0490666
    outer loop
      vertex 22.6372 2.95 8.25974
      vertex 22.65 1.90735e-07 8
      vertex 22.6372 1.90735e-07 8.25974
    endloop
  endfacet
  facet normal 0.336889 0 -0.941544
    outer loop
      vertex 18.9859 1.90735e-07 10.4483
      vertex 19.2307 2.95 10.5359
      vertex 19.2307 1.90735e-07 10.5359
    endloop
  endfacet
  facet normal 0.336889 0 -0.941544
    outer loop
      vertex 19.2307 2.95 10.5359
      vertex 18.9859 1.90735e-07 10.4483
      vertex 18.9859 2.95 10.4483
    endloop
  endfacet
  facet normal 0.242979 0 -0.970032
    outer loop
      vertex 19.2307 1.90735e-07 10.5359
      vertex 19.483 2.95 10.5991
      vertex 19.483 1.90735e-07 10.5991
    endloop
  endfacet
  facet normal 0.242979 0 -0.970032
    outer loop
      vertex 19.483 2.95 10.5991
      vertex 19.2307 1.90735e-07 10.5359
      vertex 19.2307 2.95 10.5359
    endloop
  endfacet
  facet normal 0.671556 0 -0.740953
    outer loop
      vertex 18.1262 1.90735e-07 9.87383
      vertex 18.3189 2.95 10.0485
      vertex 18.3189 1.90735e-07 10.0485
    endloop
  endfacet
  facet normal 0.671556 0 -0.740953
    outer loop
      vertex 18.3189 2.95 10.0485
      vertex 18.1262 1.90735e-07 9.87383
      vertex 18.1262 2.95 9.87383
    endloop
  endfacet
  facet normal 0.998796 0 -0.0490666
    outer loop
      vertex 17.3628 1.90735e-07 8.25974
      vertex 17.35 2.95 8
      vertex 17.3628 2.95 8.25974
    endloop
  endfacet
  facet normal 0.998796 0 -0.0490666
    outer loop
      vertex 17.35 2.95 8
      vertex 17.3628 1.90735e-07 8.25974
      vertex 17.35 1.90735e-07 8
    endloop
  endfacet
  facet normal 0.903987 0 -0.427559
    outer loop
      vertex 17.6629 1.90735e-07 9.2492
      vertex 17.5517 2.95 9.01411
      vertex 17.6629 2.95 9.2492
    endloop
  endfacet
  facet normal 0.903987 0 -0.427559
    outer loop
      vertex 17.5517 2.95 9.01411
      vertex 17.6629 1.90735e-07 9.2492
      vertex 17.5517 1.90735e-07 9.01411
    endloop
  endfacet
  facet normal 0.803208 0 -0.595699
    outer loop
      vertex 17.9515 1.90735e-07 9.68114
      vertex 17.7966 2.95 9.47226
      vertex 17.9515 2.95 9.68114
    endloop
  endfacet
  facet normal 0.803208 0 -0.595699
    outer loop
      vertex 17.7966 2.95 9.47226
      vertex 17.9515 1.90735e-07 9.68114
      vertex 17.7966 1.90735e-07 9.47226
    endloop
  endfacet
  facet normal 0.146734 0 0.989176
    outer loop
      vertex 19.483 2.95 5.40092
      vertex 19.7403 1.90735e-07 5.36276
      vertex 19.7403 2.95 5.36276
    endloop
  endfacet
  facet normal 0.146734 0 0.989176
    outer loop
      vertex 19.7403 1.90735e-07 5.36276
      vertex 19.483 2.95 5.40092
      vertex 19.483 1.90735e-07 5.40092
    endloop
  endfacet
  facet normal 0.5141 0 0.85773
    outer loop
      vertex 18.5277 2.95 5.79661
      vertex 18.7508 1.90735e-07 5.66291
      vertex 18.7508 2.95 5.66291
    endloop
  endfacet
  facet normal 0.5141 0 0.85773
    outer loop
      vertex 18.7508 1.90735e-07 5.66291
      vertex 18.5277 2.95 5.79661
      vertex 18.5277 1.90735e-07 5.79661
    endloop
  endfacet
  facet normal 0.427556 0 0.903989
    outer loop
      vertex 18.7508 2.95 5.66291
      vertex 18.9859 1.90735e-07 5.55172
      vertex 18.9859 2.95 5.55172
    endloop
  endfacet
  facet normal 0.427556 0 0.903989
    outer loop
      vertex 18.9859 1.90735e-07 5.55172
      vertex 18.7508 2.95 5.66291
      vertex 18.7508 1.90735e-07 5.66291
    endloop
  endfacet
  facet normal 0.989177 -0 0.14673
    outer loop
      vertex 17.3628 1.90735e-07 7.74026
      vertex 17.4009 2.95 7.48301
      vertex 17.3628 2.95 7.74026
    endloop
  endfacet
  facet normal 0.989177 0 0.14673
    outer loop
      vertex 17.4009 2.95 7.48301
      vertex 17.3628 1.90735e-07 7.74026
      vertex 17.4009 1.90735e-07 7.48301
    endloop
  endfacet
  facet normal 0.803208 -0 0.595699
    outer loop
      vertex 17.7966 1.90735e-07 6.52774
      vertex 17.9515 2.95 6.31886
      vertex 17.7966 2.95 6.52774
    endloop
  endfacet
  facet normal 0.803208 0 0.595699
    outer loop
      vertex 17.9515 2.95 6.31886
      vertex 17.7966 1.90735e-07 6.52774
      vertex 17.9515 1.90735e-07 6.31886
    endloop
  endfacet
  facet normal 0.740952 -0 0.671558
    outer loop
      vertex 17.9515 1.90735e-07 6.31886
      vertex 18.1262 2.95 6.12617
      vertex 17.9515 2.95 6.31886
    endloop
  endfacet
  facet normal 0.740952 0 0.671558
    outer loop
      vertex 18.1262 2.95 6.12617
      vertex 17.9515 1.90735e-07 6.31886
      vertex 18.1262 1.90735e-07 6.12617
    endloop
  endfacet
  facet normal -0.514104 0 -0.857728
    outer loop
      vertex 21.2492 1.90735e-07 10.3371
      vertex 21.4723 2.95 10.2034
      vertex 21.4723 1.90735e-07 10.2034
    endloop
  endfacet
  facet normal -0.514104 0 -0.857728
    outer loop
      vertex 21.4723 2.95 10.2034
      vertex 21.2492 1.90735e-07 10.3371
      vertex 21.2492 2.95 10.3371
    endloop
  endfacet
  facet normal -0.998796 0 0.0490666
    outer loop
      vertex 22.6372 1.90735e-07 7.74026
      vertex 22.65 2.95 8
      vertex 22.6372 2.95 7.74026
    endloop
  endfacet
  facet normal -0.998796 0 0.0490666
    outer loop
      vertex 22.65 2.95 8
      vertex 22.6372 1.90735e-07 7.74026
      vertex 22.65 1.90735e-07 8
    endloop
  endfacet
  facet normal -0.0490666 0 0.998796
    outer loop
      vertex 20 2.95 5.35
      vertex 20.2597 1.90735e-07 5.36276
      vertex 20.2597 2.95 5.36276
    endloop
  endfacet
  facet normal -0.0490666 0 0.998796
    outer loop
      vertex 20.2597 1.90735e-07 5.36276
      vertex 20 2.95 5.35
      vertex 20 1.90735e-07 5.35
    endloop
  endfacet
  facet normal -0.336889 0 0.941544
    outer loop
      vertex 20.7693 2.95 5.46411
      vertex 21.0141 1.90735e-07 5.55172
      vertex 21.0141 2.95 5.55172
    endloop
  endfacet
  facet normal -0.336889 0 0.941544
    outer loop
      vertex 21.0141 1.90735e-07 5.55172
      vertex 20.7693 2.95 5.46411
      vertex 20.7693 1.90735e-07 5.46411
    endloop
  endfacet
  facet normal -0.242979 0 0.970032
    outer loop
      vertex 20.517 2.95 5.40092
      vertex 20.7693 1.90735e-07 5.46411
      vertex 20.7693 2.95 5.46411
    endloop
  endfacet
  facet normal -0.242979 0 0.970032
    outer loop
      vertex 20.7693 1.90735e-07 5.46411
      vertex 20.517 2.95 5.40092
      vertex 20.517 1.90735e-07 5.40092
    endloop
  endfacet
  facet normal -0.514104 0 0.857728
    outer loop
      vertex 21.2492 2.95 5.66291
      vertex 21.4723 1.90735e-07 5.79661
      vertex 21.4723 2.95 5.79661
    endloop
  endfacet
  facet normal -0.514104 0 0.857728
    outer loop
      vertex 21.4723 1.90735e-07 5.79661
      vertex 21.2492 2.95 5.66291
      vertex 21.2492 1.90735e-07 5.66291
    endloop
  endfacet
  facet normal -0.671556 0 0.740953
    outer loop
      vertex 21.6811 2.95 5.95152
      vertex 21.8738 1.90735e-07 6.12617
      vertex 21.8738 2.95 6.12617
    endloop
  endfacet
  facet normal -0.671556 0 0.740953
    outer loop
      vertex 21.8738 1.90735e-07 6.12617
      vertex 21.6811 2.95 5.95152
      vertex 21.6811 1.90735e-07 5.95152
    endloop
  endfacet
  facet normal -0.989176 0 -0.146737
    outer loop
      vertex 22.6372 1.90735e-07 8.25974
      vertex 22.5991 2.95 8.51699
      vertex 22.6372 2.95 8.25974
    endloop
  endfacet
  facet normal -0.989176 -0 -0.146737
    outer loop
      vertex 22.5991 2.95 8.51699
      vertex 22.6372 1.90735e-07 8.25974
      vertex 22.5991 1.90735e-07 8.51699
    endloop
  endfacet
  facet normal -0.941543 0 -0.336893
    outer loop
      vertex 22.5359 1.90735e-07 8.76925
      vertex 22.4483 2.95 9.01411
      vertex 22.5359 2.95 8.76925
    endloop
  endfacet
  facet normal -0.941543 -0 -0.336893
    outer loop
      vertex 22.4483 2.95 9.01411
      vertex 22.5359 1.90735e-07 8.76925
      vertex 22.4483 1.90735e-07 9.01411
    endloop
  endfacet
  facet normal -0.903987 0 -0.427559
    outer loop
      vertex 22.4483 1.90735e-07 9.01411
      vertex 22.3371 2.95 9.2492
      vertex 22.4483 2.95 9.01411
    endloop
  endfacet
  facet normal -0.903987 -0 -0.427559
    outer loop
      vertex 22.3371 2.95 9.2492
      vertex 22.4483 1.90735e-07 9.01411
      vertex 22.3371 1.90735e-07 9.2492
    endloop
  endfacet
  facet normal 0.146734 0 -0.989176
    outer loop
      vertex 19.483 1.90735e-07 10.5991
      vertex 19.7403 2.95 10.6372
      vertex 19.7403 1.90735e-07 10.6372
    endloop
  endfacet
  facet normal 0.146734 0 -0.989176
    outer loop
      vertex 19.7403 2.95 10.6372
      vertex 19.483 1.90735e-07 10.5991
      vertex 19.483 2.95 10.5991
    endloop
  endfacet
  facet normal -0.857731 0 -0.514099
    outer loop
      vertex 22.3371 1.90735e-07 9.2492
      vertex 22.2034 2.95 9.47226
      vertex 22.3371 2.95 9.2492
    endloop
  endfacet
  facet normal -0.857731 -0 -0.514099
    outer loop
      vertex 22.2034 2.95 9.47226
      vertex 22.3371 1.90735e-07 9.2492
      vertex 22.2034 1.90735e-07 9.47226
    endloop
  endfacet
  facet normal -0.242979 0 -0.970032
    outer loop
      vertex 20.517 1.90735e-07 10.5991
      vertex 20.7693 2.95 10.5359
      vertex 20.7693 1.90735e-07 10.5359
    endloop
  endfacet
  facet normal -0.242979 0 -0.970032
    outer loop
      vertex 20.7693 2.95 10.5359
      vertex 20.517 1.90735e-07 10.5991
      vertex 20.517 2.95 10.5991
    endloop
  endfacet
  facet normal -0.146734 0 -0.989176
    outer loop
      vertex 20.2597 1.90735e-07 10.6372
      vertex 20.517 2.95 10.5991
      vertex 20.517 1.90735e-07 10.5991
    endloop
  endfacet
  facet normal -0.146734 0 -0.989176
    outer loop
      vertex 20.517 2.95 10.5991
      vertex 20.2597 1.90735e-07 10.6372
      vertex 20.2597 2.95 10.6372
    endloop
  endfacet
  facet normal -0.595699 0 -0.803208
    outer loop
      vertex 21.4723 1.90735e-07 10.2034
      vertex 21.6811 2.95 10.0485
      vertex 21.6811 1.90735e-07 10.0485
    endloop
  endfacet
  facet normal -0.595699 0 -0.803208
    outer loop
      vertex 21.6811 2.95 10.0485
      vertex 21.4723 1.90735e-07 10.2034
      vertex 21.4723 2.95 10.2034
    endloop
  endfacet
  facet normal -0.336889 0 -0.941544
    outer loop
      vertex 20.7693 1.90735e-07 10.5359
      vertex 21.0141 2.95 10.4483
      vertex 21.0141 1.90735e-07 10.4483
    endloop
  endfacet
  facet normal -0.336889 0 -0.941544
    outer loop
      vertex 21.0141 2.95 10.4483
      vertex 20.7693 1.90735e-07 10.5359
      vertex 20.7693 2.95 10.5359
    endloop
  endfacet
  facet normal -0.941545 0 0.336887
    outer loop
      vertex 22.4483 1.90735e-07 6.98589
      vertex 22.5359 2.95 7.23075
      vertex 22.4483 2.95 6.98589
    endloop
  endfacet
  facet normal -0.941545 0 0.336887
    outer loop
      vertex 22.5359 2.95 7.23075
      vertex 22.4483 1.90735e-07 6.98589
      vertex 22.5359 1.90735e-07 7.23075
    endloop
  endfacet
  facet normal -0.146734 0 0.989176
    outer loop
      vertex 20.2597 2.95 5.36276
      vertex 20.517 1.90735e-07 5.40092
      vertex 20.517 2.95 5.40092
    endloop
  endfacet
  facet normal -0.146734 0 0.989176
    outer loop
      vertex 20.517 1.90735e-07 5.40092
      vertex 20.2597 2.95 5.36276
      vertex 20.2597 1.90735e-07 5.36276
    endloop
  endfacet
  facet normal -0.803208 0 0.595699
    outer loop
      vertex 22.0485 1.90735e-07 6.31886
      vertex 22.2034 2.95 6.52774
      vertex 22.0485 2.95 6.31886
    endloop
  endfacet
  facet normal -0.803208 0 0.595699
    outer loop
      vertex 22.2034 2.95 6.52774
      vertex 22.0485 1.90735e-07 6.31886
      vertex 22.2034 1.90735e-07 6.52774
    endloop
  endfacet
  facet normal -0.857731 0 0.514099
    outer loop
      vertex 22.2034 1.90735e-07 6.52774
      vertex 22.3371 2.95 6.7508
      vertex 22.2034 2.95 6.52774
    endloop
  endfacet
  facet normal -0.857731 0 0.514099
    outer loop
      vertex 22.3371 2.95 6.7508
      vertex 22.2034 1.90735e-07 6.52774
      vertex 22.3371 1.90735e-07 6.7508
    endloop
  endfacet
  facet normal -0.903987 0 0.427559
    outer loop
      vertex 22.3371 1.90735e-07 6.7508
      vertex 22.4483 2.95 6.98589
      vertex 22.3371 2.95 6.7508
    endloop
  endfacet
  facet normal -0.903987 0 0.427559
    outer loop
      vertex 22.4483 2.95 6.98589
      vertex 22.3371 1.90735e-07 6.7508
      vertex 22.4483 1.90735e-07 6.98589
    endloop
  endfacet
  facet normal -0.803208 0 -0.595699
    outer loop
      vertex 22.2034 1.90735e-07 9.47226
      vertex 22.0485 2.95 9.68114
      vertex 22.2034 2.95 9.47226
    endloop
  endfacet
  facet normal -0.803208 -0 -0.595699
    outer loop
      vertex 22.0485 2.95 9.68114
      vertex 22.2034 1.90735e-07 9.47226
      vertex 22.0485 1.90735e-07 9.68114
    endloop
  endfacet
  facet normal -0.740952 0 -0.671558
    outer loop
      vertex 22.0485 1.90735e-07 9.68114
      vertex 21.8738 2.95 9.87383
      vertex 22.0485 2.95 9.68114
    endloop
  endfacet
  facet normal -0.740952 -0 -0.671558
    outer loop
      vertex 21.8738 2.95 9.87383
      vertex 22.0485 1.90735e-07 9.68114
      vertex 21.8738 1.90735e-07 9.87383
    endloop
  endfacet
  facet normal -0.970032 0 0.242978
    outer loop
      vertex 22.5359 1.90735e-07 7.23075
      vertex 22.5991 2.95 7.48301
      vertex 22.5359 2.95 7.23075
    endloop
  endfacet
  facet normal -0.970032 0 0.242978
    outer loop
      vertex 22.5991 2.95 7.48301
      vertex 22.5359 1.90735e-07 7.23075
      vertex 22.5991 1.90735e-07 7.48301
    endloop
  endfacet
  facet normal -0.989176 0 0.146737
    outer loop
      vertex 22.5991 1.90735e-07 7.48301
      vertex 22.6372 2.95 7.74026
      vertex 22.5991 2.95 7.48301
    endloop
  endfacet
  facet normal -0.989176 0 0.146737
    outer loop
      vertex 22.6372 2.95 7.74026
      vertex 22.5991 1.90735e-07 7.48301
      vertex 22.6372 1.90735e-07 7.74026
    endloop
  endfacet
  facet normal -2.22045e-16 0 -1
    outer loop
      vertex 12 6.4 1.77636e-15
      vertex 20 9.35 0
      vertex 20 6.4 0
    endloop
  endfacet
  facet normal -2.22045e-16 0 -1
    outer loop
      vertex 20 9.35 0
      vertex 12 6.4 1.77636e-15
      vertex 12 9.35 1.77636e-15
    endloop
  endfacet
  facet normal -1 0 0
    outer loop
      vertex 12 6.4 8
      vertex 12 9.35 16
      vertex 12 9.35 8
    endloop
  endfacet
  facet normal -1 -0 0
    outer loop
      vertex 12 9.35 16
      vertex 12 6.4 8
      vertex 12 6.4 16
    endloop
  endfacet
  facet normal -0 0 1
    outer loop
      vertex 12 9.35 16
      vertex 20 6.4 16
      vertex 20 9.35 16
    endloop
  endfacet
  facet normal 0 0 1
    outer loop
      vertex 20 6.4 16
      vertex 12 9.35 16
      vertex 12 6.4 16
    endloop
  endfacet
  facet normal 0 -1 0
    outer loop
      vertex 18.5277 6.4 10.2034
      vertex 20 6.4 16
      vertex 12 6.4 16
    endloop
  endfacet
  facet normal -0 -1 0
    outer loop
      vertex 18.9859 6.4 10.4483
      vertex 20 6.4 16
      vertex 18.7508 6.4 10.3371
    endloop
  endfacet
  facet normal -0 -1 0
    outer loop
      vertex 19.483 6.4 10.5991
      vertex 20 6.4 16
      vertex 19.2307 6.4 10.5359
    endloop
  endfacet
  facet normal -0 -1 0
    outer loop
      vertex 19.7403 6.4 10.6372
      vertex 20 6.4 16
      vertex 19.483 6.4 10.5991
    endloop
  endfacet
  facet normal 0 -1 0
    outer loop
      vertex 20 6.4 16
      vertex 20 6.4 10.65
      vertex 20.7841 6.4 15.9615
    endloop
  endfacet
  facet normal 0 -1 -0
    outer loop
      vertex 20.7841 6.4 15.9615
      vertex 20.2597 6.4 10.6372
      vertex 21.5607 6.4 15.8463
    endloop
  endfacet
  facet normal 0 -1 0
    outer loop
      vertex 20.517 6.4 10.5991
      vertex 21.5607 6.4 15.8463
      vertex 20.2597 6.4 10.6372
    endloop
  endfacet
  facet normal 0 -1 0
    outer loop
      vertex 20.7693 6.4 10.5359
      vertex 22.3223 6.4 15.6555
      vertex 20.517 6.4 10.5991
    endloop
  endfacet
  facet normal 0 -1 0
    outer loop
      vertex 21.0141 6.4 10.4483
      vertex 23.0615 6.4 15.391
      vertex 20.7693 6.4 10.5359
    endloop
  endfacet
  facet normal 0 -1 -0
    outer loop
      vertex 23.0615 6.4 15.391
      vertex 21.0141 6.4 10.4483
      vertex 23.7712 6.4 15.0554
    endloop
  endfacet
  facet normal 0 -1 -0
    outer loop
      vertex 23.7712 6.4 15.0554
      vertex 21.2492 6.4 10.3371
      vertex 24.4446 6.4 14.6518
    endloop
  endfacet
  facet normal 0 -1 0
    outer loop
      vertex 21.4723 6.4 10.2034
      vertex 24.4446 6.4 14.6518
      vertex 21.2492 6.4 10.3371
    endloop
  endfacet
  facet normal 0 -1 0
    outer loop
      vertex 21.2492 6.4 10.3371
      vertex 23.7712 6.4 15.0554
      vertex 21.0141 6.4 10.4483
    endloop
  endfacet
  facet normal 0 -1 -0
    outer loop
      vertex 22.3223 6.4 15.6555
      vertex 20.7693 6.4 10.5359
      vertex 23.0615 6.4 15.391
    endloop
  endfacet
  facet normal 0 -1 -0
    outer loop
      vertex 21.5607 6.4 15.8463
      vertex 20.517 6.4 10.5991
      vertex 22.3223 6.4 15.6555
    endloop
  endfacet
  facet normal 0 -1 0
    outer loop
      vertex 20.2597 6.4 10.6372
      vertex 20.7841 6.4 15.9615
      vertex 20 6.4 10.65
    endloop
  endfacet
  facet normal -0 -1 0
    outer loop
      vertex 20 6.4 10.65
      vertex 20 6.4 16
      vertex 19.7403 6.4 10.6372
    endloop
  endfacet
  facet normal -0 -1 0
    outer loop
      vertex 19.2307 6.4 10.5359
      vertex 20 6.4 16
      vertex 18.9859 6.4 10.4483
    endloop
  endfacet
  facet normal 0 -1 0
    outer loop
      vertex 20 6.4 16
      vertex 18.5277 6.4 10.2034
      vertex 18.7508 6.4 10.3371
    endloop
  endfacet
  facet normal 0 -1 0
    outer loop
      vertex 12 6.4 16
      vertex 18.3189 6.4 10.0485
      vertex 18.5277 6.4 10.2034
    endloop
  endfacet
  facet normal 0 -1 0
    outer loop
      vertex 12 6.4 16
      vertex 18.1262 6.4 9.87383
      vertex 18.3189 6.4 10.0485
    endloop
  endfacet
  facet normal 0 -1 0
    outer loop
      vertex 12 6.4 16
      vertex 17.9515 6.4 9.68114
      vertex 18.1262 6.4 9.87383
    endloop
  endfacet
  facet normal 0 -1 0
    outer loop
      vertex 12 6.4 16
      vertex 17.7966 6.4 9.47226
      vertex 17.9515 6.4 9.68114
    endloop
  endfacet
  facet normal 0 -1 0
    outer loop
      vertex 12 6.4 8
      vertex 17.7966 6.4 9.47226
      vertex 12 6.4 16
    endloop
  endfacet
  facet normal 0 -1 0
    outer loop
      vertex 17.7966 6.4 9.47226
      vertex 12 6.4 8
      vertex 17.6629 6.4 9.2492
    endloop
  endfacet
  facet normal 0 -1 0
    outer loop
      vertex 17.6629 6.4 9.2492
      vertex 12 6.4 8
      vertex 17.5517 6.4 9.01411
    endloop
  endfacet
  facet normal 0 -1 0
    outer loop
      vertex 17.5517 6.4 9.01411
      vertex 12 6.4 8
      vertex 17.4641 6.4 8.76925
    endloop
  endfacet
  facet normal 0 -1 0
    outer loop
      vertex 17.4641 6.4 8.76925
      vertex 12 6.4 8
      vertex 17.4009 6.4 8.51699
    endloop
  endfacet
  facet normal 0 -1 0
    outer loop
      vertex 17.4009 6.4 8.51699
      vertex 12 6.4 8
      vertex 17.3628 6.4 8.25974
    endloop
  endfacet
  facet normal 0 -1 0
    outer loop
      vertex 12 6.4 8
      vertex 17.35 6.4 8
      vertex 17.3628 6.4 8.25974
    endloop
  endfacet
  facet normal 0 -1 0
    outer loop
      vertex 12 6.4 8
      vertex 17.3628 6.4 7.74026
      vertex 17.35 6.4 8
    endloop
  endfacet
  facet normal 0 -1 0
    outer loop
      vertex 12 6.4 8
      vertex 17.4009 6.4 7.48301
      vertex 17.3628 6.4 7.74026
    endloop
  endfacet
  facet normal 0 -1 0
    outer loop
      vertex 12 6.4 8
      vertex 17.4641 6.4 7.23075
      vertex 17.4009 6.4 7.48301
    endloop
  endfacet
  facet normal 0 -1 0
    outer loop
      vertex 12 6.4 8
      vertex 17.5517 6.4 6.98589
      vertex 17.4641 6.4 7.23075
    endloop
  endfacet
  facet normal 0 -1 0
    outer loop
      vertex 12 6.4 8
      vertex 17.6629 6.4 6.7508
      vertex 17.5517 6.4 6.98589
    endloop
  endfacet
  facet normal 0 -1 0
    outer loop
      vertex 12 6.4 8
      vertex 17.7966 6.4 6.52774
      vertex 17.6629 6.4 6.7508
    endloop
  endfacet
  facet normal 0 -1 0
    outer loop
      vertex 12 6.4 1.77636e-15
      vertex 17.7966 6.4 6.52774
      vertex 12 6.4 8
    endloop
  endfacet
  facet normal 0 -1 -0
    outer loop
      vertex 17.7966 6.4 6.52774
      vertex 12 6.4 1.77636e-15
      vertex 17.9515 6.4 6.31886
    endloop
  endfacet
  facet normal 0 -1 -0
    outer loop
      vertex 17.9515 6.4 6.31886
      vertex 12 6.4 1.77636e-15
      vertex 18.1262 6.4 6.12617
    endloop
  endfacet
  facet normal 0 -1 -0
    outer loop
      vertex 18.1262 6.4 6.12617
      vertex 12 6.4 1.77636e-15
      vertex 18.3189 6.4 5.95152
    endloop
  endfacet
  facet normal 0 -1 -0
    outer loop
      vertex 18.3189 6.4 5.95152
      vertex 12 6.4 1.77636e-15
      vertex 18.5277 6.4 5.79661
    endloop
  endfacet
  facet normal 0 -1 0
    outer loop
      vertex 20 6.4 0
      vertex 18.5277 6.4 5.79661
      vertex 12 6.4 1.77636e-15
    endloop
  endfacet
  facet normal 0 -1 0
    outer loop
      vertex 18.5277 6.4 5.79661
      vertex 20 6.4 0
      vertex 18.7508 6.4 5.66291
    endloop
  endfacet
  facet normal 0 -1 0
    outer loop
      vertex 20 6.4 0
      vertex 20 6.4 5.35
      vertex 19.7403 6.4 5.36276
    endloop
  endfacet
  facet normal 0 -1 0
    outer loop
      vertex 20 6.4 5.35
      vertex 27.0554 6.4 4.22883
      vertex 27.391 6.4 4.93853
    endloop
  endfacet
  facet normal 0 -1 0
    outer loop
      vertex 20 6.4 0
      vertex 19.7403 6.4 5.36276
      vertex 19.483 6.4 5.40092
    endloop
  endfacet
  facet normal 0 -1 0
    outer loop
      vertex 20 6.4 5.35
      vertex 26.6518 6.4 3.55544
      vertex 27.0554 6.4 4.22883
    endloop
  endfacet
  facet normal 0 -1 0
    outer loop
      vertex 20 6.4 0
      vertex 19.483 6.4 5.40092
      vertex 19.2307 6.4 5.46411
    endloop
  endfacet
  facet normal 0 -1 0
    outer loop
      vertex 20 6.4 5.35
      vertex 26.1841 6.4 2.92485
      vertex 26.6518 6.4 3.55544
    endloop
  endfacet
  facet normal 0 -1 0
    outer loop
      vertex 18.7508 6.4 5.66291
      vertex 20 6.4 0
      vertex 18.9859 6.4 5.55172
    endloop
  endfacet
  facet normal 0 -1 0
    outer loop
      vertex 20 6.4 5.35
      vertex 25.6569 6.4 2.34315
      vertex 26.1841 6.4 2.92485
    endloop
  endfacet
  facet normal 0 -1 0
    outer loop
      vertex 20 6.4 5.35
      vertex 25.0751 6.4 1.81592
      vertex 25.6569 6.4 2.34315
    endloop
  endfacet
  facet normal 0 -1 0
    outer loop
      vertex 20 6.4 5.35
      vertex 24.4446 6.4 1.34824
      vertex 25.0751 6.4 1.81592
    endloop
  endfacet
  facet normal 0 -1 0
    outer loop
      vertex 20 6.4 5.35
      vertex 23.7712 6.4 0.944631
      vertex 24.4446 6.4 1.34824
    endloop
  endfacet
  facet normal 0 -1 0
    outer loop
      vertex 20 6.4 5.35
      vertex 23.0615 6.4 0.608964
      vertex 23.7712 6.4 0.944631
    endloop
  endfacet
  facet normal 0 -1 0
    outer loop
      vertex 20 6.4 5.35
      vertex 22.3223 6.4 0.344478
      vertex 23.0615 6.4 0.608964
    endloop
  endfacet
  facet normal 0 -1 0
    outer loop
      vertex 20 6.4 5.35
      vertex 21.5607 6.4 0.153718
      vertex 22.3223 6.4 0.344478
    endloop
  endfacet
  facet normal 0 -1 0
    outer loop
      vertex 20 6.4 5.35
      vertex 20.7841 6.4 0.0385227
      vertex 21.5607 6.4 0.153718
    endloop
  endfacet
  facet normal 0 -1 0
    outer loop
      vertex 18.9859 6.4 5.55172
      vertex 20 6.4 0
      vertex 19.2307 6.4 5.46411
    endloop
  endfacet
  facet normal 0 -1 0
    outer loop
      vertex 20 6.4 5.35
      vertex 20 6.4 0
      vertex 20.7841 6.4 0.0385227
    endloop
  endfacet
  facet normal 0 -1 -0
    outer loop
      vertex 24.4446 6.4 14.6518
      vertex 21.4723 6.4 10.2034
      vertex 25.0751 6.4 14.1841
    endloop
  endfacet
  facet normal 0 -1 0
    outer loop
      vertex 21.6811 6.4 10.0485
      vertex 25.0751 6.4 14.1841
      vertex 21.4723 6.4 10.2034
    endloop
  endfacet
  facet normal 0 -1 -0
    outer loop
      vertex 25.0751 6.4 14.1841
      vertex 21.6811 6.4 10.0485
      vertex 25.6569 6.4 13.6569
    endloop
  endfacet
  facet normal 0 -1 0
    outer loop
      vertex 21.8738 6.4 9.87383
      vertex 25.6569 6.4 13.6569
      vertex 21.6811 6.4 10.0485
    endloop
  endfacet
  facet normal 0 -1 -0
    outer loop
      vertex 25.6569 6.4 13.6569
      vertex 21.8738 6.4 9.87383
      vertex 26.1841 6.4 13.0751
    endloop
  endfacet
  facet normal 0 -1 0
    outer loop
      vertex 22.0485 6.4 9.68114
      vertex 26.1841 6.4 13.0751
      vertex 21.8738 6.4 9.87383
    endloop
  endfacet
  facet normal 0 -1 -0
    outer loop
      vertex 26.1841 6.4 13.0751
      vertex 22.0485 6.4 9.68114
      vertex 26.6518 6.4 12.4446
    endloop
  endfacet
  facet normal 0 -1 0
    outer loop
      vertex 22.2034 6.4 9.47226
      vertex 26.6518 6.4 12.4446
      vertex 22.0485 6.4 9.68114
    endloop
  endfacet
  facet normal 0 -1 -0
    outer loop
      vertex 26.6518 6.4 12.4446
      vertex 22.2034 6.4 9.47226
      vertex 27.0554 6.4 11.7712
    endloop
  endfacet
  facet normal 0 -1 0
    outer loop
      vertex 22.3371 6.4 9.2492
      vertex 27.0554 6.4 11.7712
      vertex 22.2034 6.4 9.47226
    endloop
  endfacet
  facet normal 0 -1 -0
    outer loop
      vertex 27.0554 6.4 11.7712
      vertex 22.3371 6.4 9.2492
      vertex 27.391 6.4 11.0615
    endloop
  endfacet
  facet normal 0 -1 0
    outer loop
      vertex 22.4483 6.4 9.01411
      vertex 27.391 6.4 11.0615
      vertex 22.3371 6.4 9.2492
    endloop
  endfacet
  facet normal 0 -1 -0
    outer loop
      vertex 27.391 6.4 11.0615
      vertex 22.4483 6.4 9.01411
      vertex 27.6555 6.4 10.3223
    endloop
  endfacet
  facet normal 0 -1 0
    outer loop
      vertex 22.5359 6.4 8.76925
      vertex 27.6555 6.4 10.3223
      vertex 22.4483 6.4 9.01411
    endloop
  endfacet
  facet normal 0 -1 -0
    outer loop
      vertex 27.6555 6.4 10.3223
      vertex 22.5359 6.4 8.76925
      vertex 27.8463 6.4 9.56072
    endloop
  endfacet
  facet normal 0 -1 0
    outer loop
      vertex 22.5991 6.4 8.51699
      vertex 27.8463 6.4 9.56072
      vertex 22.5359 6.4 8.76925
    endloop
  endfacet
  facet normal 0 -1 -0
    outer loop
      vertex 27.8463 6.4 9.56072
      vertex 22.5991 6.4 8.51699
      vertex 27.9615 6.4 8.78414
    endloop
  endfacet
  facet normal 0 -1 0
    outer loop
      vertex 22.6372 6.4 8.25974
      vertex 27.9615 6.4 8.78414
      vertex 22.5991 6.4 8.51699
    endloop
  endfacet
  facet normal 0 -1 0
    outer loop
      vertex 22.65 6.4 8
      vertex 27.9615 6.4 8.78414
      vertex 22.6372 6.4 8.25974
    endloop
  endfacet
  facet normal 0 -1 0
    outer loop
      vertex 22.65 6.4 8
      vertex 28 6.4 8
      vertex 27.9615 6.4 8.78414
    endloop
  endfacet
  facet normal 0 -1 0
    outer loop
      vertex 22.6372 6.4 7.74026
      vertex 28 6.4 8
      vertex 22.65 6.4 8
    endloop
  endfacet
  facet normal 0 -1 0
    outer loop
      vertex 27.9615 6.4 7.21586
      vertex 22.6372 6.4 7.74026
      vertex 22.5991 6.4 7.48301
    endloop
  endfacet
  facet normal 0 -1 0
    outer loop
      vertex 27.8463 6.4 6.43928
      vertex 22.5991 6.4 7.48301
      vertex 22.5359 6.4 7.23075
    endloop
  endfacet
  facet normal 0 -1 0
    outer loop
      vertex 22.6372 6.4 7.74026
      vertex 27.9615 6.4 7.21586
      vertex 28 6.4 8
    endloop
  endfacet
  facet normal 0 -1 0
    outer loop
      vertex 27.6555 6.4 5.67772
      vertex 22.5359 6.4 7.23075
      vertex 22.4483 6.4 6.98589
    endloop
  endfacet
  facet normal 0 -1 0
    outer loop
      vertex 27.391 6.4 4.93853
      vertex 22.4483 6.4 6.98589
      vertex 22.3371 6.4 6.7508
    endloop
  endfacet
  facet normal 0 -1 0
    outer loop
      vertex 27.391 6.4 4.93853
      vertex 22.3371 6.4 6.7508
      vertex 22.2034 6.4 6.52774
    endloop
  endfacet
  facet normal 0 -1 0
    outer loop
      vertex 22.5991 6.4 7.48301
      vertex 27.8463 6.4 6.43928
      vertex 27.9615 6.4 7.21586
    endloop
  endfacet
  facet normal 0 -1 0
    outer loop
      vertex 27.391 6.4 4.93853
      vertex 22.2034 6.4 6.52774
      vertex 22.0485 6.4 6.31886
    endloop
  endfacet
  facet normal 0 -1 0
    outer loop
      vertex 27.391 6.4 4.93853
      vertex 22.0485 6.4 6.31886
      vertex 21.8738 6.4 6.12617
    endloop
  endfacet
  facet normal 0 -1 0
    outer loop
      vertex 27.391 6.4 4.93853
      vertex 21.8738 6.4 6.12617
      vertex 21.6811 6.4 5.95152
    endloop
  endfacet
  facet normal 0 -1 0
    outer loop
      vertex 27.391 6.4 4.93853
      vertex 21.6811 6.4 5.95152
      vertex 21.4723 6.4 5.79661
    endloop
  endfacet
  facet normal 0 -1 0
    outer loop
      vertex 22.5359 6.4 7.23075
      vertex 27.6555 6.4 5.67772
      vertex 27.8463 6.4 6.43928
    endloop
  endfacet
  facet normal 0 -1 0
    outer loop
      vertex 27.391 6.4 4.93853
      vertex 21.4723 6.4 5.79661
      vertex 21.2492 6.4 5.66291
    endloop
  endfacet
  facet normal 0 -1 0
    outer loop
      vertex 27.391 6.4 4.93853
      vertex 21.2492 6.4 5.66291
      vertex 21.0141 6.4 5.55172
    endloop
  endfacet
  facet normal 0 -1 0
    outer loop
      vertex 27.391 6.4 4.93853
      vertex 21.0141 6.4 5.55172
      vertex 20.7693 6.4 5.46411
    endloop
  endfacet
  facet normal 0 -1 0
    outer loop
      vertex 27.391 6.4 4.93853
      vertex 20.7693 6.4 5.46411
      vertex 20.517 6.4 5.40092
    endloop
  endfacet
  facet normal 0 -1 0
    outer loop
      vertex 27.391 6.4 4.93853
      vertex 20.517 6.4 5.40092
      vertex 20.2597 6.4 5.36276
    endloop
  endfacet
  facet normal 0 -1 0
    outer loop
      vertex 27.391 6.4 4.93853
      vertex 20.2597 6.4 5.36276
      vertex 20 6.4 5.35
    endloop
  endfacet
  facet normal 0 -1 0
    outer loop
      vertex 22.4483 6.4 6.98589
      vertex 27.391 6.4 4.93853
      vertex 27.6555 6.4 5.67772
    endloop
  endfacet
  facet normal 0 1 0
    outer loop
      vertex 20.7841 9.35 15.9615
      vertex 20.2597 9.35 10.6372
      vertex 20 9.35 10.65
    endloop
  endfacet
  facet normal 0 1 0
    outer loop
      vertex 27.0554 9.35 11.7712
      vertex 20.517 9.35 10.5991
      vertex 20.2597 9.35 10.6372
    endloop
  endfacet
  facet normal 0 1 0
    outer loop
      vertex 27.0554 9.35 11.7712
      vertex 20.7693 9.35 10.5359
      vertex 20.517 9.35 10.5991
    endloop
  endfacet
  facet normal 0 1 0
    outer loop
      vertex 27.0554 9.35 11.7712
      vertex 21.0141 9.35 10.4483
      vertex 20.7693 9.35 10.5359
    endloop
  endfacet
  facet normal 0 1 0
    outer loop
      vertex 27.0554 9.35 11.7712
      vertex 21.2492 9.35 10.3371
      vertex 21.0141 9.35 10.4483
    endloop
  endfacet
  facet normal 0 1 0
    outer loop
      vertex 22.4483 9.35 9.01411
      vertex 27.391 9.35 11.0615
      vertex 27.6555 9.35 10.3223
    endloop
  endfacet
  facet normal 0 1 0
    outer loop
      vertex 27.0554 9.35 11.7712
      vertex 21.4723 9.35 10.2034
      vertex 21.2492 9.35 10.3371
    endloop
  endfacet
  facet normal 0 1 0
    outer loop
      vertex 27.0554 9.35 11.7712
      vertex 21.6811 9.35 10.0485
      vertex 21.4723 9.35 10.2034
    endloop
  endfacet
  facet normal 0 1 0
    outer loop
      vertex 27.0554 9.35 11.7712
      vertex 21.8738 9.35 9.87383
      vertex 21.6811 9.35 10.0485
    endloop
  endfacet
  facet normal 0 1 0
    outer loop
      vertex 27.0554 9.35 11.7712
      vertex 22.0485 9.35 9.68114
      vertex 21.8738 9.35 9.87383
    endloop
  endfacet
  facet normal 0 1 0
    outer loop
      vertex 22.5359 9.35 8.76925
      vertex 27.6555 9.35 10.3223
      vertex 27.8463 9.35 9.56072
    endloop
  endfacet
  facet normal 0 1 0
    outer loop
      vertex 27.0554 9.35 11.7712
      vertex 22.2034 9.35 9.47226
      vertex 22.0485 9.35 9.68114
    endloop
  endfacet
  facet normal 0 1 0
    outer loop
      vertex 27.0554 9.35 11.7712
      vertex 22.3371 9.35 9.2492
      vertex 22.2034 9.35 9.47226
    endloop
  endfacet
  facet normal 0 1 0
    outer loop
      vertex 27.391 9.35 11.0615
      vertex 22.4483 9.35 9.01411
      vertex 22.3371 9.35 9.2492
    endloop
  endfacet
  facet normal 0 1 0
    outer loop
      vertex 22.5991 9.35 8.51699
      vertex 27.8463 9.35 9.56072
      vertex 27.9615 9.35 8.78414
    endloop
  endfacet
  facet normal 0 1 0
    outer loop
      vertex 27.6555 9.35 10.3223
      vertex 22.5359 9.35 8.76925
      vertex 22.4483 9.35 9.01411
    endloop
  endfacet
  facet normal 0 1 0
    outer loop
      vertex 27.8463 9.35 9.56072
      vertex 22.5991 9.35 8.51699
      vertex 22.5359 9.35 8.76925
    endloop
  endfacet
  facet normal 0 1 0
    outer loop
      vertex 27.9615 9.35 8.78414
      vertex 22.6372 9.35 8.25974
      vertex 22.5991 9.35 8.51699
    endloop
  endfacet
  facet normal 0 1 0
    outer loop
      vertex 28 9.35 8
      vertex 22.6372 9.35 8.25974
      vertex 27.9615 9.35 8.78414
    endloop
  endfacet
  facet normal 0 1 0
    outer loop
      vertex 28 9.35 8
      vertex 22.65 9.35 8
      vertex 22.6372 9.35 8.25974
    endloop
  endfacet
  facet normal 0 1 0
    outer loop
      vertex 28 9.35 8
      vertex 22.6372 9.35 7.74026
      vertex 22.65 9.35 8
    endloop
  endfacet
  facet normal 0 1 -0
    outer loop
      vertex 27.9615 9.35 7.21586
      vertex 22.6372 9.35 7.74026
      vertex 28 9.35 8
    endloop
  endfacet
  facet normal 0 1 0
    outer loop
      vertex 22.6372 9.35 7.74026
      vertex 27.9615 9.35 7.21586
      vertex 22.5991 9.35 7.48301
    endloop
  endfacet
  facet normal 0 1 -0
    outer loop
      vertex 27.8463 9.35 6.43928
      vertex 22.5991 9.35 7.48301
      vertex 27.9615 9.35 7.21586
    endloop
  endfacet
  facet normal 0 1 0
    outer loop
      vertex 22.5991 9.35 7.48301
      vertex 27.8463 9.35 6.43928
      vertex 22.5359 9.35 7.23075
    endloop
  endfacet
  facet normal 0 1 -0
    outer loop
      vertex 27.6555 9.35 5.67772
      vertex 22.5359 9.35 7.23075
      vertex 27.8463 9.35 6.43928
    endloop
  endfacet
  facet normal 0 1 0
    outer loop
      vertex 22.5359 9.35 7.23075
      vertex 27.6555 9.35 5.67772
      vertex 22.4483 9.35 6.98589
    endloop
  endfacet
  facet normal 0 1 -0
    outer loop
      vertex 27.391 9.35 4.93853
      vertex 22.4483 9.35 6.98589
      vertex 27.6555 9.35 5.67772
    endloop
  endfacet
  facet normal 0 1 0
    outer loop
      vertex 22.4483 9.35 6.98589
      vertex 27.391 9.35 4.93853
      vertex 22.3371 9.35 6.7508
    endloop
  endfacet
  facet normal 0 1 -0
    outer loop
      vertex 27.0554 9.35 4.22883
      vertex 22.3371 9.35 6.7508
      vertex 27.391 9.35 4.93853
    endloop
  endfacet
  facet normal 0 1 0
    outer loop
      vertex 22.3371 9.35 6.7508
      vertex 27.0554 9.35 4.22883
      vertex 22.2034 9.35 6.52774
    endloop
  endfacet
  facet normal 0 1 -0
    outer loop
      vertex 26.6518 9.35 3.55544
      vertex 22.2034 9.35 6.52774
      vertex 27.0554 9.35 4.22883
    endloop
  endfacet
  facet normal 0 1 0
    outer loop
      vertex 22.2034 9.35 6.52774
      vertex 26.6518 9.35 3.55544
      vertex 22.0485 9.35 6.31886
    endloop
  endfacet
  facet normal 0 1 -0
    outer loop
      vertex 26.1841 9.35 2.92485
      vertex 22.0485 9.35 6.31886
      vertex 26.6518 9.35 3.55544
    endloop
  endfacet
  facet normal 0 1 0
    outer loop
      vertex 22.0485 9.35 6.31886
      vertex 26.1841 9.35 2.92485
      vertex 21.8738 9.35 6.12617
    endloop
  endfacet
  facet normal 0 1 -0
    outer loop
      vertex 25.6569 9.35 2.34315
      vertex 21.8738 9.35 6.12617
      vertex 26.1841 9.35 2.92485
    endloop
  endfacet
  facet normal 0 1 0
    outer loop
      vertex 21.8738 9.35 6.12617
      vertex 25.6569 9.35 2.34315
      vertex 21.6811 9.35 5.95152
    endloop
  endfacet
  facet normal 0 1 -0
    outer loop
      vertex 25.0751 9.35 1.81592
      vertex 21.6811 9.35 5.95152
      vertex 25.6569 9.35 2.34315
    endloop
  endfacet
  facet normal 0 1 0
    outer loop
      vertex 21.6811 9.35 5.95152
      vertex 25.0751 9.35 1.81592
      vertex 21.4723 9.35 5.79661
    endloop
  endfacet
  facet normal 0 1 -0
    outer loop
      vertex 24.4446 9.35 1.34824
      vertex 21.4723 9.35 5.79661
      vertex 25.0751 9.35 1.81592
    endloop
  endfacet
  facet normal 0 1 0
    outer loop
      vertex 20 9.35 10.65
      vertex 20 9.35 16
      vertex 20.7841 9.35 15.9615
    endloop
  endfacet
  facet normal 0 1 0
    outer loop
      vertex 20.2597 9.35 10.6372
      vertex 20.7841 9.35 15.9615
      vertex 21.5607 9.35 15.8463
    endloop
  endfacet
  facet normal 0 1 0
    outer loop
      vertex 20.2597 9.35 10.6372
      vertex 21.5607 9.35 15.8463
      vertex 22.3223 9.35 15.6555
    endloop
  endfacet
  facet normal 0 1 0
    outer loop
      vertex 20.2597 9.35 10.6372
      vertex 22.3223 9.35 15.6555
      vertex 23.0615 9.35 15.391
    endloop
  endfacet
  facet normal 0 1 0
    outer loop
      vertex 20.2597 9.35 10.6372
      vertex 23.0615 9.35 15.391
      vertex 23.7712 9.35 15.0554
    endloop
  endfacet
  facet normal 0 1 0
    outer loop
      vertex 20.2597 9.35 10.6372
      vertex 23.7712 9.35 15.0554
      vertex 24.4446 9.35 14.6518
    endloop
  endfacet
  facet normal 0 1 0
    outer loop
      vertex 20.2597 9.35 10.6372
      vertex 24.4446 9.35 14.6518
      vertex 25.0751 9.35 14.1841
    endloop
  endfacet
  facet normal 0 1 0
    outer loop
      vertex 20.2597 9.35 10.6372
      vertex 25.0751 9.35 14.1841
      vertex 25.6569 9.35 13.6569
    endloop
  endfacet
  facet normal 0 1 0
    outer loop
      vertex 20.2597 9.35 10.6372
      vertex 25.6569 9.35 13.6569
      vertex 26.1841 9.35 13.0751
    endloop
  endfacet
  facet normal 0 1 0
    outer loop
      vertex 20.2597 9.35 10.6372
      vertex 26.1841 9.35 13.0751
      vertex 26.6518 9.35 12.4446
    endloop
  endfacet
  facet normal 0 1 0
    outer loop
      vertex 20.2597 9.35 10.6372
      vertex 26.6518 9.35 12.4446
      vertex 27.0554 9.35 11.7712
    endloop
  endfacet
  facet normal 0 1 0
    outer loop
      vertex 22.3371 9.35 9.2492
      vertex 27.0554 9.35 11.7712
      vertex 27.391 9.35 11.0615
    endloop
  endfacet
  facet normal 0 1 0
    outer loop
      vertex 20 9.35 16
      vertex 20 9.35 10.65
      vertex 19.7403 9.35 10.6372
    endloop
  endfacet
  facet normal 0 1 0
    outer loop
      vertex 20 9.35 16
      vertex 19.7403 9.35 10.6372
      vertex 19.483 9.35 10.5991
    endloop
  endfacet
  facet normal 0 1 0
    outer loop
      vertex 20 9.35 16
      vertex 19.483 9.35 10.5991
      vertex 19.2307 9.35 10.5359
    endloop
  endfacet
  facet normal 0 1 0
    outer loop
      vertex 20 9.35 16
      vertex 19.2307 9.35 10.5359
      vertex 18.9859 9.35 10.4483
    endloop
  endfacet
  facet normal 0 1 0
    outer loop
      vertex 20 9.35 16
      vertex 18.9859 9.35 10.4483
      vertex 18.7508 9.35 10.3371
    endloop
  endfacet
  facet normal 0 1 0
    outer loop
      vertex 18.5277 9.35 10.2034
      vertex 20 9.35 16
      vertex 18.7508 9.35 10.3371
    endloop
  endfacet
  facet normal 0 1 0
    outer loop
      vertex 20 9.35 16
      vertex 18.5277 9.35 10.2034
      vertex 12 9.35 16
    endloop
  endfacet
  facet normal 0 1 -0
    outer loop
      vertex 18.3189 9.35 10.0485
      vertex 12 9.35 16
      vertex 18.5277 9.35 10.2034
    endloop
  endfacet
  facet normal 0 1 -0
    outer loop
      vertex 18.1262 9.35 9.87383
      vertex 12 9.35 16
      vertex 18.3189 9.35 10.0485
    endloop
  endfacet
  facet normal 0 1 -0
    outer loop
      vertex 17.9515 9.35 9.68114
      vertex 12 9.35 16
      vertex 18.1262 9.35 9.87383
    endloop
  endfacet
  facet normal 0 1 -0
    outer loop
      vertex 17.7966 9.35 9.47226
      vertex 12 9.35 16
      vertex 17.9515 9.35 9.68114
    endloop
  endfacet
  facet normal 0 1 0
    outer loop
      vertex 12 9.35 8
      vertex 17.7966 9.35 9.47226
      vertex 17.6629 9.35 9.2492
    endloop
  endfacet
  facet normal 0 1 0
    outer loop
      vertex 12 9.35 8
      vertex 17.6629 9.35 9.2492
      vertex 17.5517 9.35 9.01411
    endloop
  endfacet
  facet normal 0 1 0
    outer loop
      vertex 12 9.35 8
      vertex 17.5517 9.35 9.01411
      vertex 17.4641 9.35 8.76925
    endloop
  endfacet
  facet normal 0 1 0
    outer loop
      vertex 12 9.35 8
      vertex 17.4641 9.35 8.76925
      vertex 17.4009 9.35 8.51699
    endloop
  endfacet
  facet normal 0 1 0
    outer loop
      vertex 12 9.35 8
      vertex 17.4009 9.35 8.51699
      vertex 17.3628 9.35 8.25974
    endloop
  endfacet
  facet normal 0 1 0
    outer loop
      vertex 12 9.35 8
      vertex 17.3628 9.35 8.25974
      vertex 17.35 9.35 8
    endloop
  endfacet
  facet normal 0 1 0
    outer loop
      vertex 17.7966 9.35 9.47226
      vertex 12 9.35 8
      vertex 12 9.35 16
    endloop
  endfacet
  facet normal 0 1 0
    outer loop
      vertex 17.3628 9.35 7.74026
      vertex 12 9.35 8
      vertex 17.35 9.35 8
    endloop
  endfacet
  facet normal 0 1 0
    outer loop
      vertex 17.4009 9.35 7.48301
      vertex 12 9.35 8
      vertex 17.3628 9.35 7.74026
    endloop
  endfacet
  facet normal 0 1 0
    outer loop
      vertex 17.4641 9.35 7.23075
      vertex 12 9.35 8
      vertex 17.4009 9.35 7.48301
    endloop
  endfacet
  facet normal 0 1 0
    outer loop
      vertex 17.5517 9.35 6.98589
      vertex 12 9.35 8
      vertex 17.4641 9.35 7.23075
    endloop
  endfacet
  facet normal 0 1 0
    outer loop
      vertex 17.6629 9.35 6.7508
      vertex 12 9.35 8
      vertex 17.5517 9.35 6.98589
    endloop
  endfacet
  facet normal 0 1 0
    outer loop
      vertex 17.7966 9.35 6.52774
      vertex 12 9.35 8
      vertex 17.6629 9.35 6.7508
    endloop
  endfacet
  facet normal 0 1 0
    outer loop
      vertex 12 9.35 1.77636e-15
      vertex 17.7966 9.35 6.52774
      vertex 17.9515 9.35 6.31886
    endloop
  endfacet
  facet normal 0 1 0
    outer loop
      vertex 12 9.35 1.77636e-15
      vertex 17.9515 9.35 6.31886
      vertex 18.1262 9.35 6.12617
    endloop
  endfacet
  facet normal 0 1 0
    outer loop
      vertex 12 9.35 1.77636e-15
      vertex 18.1262 9.35 6.12617
      vertex 18.3189 9.35 5.95152
    endloop
  endfacet
  facet normal 0 1 0
    outer loop
      vertex 12 9.35 1.77636e-15
      vertex 18.3189 9.35 5.95152
      vertex 18.5277 9.35 5.79661
    endloop
  endfacet
  facet normal 0 1 0
    outer loop
      vertex 20 9.35 0
      vertex 18.5277 9.35 5.79661
      vertex 18.7508 9.35 5.66291
    endloop
  endfacet
  facet normal 0 1 0
    outer loop
      vertex 20 9.35 0
      vertex 18.7508 9.35 5.66291
      vertex 18.9859 9.35 5.55172
    endloop
  endfacet
  facet normal 0 1 0
    outer loop
      vertex 20 9.35 0
      vertex 18.9859 9.35 5.55172
      vertex 19.2307 9.35 5.46411
    endloop
  endfacet
  facet normal 0 1 0
    outer loop
      vertex 21.4723 9.35 5.79661
      vertex 24.4446 9.35 1.34824
      vertex 21.2492 9.35 5.66291
    endloop
  endfacet
  facet normal 0 1 -0
    outer loop
      vertex 23.7712 9.35 0.944631
      vertex 21.2492 9.35 5.66291
      vertex 24.4446 9.35 1.34824
    endloop
  endfacet
  facet normal 0 1 0
    outer loop
      vertex 21.2492 9.35 5.66291
      vertex 23.7712 9.35 0.944631
      vertex 21.0141 9.35 5.55172
    endloop
  endfacet
  facet normal 0 1 -0
    outer loop
      vertex 23.0615 9.35 0.608964
      vertex 21.0141 9.35 5.55172
      vertex 23.7712 9.35 0.944631
    endloop
  endfacet
  facet normal 0 1 0
    outer loop
      vertex 21.0141 9.35 5.55172
      vertex 23.0615 9.35 0.608964
      vertex 20.7693 9.35 5.46411
    endloop
  endfacet
  facet normal 0 1 -0
    outer loop
      vertex 22.3223 9.35 0.344478
      vertex 20.7693 9.35 5.46411
      vertex 23.0615 9.35 0.608964
    endloop
  endfacet
  facet normal 0 1 0
    outer loop
      vertex 20.7693 9.35 5.46411
      vertex 22.3223 9.35 0.344478
      vertex 20.517 9.35 5.40092
    endloop
  endfacet
  facet normal 0 1 -0
    outer loop
      vertex 21.5607 9.35 0.153718
      vertex 20.517 9.35 5.40092
      vertex 22.3223 9.35 0.344478
    endloop
  endfacet
  facet normal 0 1 0
    outer loop
      vertex 20.517 9.35 5.40092
      vertex 21.5607 9.35 0.153718
      vertex 20.2597 9.35 5.36276
    endloop
  endfacet
  facet normal 0 1 -0
    outer loop
      vertex 20.7841 9.35 0.0385227
      vertex 20.2597 9.35 5.36276
      vertex 21.5607 9.35 0.153718
    endloop
  endfacet
  facet normal 0 1 0
    outer loop
      vertex 20.2597 9.35 5.36276
      vertex 20.7841 9.35 0.0385227
      vertex 20 9.35 5.35
    endloop
  endfacet
  facet normal 0 1 0
    outer loop
      vertex 20 9.35 0
      vertex 20 9.35 5.35
      vertex 20.7841 9.35 0.0385227
    endloop
  endfacet
  facet normal 0 1 0
    outer loop
      vertex 20 9.35 5.35
      vertex 20 9.35 0
      vertex 19.7403 9.35 5.36276
    endloop
  endfacet
  facet normal 0 1 0
    outer loop
      vertex 19.7403 9.35 5.36276
      vertex 20 9.35 0
      vertex 19.483 9.35 5.40092
    endloop
  endfacet
  facet normal 0 1 0
    outer loop
      vertex 19.483 9.35 5.40092
      vertex 20 9.35 0
      vertex 19.2307 9.35 5.46411
    endloop
  endfacet
  facet normal 0 1 0
    outer loop
      vertex 18.5277 9.35 5.79661
      vertex 20 9.35 0
      vertex 12 9.35 1.77636e-15
    endloop
  endfacet
  facet normal 0 1 0
    outer loop
      vertex 17.7966 9.35 6.52774
      vertex 12 9.35 1.77636e-15
      vertex 12 9.35 8
    endloop
  endfacet
  facet normal 0.14673 0 0.989177
    outer loop
      vertex 20.7841 9.35 15.9615
      vertex 21.5607 6.4 15.8463
      vertex 21.5607 9.35 15.8463
    endloop
  endfacet
  facet normal 0.14673 0 0.989177
    outer loop
      vertex 21.5607 6.4 15.8463
      vertex 20.7841 9.35 15.9615
      vertex 20.7841 6.4 15.9615
    endloop
  endfacet
  facet normal 0.941545 -0 0.336888
    outer loop
      vertex 27.391 6.4 11.0615
      vertex 27.6555 9.35 10.3223
      vertex 27.391 9.35 11.0615
    endloop
  endfacet
  facet normal 0.941545 0 0.336888
    outer loop
      vertex 27.6555 9.35 10.3223
      vertex 27.391 6.4 11.0615
      vertex 27.6555 6.4 10.3223
    endloop
  endfacet
  facet normal 0.941544 0 -0.33689
    outer loop
      vertex 27.6555 6.4 5.67772
      vertex 27.391 9.35 4.93853
      vertex 27.6555 9.35 5.67772
    endloop
  endfacet
  facet normal 0.941544 0 -0.33689
    outer loop
      vertex 27.391 9.35 4.93853
      vertex 27.6555 6.4 5.67772
      vertex 27.391 6.4 4.93853
    endloop
  endfacet
  facet normal 0.903989 -0 0.427556
    outer loop
      vertex 27.0554 6.4 11.7712
      vertex 27.391 9.35 11.0615
      vertex 27.0554 9.35 11.7712
    endloop
  endfacet
  facet normal 0.903989 0 0.427556
    outer loop
      vertex 27.391 9.35 11.0615
      vertex 27.0554 6.4 11.7712
      vertex 27.391 6.4 11.0615
    endloop
  endfacet
  facet normal 0.14673 0 -0.989177
    outer loop
      vertex 20.7841 6.4 0.0385227
      vertex 21.5607 9.35 0.153718
      vertex 21.5607 6.4 0.153718
    endloop
  endfacet
  facet normal 0.14673 0 -0.989177
    outer loop
      vertex 21.5607 9.35 0.153718
      vertex 20.7841 6.4 0.0385227
      vertex 20.7841 9.35 0.0385227
    endloop
  endfacet
  facet normal 0.740951 -0 0.671559
    outer loop
      vertex 25.6569 6.4 13.6569
      vertex 26.1841 9.35 13.0751
      vertex 25.6569 9.35 13.6569
    endloop
  endfacet
  facet normal 0.740951 0 0.671559
    outer loop
      vertex 26.1841 9.35 13.0751
      vertex 25.6569 6.4 13.6569
      vertex 26.1841 6.4 13.0751
    endloop
  endfacet
  facet normal 0.998795 0 0.0490684
    outer loop
      vertex 28 9.35 8
      vertex 27.9615 6.4 8.78414
      vertex 28 6.4 8
    endloop
  endfacet
  facet normal 0.998795 0 0.0490684
    outer loop
      vertex 27.9615 9.35 8.78414
      vertex 27.9615 6.4 8.78414
      vertex 28 9.35 8
    endloop
  endfacet
  facet normal 0.998795 0 -0.0490684
    outer loop
      vertex 28 6.4 8
      vertex 27.9615 6.4 7.21586
      vertex 28 9.35 8
    endloop
  endfacet
  facet normal 0.989176 0 -0.146731
    outer loop
      vertex 27.9615 6.4 7.21586
      vertex 27.8463 9.35 6.43928
      vertex 27.9615 9.35 7.21586
    endloop
  endfacet
  facet normal 0.989176 0 -0.146731
    outer loop
      vertex 27.8463 9.35 6.43928
      vertex 27.9615 6.4 7.21586
      vertex 27.8463 6.4 6.43928
    endloop
  endfacet
  facet normal 0.803207 -0 0.5957
    outer loop
      vertex 26.1841 6.4 13.0751
      vertex 26.6518 9.35 12.4446
      vertex 26.1841 9.35 13.0751
    endloop
  endfacet
  facet normal 0.803207 0 0.5957
    outer loop
      vertex 26.6518 9.35 12.4446
      vertex 26.1841 6.4 13.0751
      vertex 26.6518 6.4 12.4446
    endloop
  endfacet
  facet normal 0.857728 -0 0.514104
    outer loop
      vertex 26.6518 6.4 12.4446
      vertex 27.0554 9.35 11.7712
      vertex 26.6518 9.35 12.4446
    endloop
  endfacet
  facet normal 0.857728 0 0.514104
    outer loop
      vertex 27.0554 9.35 11.7712
      vertex 26.6518 6.4 12.4446
      vertex 27.0554 6.4 11.7712
    endloop
  endfacet
  facet normal 0.595699 0 0.803208
    outer loop
      vertex 24.4446 9.35 14.6518
      vertex 25.0751 6.4 14.1841
      vertex 25.0751 9.35 14.1841
    endloop
  endfacet
  facet normal 0.595699 0 0.803208
    outer loop
      vertex 25.0751 6.4 14.1841
      vertex 24.4446 9.35 14.6518
      vertex 24.4446 6.4 14.6518
    endloop
  endfacet
  facet normal 0.514103 0 0.857729
    outer loop
      vertex 23.7712 9.35 15.0554
      vertex 24.4446 6.4 14.6518
      vertex 24.4446 9.35 14.6518
    endloop
  endfacet
  facet normal 0.514103 0 0.857729
    outer loop
      vertex 24.4446 6.4 14.6518
      vertex 23.7712 9.35 15.0554
      vertex 23.7712 6.4 15.0554
    endloop
  endfacet
  facet normal 0.989177 -0 0.146729
    outer loop
      vertex 27.8463 6.4 9.56072
      vertex 27.9615 9.35 8.78414
      vertex 27.8463 9.35 9.56072
    endloop
  endfacet
  facet normal 0.989177 0 0.146729
    outer loop
      vertex 27.9615 9.35 8.78414
      vertex 27.8463 6.4 9.56072
      vertex 27.9615 6.4 8.78414
    endloop
  endfacet
  facet normal 0.970031 -0 0.242983
    outer loop
      vertex 27.6555 6.4 10.3223
      vertex 27.8463 9.35 9.56072
      vertex 27.6555 9.35 10.3223
    endloop
  endfacet
  facet normal 0.970031 0 0.242983
    outer loop
      vertex 27.8463 9.35 9.56072
      vertex 27.6555 6.4 10.3223
      vertex 27.8463 6.4 9.56072
    endloop
  endfacet
  facet normal 0.970031 0 -0.24298
    outer loop
      vertex 27.8463 6.4 6.43928
      vertex 27.6555 9.35 5.67772
      vertex 27.8463 9.35 6.43928
    endloop
  endfacet
  facet normal 0.970031 0 -0.24298
    outer loop
      vertex 27.6555 9.35 5.67772
      vertex 27.8463 6.4 6.43928
      vertex 27.6555 6.4 5.67772
    endloop
  endfacet
  facet normal 0.998795 0 -0.0490684
    outer loop
      vertex 28 9.35 8
      vertex 27.9615 6.4 7.21586
      vertex 27.9615 9.35 7.21586
    endloop
  endfacet
  facet normal 0.24298 0 -0.970031
    outer loop
      vertex 21.5607 6.4 0.153718
      vertex 22.3223 9.35 0.344478
      vertex 22.3223 6.4 0.344478
    endloop
  endfacet
  facet normal 0.24298 0 -0.970031
    outer loop
      vertex 22.3223 9.35 0.344478
      vertex 21.5607 6.4 0.153718
      vertex 21.5607 9.35 0.153718
    endloop
  endfacet
  facet normal 0.33689 0 -0.941544
    outer loop
      vertex 22.3223 6.4 0.344478
      vertex 23.0615 9.35 0.608964
      vertex 23.0615 6.4 0.608964
    endloop
  endfacet
  facet normal 0.33689 0 -0.941544
    outer loop
      vertex 23.0615 9.35 0.608964
      vertex 22.3223 6.4 0.344478
      vertex 22.3223 9.35 0.344478
    endloop
  endfacet
  facet normal 0.595699 0 -0.803208
    outer loop
      vertex 24.4446 6.4 1.34824
      vertex 25.0751 9.35 1.81592
      vertex 25.0751 6.4 1.81592
    endloop
  endfacet
  facet normal 0.595699 0 -0.803208
    outer loop
      vertex 25.0751 9.35 1.81592
      vertex 24.4446 6.4 1.34824
      vertex 24.4446 9.35 1.34824
    endloop
  endfacet
  facet normal 0.803207 0 -0.5957
    outer loop
      vertex 26.6518 6.4 3.55544
      vertex 26.1841 9.35 2.92485
      vertex 26.6518 9.35 3.55544
    endloop
  endfacet
  facet normal 0.803207 0 -0.5957
    outer loop
      vertex 26.1841 9.35 2.92485
      vertex 26.6518 6.4 3.55544
      vertex 26.1841 6.4 2.92485
    endloop
  endfacet
  facet normal 0.0490683 0 0.998795
    outer loop
      vertex 20 9.35 16
      vertex 20.7841 6.4 15.9615
      vertex 20.7841 9.35 15.9615
    endloop
  endfacet
  facet normal 0.0490683 0 0.998795
    outer loop
      vertex 20.7841 6.4 15.9615
      vertex 20 9.35 16
      vertex 20 6.4 16
    endloop
  endfacet
  facet normal 0.33689 0 0.941544
    outer loop
      vertex 22.3223 9.35 15.6555
      vertex 23.0615 6.4 15.391
      vertex 23.0615 9.35 15.391
    endloop
  endfacet
  facet normal 0.33689 0 0.941544
    outer loop
      vertex 23.0615 6.4 15.391
      vertex 22.3223 9.35 15.6555
      vertex 22.3223 6.4 15.6555
    endloop
  endfacet
  facet normal 0.24298 0 0.970031
    outer loop
      vertex 21.5607 9.35 15.8463
      vertex 22.3223 6.4 15.6555
      vertex 22.3223 9.35 15.6555
    endloop
  endfacet
  facet normal 0.24298 0 0.970031
    outer loop
      vertex 22.3223 6.4 15.6555
      vertex 21.5607 9.35 15.8463
      vertex 21.5607 6.4 15.8463
    endloop
  endfacet
  facet normal 0.67156 0 0.740951
    outer loop
      vertex 25.0751 9.35 14.1841
      vertex 25.6569 6.4 13.6569
      vertex 25.6569 9.35 13.6569
    endloop
  endfacet
  facet normal 0.67156 0 0.740951
    outer loop
      vertex 25.6569 6.4 13.6569
      vertex 25.0751 9.35 14.1841
      vertex 25.0751 6.4 14.1841
    endloop
  endfacet
  facet normal 0.427555 0 0.903989
    outer loop
      vertex 23.0615 9.35 15.391
      vertex 23.7712 6.4 15.0554
      vertex 23.7712 9.35 15.0554
    endloop
  endfacet
  facet normal 0.427555 0 0.903989
    outer loop
      vertex 23.7712 6.4 15.0554
      vertex 23.0615 9.35 15.391
      vertex 23.0615 6.4 15.391
    endloop
  endfacet
  facet normal 0.0490684 0 -0.998795
    outer loop
      vertex 20 6.4 0
      vertex 20.7841 9.35 0.0385227
      vertex 20.7841 6.4 0.0385227
    endloop
  endfacet
  facet normal 0.0490684 0 -0.998795
    outer loop
      vertex 20.7841 9.35 0.0385227
      vertex 20 6.4 0
      vertex 20 9.35 0
    endloop
  endfacet
  facet normal 0.740951 0 -0.671559
    outer loop
      vertex 26.1841 6.4 2.92485
      vertex 25.6569 9.35 2.34315
      vertex 26.1841 9.35 2.92485
    endloop
  endfacet
  facet normal 0.740951 0 -0.671559
    outer loop
      vertex 25.6569 9.35 2.34315
      vertex 26.1841 6.4 2.92485
      vertex 25.6569 6.4 2.34315
    endloop
  endfacet
  facet normal 0.427555 0 -0.903989
    outer loop
      vertex 23.0615 6.4 0.608964
      vertex 23.7712 9.35 0.944631
      vertex 23.7712 6.4 0.944631
    endloop
  endfacet
  facet normal 0.427555 0 -0.903989
    outer loop
      vertex 23.7712 9.35 0.944631
      vertex 23.0615 6.4 0.608964
      vertex 23.0615 9.35 0.608964
    endloop
  endfacet
  facet normal 0.514103 0 -0.857729
    outer loop
      vertex 23.7712 6.4 0.944631
      vertex 24.4446 9.35 1.34824
      vertex 24.4446 6.4 1.34824
    endloop
  endfacet
  facet normal 0.514103 0 -0.857729
    outer loop
      vertex 24.4446 9.35 1.34824
      vertex 23.7712 6.4 0.944631
      vertex 23.7712 9.35 0.944631
    endloop
  endfacet
  facet normal 0.857729 0 -0.514102
    outer loop
      vertex 27.0554 6.4 4.22883
      vertex 26.6518 9.35 3.55544
      vertex 27.0554 9.35 4.22883
    endloop
  endfacet
  facet normal 0.857729 0 -0.514102
    outer loop
      vertex 26.6518 9.35 3.55544
      vertex 27.0554 6.4 4.22883
      vertex 26.6518 6.4 3.55544
    endloop
  endfacet
  facet normal 0.903989 0 -0.427556
    outer loop
      vertex 27.391 6.4 4.93853
      vertex 27.0554 9.35 4.22883
      vertex 27.391 9.35 4.93853
    endloop
  endfacet
  facet normal 0.903989 0 -0.427556
    outer loop
      vertex 27.0554 9.35 4.22883
      vertex 27.391 6.4 4.93853
      vertex 27.0554 6.4 4.22883
    endloop
  endfacet
  facet normal 0.67156 0 -0.740951
    outer loop
      vertex 25.0751 6.4 1.81592
      vertex 25.6569 9.35 2.34315
      vertex 25.6569 6.4 2.34315
    endloop
  endfacet
  facet normal 0.67156 0 -0.740951
    outer loop
      vertex 25.6569 9.35 2.34315
      vertex 25.0751 6.4 1.81592
      vertex 25.0751 9.35 1.81592
    endloop
  endfacet
  facet normal 0.0490666 0 -0.998796
    outer loop
      vertex 19.7403 6.4 10.6372
      vertex 20 9.35 10.65
      vertex 20 6.4 10.65
    endloop
  endfacet
  facet normal 0.0490666 0 -0.998796
    outer loop
      vertex 20 9.35 10.65
      vertex 19.7403 6.4 10.6372
      vertex 19.7403 9.35 10.6372
    endloop
  endfacet
  facet normal -0.671556 0 -0.740953
    outer loop
      vertex 21.6811 6.4 10.0485
      vertex 21.8738 9.35 9.87383
      vertex 21.8738 6.4 9.87383
    endloop
  endfacet
  facet normal -0.671556 0 -0.740953
    outer loop
      vertex 21.8738 9.35 9.87383
      vertex 21.6811 6.4 10.0485
      vertex 21.6811 9.35 10.0485
    endloop
  endfacet
  facet normal 0.941543 0 -0.336893
    outer loop
      vertex 17.5517 6.4 9.01411
      vertex 17.4641 9.35 8.76925
      vertex 17.5517 9.35 9.01411
    endloop
  endfacet
  facet normal 0.941543 0 -0.336893
    outer loop
      vertex 17.4641 9.35 8.76925
      vertex 17.5517 6.4 9.01411
      vertex 17.4641 6.4 8.76925
    endloop
  endfacet
  facet normal 0.941543 -0 0.336893
    outer loop
      vertex 17.4641 6.4 7.23075
      vertex 17.5517 9.35 6.98589
      vertex 17.4641 9.35 7.23075
    endloop
  endfacet
  facet normal 0.941543 0 0.336893
    outer loop
      vertex 17.5517 9.35 6.98589
      vertex 17.4641 6.4 7.23075
      vertex 17.5517 6.4 6.98589
    endloop
  endfacet
  facet normal -0.0490666 0 -0.998796
    outer loop
      vertex 20 6.4 10.65
      vertex 20.2597 9.35 10.6372
      vertex 20.2597 6.4 10.6372
    endloop
  endfacet
  facet normal -0.0490666 0 -0.998796
    outer loop
      vertex 20.2597 9.35 10.6372
      vertex 20 6.4 10.65
      vertex 20 9.35 10.65
    endloop
  endfacet
  facet normal 0.427556 0 -0.903989
    outer loop
      vertex 18.7508 6.4 10.3371
      vertex 18.9859 9.35 10.4483
      vertex 18.9859 6.4 10.4483
    endloop
  endfacet
  facet normal 0.427556 0 -0.903989
    outer loop
      vertex 18.9859 9.35 10.4483
      vertex 18.7508 6.4 10.3371
      vertex 18.7508 9.35 10.3371
    endloop
  endfacet
  facet normal 0.514104 0 -0.857728
    outer loop
      vertex 18.5277 6.4 10.2034
      vertex 18.7508 9.35 10.3371
      vertex 18.7508 6.4 10.3371
    endloop
  endfacet
  facet normal 0.514104 0 -0.857728
    outer loop
      vertex 18.7508 9.35 10.3371
      vertex 18.5277 6.4 10.2034
      vertex 18.5277 9.35 10.2034
    endloop
  endfacet
  facet normal 0.857731 0 -0.514099
    outer loop
      vertex 17.7966 6.4 9.47226
      vertex 17.6629 9.35 9.2492
      vertex 17.7966 9.35 9.47226
    endloop
  endfacet
  facet normal 0.857731 0 -0.514099
    outer loop
      vertex 17.6629 9.35 9.2492
      vertex 17.7966 6.4 9.47226
      vertex 17.6629 6.4 9.2492
    endloop
  endfacet
  facet normal 0.970032 -0 0.242978
    outer loop
      vertex 17.4009 6.4 7.48301
      vertex 17.4641 9.35 7.23075
      vertex 17.4009 9.35 7.48301
    endloop
  endfacet
  facet normal 0.970032 0 0.242978
    outer loop
      vertex 17.4641 9.35 7.23075
      vertex 17.4009 6.4 7.48301
      vertex 17.4641 6.4 7.23075
    endloop
  endfacet
  facet normal -0.427556 0 0.903989
    outer loop
      vertex 21.0141 9.35 5.55172
      vertex 21.2492 6.4 5.66291
      vertex 21.2492 9.35 5.66291
    endloop
  endfacet
  facet normal -0.427556 0 0.903989
    outer loop
      vertex 21.2492 6.4 5.66291
      vertex 21.0141 9.35 5.55172
      vertex 21.0141 6.4 5.55172
    endloop
  endfacet
  facet normal -0.970033 0 -0.242971
    outer loop
      vertex 22.5991 6.4 8.51699
      vertex 22.5359 9.35 8.76925
      vertex 22.5991 9.35 8.51699
    endloop
  endfacet
  facet normal -0.970033 -0 -0.242971
    outer loop
      vertex 22.5359 9.35 8.76925
      vertex 22.5991 6.4 8.51699
      vertex 22.5359 6.4 8.76925
    endloop
  endfacet
  facet normal 0.595699 0 -0.803208
    outer loop
      vertex 18.3189 6.4 10.0485
      vertex 18.5277 9.35 10.2034
      vertex 18.5277 6.4 10.2034
    endloop
  endfacet
  facet normal 0.595699 0 -0.803208
    outer loop
      vertex 18.5277 9.35 10.2034
      vertex 18.3189 6.4 10.0485
      vertex 18.3189 9.35 10.0485
    endloop
  endfacet
  facet normal 0.740952 0 -0.671558
    outer loop
      vertex 18.1262 6.4 9.87383
      vertex 17.9515 9.35 9.68114
      vertex 18.1262 9.35 9.87383
    endloop
  endfacet
  facet normal 0.740952 0 -0.671558
    outer loop
      vertex 17.9515 9.35 9.68114
      vertex 18.1262 6.4 9.87383
      vertex 17.9515 6.4 9.68114
    endloop
  endfacet
  facet normal 0.998796 -0 0.0490666
    outer loop
      vertex 17.35 6.4 8
      vertex 17.3628 9.35 7.74026
      vertex 17.35 9.35 8
    endloop
  endfacet
  facet normal 0.998796 0 0.0490666
    outer loop
      vertex 17.3628 9.35 7.74026
      vertex 17.35 6.4 8
      vertex 17.3628 6.4 7.74026
    endloop
  endfacet
  facet normal 0.970033 0 -0.242971
    outer loop
      vertex 17.4641 6.4 8.76925
      vertex 17.4009 9.35 8.51699
      vertex 17.4641 9.35 8.76925
    endloop
  endfacet
  facet normal 0.970033 0 -0.242971
    outer loop
      vertex 17.4009 9.35 8.51699
      vertex 17.4641 6.4 8.76925
      vertex 17.4009 6.4 8.51699
    endloop
  endfacet
  facet normal 0.989176 0 -0.146737
    outer loop
      vertex 17.4009 6.4 8.51699
      vertex 17.3628 9.35 8.25974
      vertex 17.4009 9.35 8.51699
    endloop
  endfacet
  facet normal 0.989176 0 -0.146737
    outer loop
      vertex 17.3628 9.35 8.25974
      vertex 17.4009 6.4 8.51699
      vertex 17.3628 6.4 8.25974
    endloop
  endfacet
  facet normal 0.0490666 0 0.998796
    outer loop
      vertex 19.7403 9.35 5.36276
      vertex 20 6.4 5.35
      vertex 20 9.35 5.35
    endloop
  endfacet
  facet normal 0.0490666 0 0.998796
    outer loop
      vertex 20 6.4 5.35
      vertex 19.7403 9.35 5.36276
      vertex 19.7403 6.4 5.36276
    endloop
  endfacet
  facet normal 0.336891 0 0.941544
    outer loop
      vertex 18.9859 9.35 5.55172
      vertex 19.2307 6.4 5.46411
      vertex 19.2307 9.35 5.46411
    endloop
  endfacet
  facet normal 0.336891 0 0.941544
    outer loop
      vertex 19.2307 6.4 5.46411
      vertex 18.9859 9.35 5.55172
      vertex 18.9859 6.4 5.55172
    endloop
  endfacet
  facet normal 0.242977 0 0.970032
    outer loop
      vertex 19.2307 9.35 5.46411
      vertex 19.483 6.4 5.40092
      vertex 19.483 9.35 5.40092
    endloop
  endfacet
  facet normal 0.242977 0 0.970032
    outer loop
      vertex 19.483 6.4 5.40092
      vertex 19.2307 9.35 5.46411
      vertex 19.2307 6.4 5.46411
    endloop
  endfacet
  facet normal 0.595699 0 0.803208
    outer loop
      vertex 18.3189 9.35 5.95152
      vertex 18.5277 6.4 5.79661
      vertex 18.5277 9.35 5.79661
    endloop
  endfacet
  facet normal 0.595699 0 0.803208
    outer loop
      vertex 18.5277 6.4 5.79661
      vertex 18.3189 9.35 5.95152
      vertex 18.3189 6.4 5.95152
    endloop
  endfacet
  facet normal 0.67156 0 0.74095
    outer loop
      vertex 18.1262 9.35 6.12617
      vertex 18.3189 6.4 5.95152
      vertex 18.3189 9.35 5.95152
    endloop
  endfacet
  facet normal 0.67156 0 0.74095
    outer loop
      vertex 18.3189 6.4 5.95152
      vertex 18.1262 9.35 6.12617
      vertex 18.1262 6.4 6.12617
    endloop
  endfacet
  facet normal 0.857727 -0 0.514105
    outer loop
      vertex 17.6629 6.4 6.7508
      vertex 17.7966 9.35 6.52774
      vertex 17.6629 9.35 6.7508
    endloop
  endfacet
  facet normal 0.857727 0 0.514105
    outer loop
      vertex 17.7966 9.35 6.52774
      vertex 17.6629 6.4 6.7508
      vertex 17.7966 6.4 6.52774
    endloop
  endfacet
  facet normal 0.90399 -0 0.427553
    outer loop
      vertex 17.5517 6.4 6.98589
      vertex 17.6629 9.35 6.7508
      vertex 17.5517 9.35 6.98589
    endloop
  endfacet
  facet normal 0.90399 0 0.427553
    outer loop
      vertex 17.6629 9.35 6.7508
      vertex 17.5517 6.4 6.98589
      vertex 17.6629 6.4 6.7508
    endloop
  endfacet
  facet normal -0.427556 0 -0.903989
    outer loop
      vertex 21.0141 6.4 10.4483
      vertex 21.2492 9.35 10.3371
      vertex 21.2492 6.4 10.3371
    endloop
  endfacet
  facet normal -0.427556 0 -0.903989
    outer loop
      vertex 21.2492 9.35 10.3371
      vertex 21.0141 6.4 10.4483
      vertex 21.0141 9.35 10.4483
    endloop
  endfacet
  facet normal -0.740952 0 0.671558
    outer loop
      vertex 21.8738 6.4 6.12617
      vertex 22.0485 9.35 6.31886
      vertex 21.8738 9.35 6.12617
    endloop
  endfacet
  facet normal -0.740952 0 0.671558
    outer loop
      vertex 22.0485 9.35 6.31886
      vertex 21.8738 6.4 6.12617
      vertex 22.0485 6.4 6.31886
    endloop
  endfacet
  facet normal -0.595699 0 0.803208
    outer loop
      vertex 21.4723 9.35 5.79661
      vertex 21.6811 6.4 5.95152
      vertex 21.6811 9.35 5.95152
    endloop
  endfacet
  facet normal -0.595699 0 0.803208
    outer loop
      vertex 21.6811 6.4 5.95152
      vertex 21.4723 9.35 5.79661
      vertex 21.4723 6.4 5.79661
    endloop
  endfacet
  facet normal -0.998796 0 -0.0490666
    outer loop
      vertex 22.65 6.4 8
      vertex 22.6372 9.35 8.25974
      vertex 22.65 9.35 8
    endloop
  endfacet
  facet normal -0.998796 -0 -0.0490666
    outer loop
      vertex 22.6372 9.35 8.25974
      vertex 22.65 6.4 8
      vertex 22.6372 6.4 8.25974
    endloop
  endfacet
  facet normal 0.336889 0 -0.941544
    outer loop
      vertex 18.9859 6.4 10.4483
      vertex 19.2307 9.35 10.5359
      vertex 19.2307 6.4 10.5359
    endloop
  endfacet
  facet normal 0.336889 0 -0.941544
    outer loop
      vertex 19.2307 9.35 10.5359
      vertex 18.9859 6.4 10.4483
      vertex 18.9859 9.35 10.4483
    endloop
  endfacet
  facet normal 0.242979 0 -0.970032
    outer loop
      vertex 19.2307 6.4 10.5359
      vertex 19.483 9.35 10.5991
      vertex 19.483 6.4 10.5991
    endloop
  endfacet
  facet normal 0.242979 0 -0.970032
    outer loop
      vertex 19.483 9.35 10.5991
      vertex 19.2307 6.4 10.5359
      vertex 19.2307 9.35 10.5359
    endloop
  endfacet
  facet normal 0.671556 0 -0.740953
    outer loop
      vertex 18.1262 6.4 9.87383
      vertex 18.3189 9.35 10.0485
      vertex 18.3189 6.4 10.0485
    endloop
  endfacet
  facet normal 0.671556 0 -0.740953
    outer loop
      vertex 18.3189 9.35 10.0485
      vertex 18.1262 6.4 9.87383
      vertex 18.1262 9.35 9.87383
    endloop
  endfacet
  facet normal 0.998796 0 -0.0490666
    outer loop
      vertex 17.3628 6.4 8.25974
      vertex 17.35 9.35 8
      vertex 17.3628 9.35 8.25974
    endloop
  endfacet
  facet normal 0.998796 0 -0.0490666
    outer loop
      vertex 17.35 9.35 8
      vertex 17.3628 6.4 8.25974
      vertex 17.35 6.4 8
    endloop
  endfacet
  facet normal 0.903987 0 -0.427559
    outer loop
      vertex 17.6629 6.4 9.2492
      vertex 17.5517 9.35 9.01411
      vertex 17.6629 9.35 9.2492
    endloop
  endfacet
  facet normal 0.903987 0 -0.427559
    outer loop
      vertex 17.5517 9.35 9.01411
      vertex 17.6629 6.4 9.2492
      vertex 17.5517 6.4 9.01411
    endloop
  endfacet
  facet normal 0.803208 0 -0.595699
    outer loop
      vertex 17.9515 6.4 9.68114
      vertex 17.7966 9.35 9.47226
      vertex 17.9515 9.35 9.68114
    endloop
  endfacet
  facet normal 0.803208 0 -0.595699
    outer loop
      vertex 17.7966 9.35 9.47226
      vertex 17.9515 6.4 9.68114
      vertex 17.7966 6.4 9.47226
    endloop
  endfacet
  facet normal 0.146734 0 0.989176
    outer loop
      vertex 19.483 9.35 5.40092
      vertex 19.7403 6.4 5.36276
      vertex 19.7403 9.35 5.36276
    endloop
  endfacet
  facet normal 0.146734 0 0.989176
    outer loop
      vertex 19.7403 6.4 5.36276
      vertex 19.483 9.35 5.40092
      vertex 19.483 6.4 5.40092
    endloop
  endfacet
  facet normal 0.5141 0 0.85773
    outer loop
      vertex 18.5277 9.35 5.79661
      vertex 18.7508 6.4 5.66291
      vertex 18.7508 9.35 5.66291
    endloop
  endfacet
  facet normal 0.5141 0 0.85773
    outer loop
      vertex 18.7508 6.4 5.66291
      vertex 18.5277 9.35 5.79661
      vertex 18.5277 6.4 5.79661
    endloop
  endfacet
  facet normal 0.427556 0 0.903989
    outer loop
      vertex 18.7508 9.35 5.66291
      vertex 18.9859 6.4 5.55172
      vertex 18.9859 9.35 5.55172
    endloop
  endfacet
  facet normal 0.427556 0 0.903989
    outer loop
      vertex 18.9859 6.4 5.55172
      vertex 18.7508 9.35 5.66291
      vertex 18.7508 6.4 5.66291
    endloop
  endfacet
  facet normal 0.989177 -0 0.14673
    outer loop
      vertex 17.3628 6.4 7.74026
      vertex 17.4009 9.35 7.48301
      vertex 17.3628 9.35 7.74026
    endloop
  endfacet
  facet normal 0.989177 0 0.14673
    outer loop
      vertex 17.4009 9.35 7.48301
      vertex 17.3628 6.4 7.74026
      vertex 17.4009 6.4 7.48301
    endloop
  endfacet
  facet normal 0.803208 -0 0.595699
    outer loop
      vertex 17.7966 6.4 6.52774
      vertex 17.9515 9.35 6.31886
      vertex 17.7966 9.35 6.52774
    endloop
  endfacet
  facet normal 0.803208 0 0.595699
    outer loop
      vertex 17.9515 9.35 6.31886
      vertex 17.7966 6.4 6.52774
      vertex 17.9515 6.4 6.31886
    endloop
  endfacet
  facet normal 0.740952 -0 0.671558
    outer loop
      vertex 17.9515 6.4 6.31886
      vertex 18.1262 9.35 6.12617
      vertex 17.9515 9.35 6.31886
    endloop
  endfacet
  facet normal 0.740952 0 0.671558
    outer loop
      vertex 18.1262 9.35 6.12617
      vertex 17.9515 6.4 6.31886
      vertex 18.1262 6.4 6.12617
    endloop
  endfacet
  facet normal -0.514104 0 -0.857728
    outer loop
      vertex 21.2492 6.4 10.3371
      vertex 21.4723 9.35 10.2034
      vertex 21.4723 6.4 10.2034
    endloop
  endfacet
  facet normal -0.514104 0 -0.857728
    outer loop
      vertex 21.4723 9.35 10.2034
      vertex 21.2492 6.4 10.3371
      vertex 21.2492 9.35 10.3371
    endloop
  endfacet
  facet normal -0.998796 0 0.0490666
    outer loop
      vertex 22.6372 6.4 7.74026
      vertex 22.65 9.35 8
      vertex 22.6372 9.35 7.74026
    endloop
  endfacet
  facet normal -0.998796 0 0.0490666
    outer loop
      vertex 22.65 9.35 8
      vertex 22.6372 6.4 7.74026
      vertex 22.65 6.4 8
    endloop
  endfacet
  facet normal -0.0490666 0 0.998796
    outer loop
      vertex 20 9.35 5.35
      vertex 20.2597 6.4 5.36276
      vertex 20.2597 9.35 5.36276
    endloop
  endfacet
  facet normal -0.0490666 0 0.998796
    outer loop
      vertex 20.2597 6.4 5.36276
      vertex 20 9.35 5.35
      vertex 20 6.4 5.35
    endloop
  endfacet
  facet normal -0.336889 0 0.941544
    outer loop
      vertex 20.7693 9.35 5.46411
      vertex 21.0141 6.4 5.55172
      vertex 21.0141 9.35 5.55172
    endloop
  endfacet
  facet normal -0.336889 0 0.941544
    outer loop
      vertex 21.0141 6.4 5.55172
      vertex 20.7693 9.35 5.46411
      vertex 20.7693 6.4 5.46411
    endloop
  endfacet
  facet normal -0.242979 0 0.970032
    outer loop
      vertex 20.517 9.35 5.40092
      vertex 20.7693 6.4 5.46411
      vertex 20.7693 9.35 5.46411
    endloop
  endfacet
  facet normal -0.242979 0 0.970032
    outer loop
      vertex 20.7693 6.4 5.46411
      vertex 20.517 9.35 5.40092
      vertex 20.517 6.4 5.40092
    endloop
  endfacet
  facet normal -0.514104 0 0.857728
    outer loop
      vertex 21.2492 9.35 5.66291
      vertex 21.4723 6.4 5.79661
      vertex 21.4723 9.35 5.79661
    endloop
  endfacet
  facet normal -0.514104 0 0.857728
    outer loop
      vertex 21.4723 6.4 5.79661
      vertex 21.2492 9.35 5.66291
      vertex 21.2492 6.4 5.66291
    endloop
  endfacet
  facet normal -0.671556 0 0.740953
    outer loop
      vertex 21.6811 9.35 5.95152
      vertex 21.8738 6.4 6.12617
      vertex 21.8738 9.35 6.12617
    endloop
  endfacet
  facet normal -0.671556 0 0.740953
    outer loop
      vertex 21.8738 6.4 6.12617
      vertex 21.6811 9.35 5.95152
      vertex 21.6811 6.4 5.95152
    endloop
  endfacet
  facet normal -0.989176 0 -0.146737
    outer loop
      vertex 22.6372 6.4 8.25974
      vertex 22.5991 9.35 8.51699
      vertex 22.6372 9.35 8.25974
    endloop
  endfacet
  facet normal -0.989176 -0 -0.146737
    outer loop
      vertex 22.5991 9.35 8.51699
      vertex 22.6372 6.4 8.25974
      vertex 22.5991 6.4 8.51699
    endloop
  endfacet
  facet normal -0.941543 0 -0.336893
    outer loop
      vertex 22.5359 6.4 8.76925
      vertex 22.4483 9.35 9.01411
      vertex 22.5359 9.35 8.76925
    endloop
  endfacet
  facet normal -0.941543 -0 -0.336893
    outer loop
      vertex 22.4483 9.35 9.01411
      vertex 22.5359 6.4 8.76925
      vertex 22.4483 6.4 9.01411
    endloop
  endfacet
  facet normal -0.903987 0 -0.427559
    outer loop
      vertex 22.4483 6.4 9.01411
      vertex 22.3371 9.35 9.2492
      vertex 22.4483 9.35 9.01411
    endloop
  endfacet
  facet normal -0.903987 -0 -0.427559
    outer loop
      vertex 22.3371 9.35 9.2492
      vertex 22.4483 6.4 9.01411
      vertex 22.3371 6.4 9.2492
    endloop
  endfacet
  facet normal 0.146734 0 -0.989176
    outer loop
      vertex 19.483 6.4 10.5991
      vertex 19.7403 9.35 10.6372
      vertex 19.7403 6.4 10.6372
    endloop
  endfacet
  facet normal 0.146734 0 -0.989176
    outer loop
      vertex 19.7403 9.35 10.6372
      vertex 19.483 6.4 10.5991
      vertex 19.483 9.35 10.5991
    endloop
  endfacet
  facet normal -0.857731 0 -0.514099
    outer loop
      vertex 22.3371 6.4 9.2492
      vertex 22.2034 9.35 9.47226
      vertex 22.3371 9.35 9.2492
    endloop
  endfacet
  facet normal -0.857731 -0 -0.514099
    outer loop
      vertex 22.2034 9.35 9.47226
      vertex 22.3371 6.4 9.2492
      vertex 22.2034 6.4 9.47226
    endloop
  endfacet
  facet normal -0.242979 0 -0.970032
    outer loop
      vertex 20.517 6.4 10.5991
      vertex 20.7693 9.35 10.5359
      vertex 20.7693 6.4 10.5359
    endloop
  endfacet
  facet normal -0.242979 0 -0.970032
    outer loop
      vertex 20.7693 9.35 10.5359
      vertex 20.517 6.4 10.5991
      vertex 20.517 9.35 10.5991
    endloop
  endfacet
  facet normal -0.146734 0 -0.989176
    outer loop
      vertex 20.2597 6.4 10.6372
      vertex 20.517 9.35 10.5991
      vertex 20.517 6.4 10.5991
    endloop
  endfacet
  facet normal -0.146734 0 -0.989176
    outer loop
      vertex 20.517 9.35 10.5991
      vertex 20.2597 6.4 10.6372
      vertex 20.2597 9.35 10.6372
    endloop
  endfacet
  facet normal -0.595699 0 -0.803208
    outer loop
      vertex 21.4723 6.4 10.2034
      vertex 21.6811 9.35 10.0485
      vertex 21.6811 6.4 10.0485
    endloop
  endfacet
  facet normal -0.595699 0 -0.803208
    outer loop
      vertex 21.6811 9.35 10.0485
      vertex 21.4723 6.4 10.2034
      vertex 21.4723 9.35 10.2034
    endloop
  endfacet
  facet normal -0.336889 0 -0.941544
    outer loop
      vertex 20.7693 6.4 10.5359
      vertex 21.0141 9.35 10.4483
      vertex 21.0141 6.4 10.4483
    endloop
  endfacet
  facet normal -0.336889 0 -0.941544
    outer loop
      vertex 21.0141 9.35 10.4483
      vertex 20.7693 6.4 10.5359
      vertex 20.7693 9.35 10.5359
    endloop
  endfacet
  facet normal -0.941545 0 0.336887
    outer loop
      vertex 22.4483 6.4 6.98589
      vertex 22.5359 9.35 7.23075
      vertex 22.4483 9.35 6.98589
    endloop
  endfacet
  facet normal -0.941545 0 0.336887
    outer loop
      vertex 22.5359 9.35 7.23075
      vertex 22.4483 6.4 6.98589
      vertex 22.5359 6.4 7.23075
    endloop
  endfacet
  facet normal -0.146734 0 0.989176
    outer loop
      vertex 20.2597 9.35 5.36276
      vertex 20.517 6.4 5.40092
      vertex 20.517 9.35 5.40092
    endloop
  endfacet
  facet normal -0.146734 0 0.989176
    outer loop
      vertex 20.517 6.4 5.40092
      vertex 20.2597 9.35 5.36276
      vertex 20.2597 6.4 5.36276
    endloop
  endfacet
  facet normal -0.803208 0 0.595699
    outer loop
      vertex 22.0485 6.4 6.31886
      vertex 22.2034 9.35 6.52774
      vertex 22.0485 9.35 6.31886
    endloop
  endfacet
  facet normal -0.803208 0 0.595699
    outer loop
      vertex 22.2034 9.35 6.52774
      vertex 22.0485 6.4 6.31886
      vertex 22.2034 6.4 6.52774
    endloop
  endfacet
  facet normal -0.857731 0 0.514099
    outer loop
      vertex 22.2034 6.4 6.52774
      vertex 22.3371 9.35 6.7508
      vertex 22.2034 9.35 6.52774
    endloop
  endfacet
  facet normal -0.857731 0 0.514099
    outer loop
      vertex 22.3371 9.35 6.7508
      vertex 22.2034 6.4 6.52774
      vertex 22.3371 6.4 6.7508
    endloop
  endfacet
  facet normal -0.903987 0 0.427559
    outer loop
      vertex 22.3371 6.4 6.7508
      vertex 22.4483 9.35 6.98589
      vertex 22.3371 9.35 6.7508
    endloop
  endfacet
  facet normal -0.903987 0 0.427559
    outer loop
      vertex 22.4483 9.35 6.98589
      vertex 22.3371 6.4 6.7508
      vertex 22.4483 6.4 6.98589
    endloop
  endfacet
  facet normal -0.803208 0 -0.595699
    outer loop
      vertex 22.2034 6.4 9.47226
      vertex 22.0485 9.35 9.68114
      vertex 22.2034 9.35 9.47226
    endloop
  endfacet
  facet normal -0.803208 -0 -0.595699
    outer loop
      vertex 22.0485 9.35 9.68114
      vertex 22.2034 6.4 9.47226
      vertex 22.0485 6.4 9.68114
    endloop
  endfacet
  facet normal -0.740952 0 -0.671558
    outer loop
      vertex 22.0485 6.4 9.68114
      vertex 21.8738 9.35 9.87383
      vertex 22.0485 9.35 9.68114
    endloop
  endfacet
  facet normal -0.740952 -0 -0.671558
    outer loop
      vertex 21.8738 9.35 9.87383
      vertex 22.0485 6.4 9.68114
      vertex 21.8738 6.4 9.87383
    endloop
  endfacet
  facet normal -0.970032 0 0.242978
    outer loop
      vertex 22.5359 6.4 7.23075
      vertex 22.5991 9.35 7.48301
      vertex 22.5359 9.35 7.23075
    endloop
  endfacet
  facet normal -0.970032 0 0.242978
    outer loop
      vertex 22.5991 9.35 7.48301
      vertex 22.5359 6.4 7.23075
      vertex 22.5991 6.4 7.48301
    endloop
  endfacet
  facet normal -0.989176 0 0.146737
    outer loop
      vertex 22.5991 6.4 7.48301
      vertex 22.6372 9.35 7.74026
      vertex 22.5991 9.35 7.48301
    endloop
  endfacet
  facet normal -0.989176 0 0.146737
    outer loop
      vertex 22.6372 9.35 7.74026
      vertex 22.5991 6.4 7.48301
      vertex 22.6372 6.4 7.74026
    endloop
  endfacet
  facet normal -2.22045e-16 0 -1
    outer loop
      vertex 12 12.8 1.77636e-15
      vertex 20 15.75 0
      vertex 20 12.8 0
    endloop
  endfacet
  facet normal -2.22045e-16 0 -1
    outer loop
      vertex 20 15.75 0
      vertex 12 12.8 1.77636e-15
      vertex 12 15.75 1.77636e-15
    endloop
  endfacet
  facet normal -1 0 0
    outer loop
      vertex 12 12.8 8
      vertex 12 15.75 16
      vertex 12 15.75 8
    endloop
  endfacet
  facet normal -1 -0 0
    outer loop
      vertex 12 15.75 16
      vertex 12 12.8 8
      vertex 12 12.8 16
    endloop
  endfacet
  facet normal 0 0 0
    outer loop
      vertex 12 15.75 16
      vertex 12 15.75 1.77636e-15
      vertex 12 15.75 8
    endloop
  endfacet
  facet normal -0 0 1
    outer loop
      vertex 12 15.75 16
      vertex 20 12.8 16
      vertex 20 15.75 16
    endloop
  endfacet
  facet normal 0 0 1
    outer loop
      vertex 20 12.8 16
      vertex 12 15.75 16
      vertex 12 12.8 16
    endloop
  endfacet
  facet normal 0 -1 0
    outer loop
      vertex 18.5277 12.8 10.2034
      vertex 20 12.8 16
      vertex 12 12.8 16
    endloop
  endfacet
  facet normal -0 -1 0
    outer loop
      vertex 18.9859 12.8 10.4483
      vertex 20 12.8 16
      vertex 18.7508 12.8 10.3371
    endloop
  endfacet
  facet normal -0 -1 0
    outer loop
      vertex 19.483 12.8 10.5991
      vertex 20 12.8 16
      vertex 19.2307 12.8 10.5359
    endloop
  endfacet
  facet normal -0 -1 0
    outer loop
      vertex 19.7403 12.8 10.6372
      vertex 20 12.8 16
      vertex 19.483 12.8 10.5991
    endloop
  endfacet
  facet normal 0 -1 0
    outer loop
      vertex 20 12.8 16
      vertex 20 12.8 10.65
      vertex 20.7841 12.8 15.9615
    endloop
  endfacet
  facet normal 0 -1 -0
    outer loop
      vertex 20.7841 12.8 15.9615
      vertex 20.2597 12.8 10.6372
      vertex 21.5607 12.8 15.8463
    endloop
  endfacet
  facet normal 0 -1 0
    outer loop
      vertex 20.517 12.8 10.5991
      vertex 21.5607 12.8 15.8463
      vertex 20.2597 12.8 10.6372
    endloop
  endfacet
  facet normal 0 -1 0
    outer loop
      vertex 20.7693 12.8 10.5359
      vertex 22.3223 12.8 15.6555
      vertex 20.517 12.8 10.5991
    endloop
  endfacet
  facet normal 0 -1 0
    outer loop
      vertex 21.0141 12.8 10.4483
      vertex 23.0615 12.8 15.391
      vertex 20.7693 12.8 10.5359
    endloop
  endfacet
  facet normal 0 -1 -0
    outer loop
      vertex 23.0615 12.8 15.391
      vertex 21.0141 12.8 10.4483
      vertex 23.7712 12.8 15.0554
    endloop
  endfacet
  facet normal 0 -1 -0
    outer loop
      vertex 23.7712 12.8 15.0554
      vertex 21.2492 12.8 10.3371
      vertex 24.4446 12.8 14.6518
    endloop
  endfacet
  facet normal 0 -1 0
    outer loop
      vertex 21.4723 12.8 10.2034
      vertex 24.4446 12.8 14.6518
      vertex 21.2492 12.8 10.3371
    endloop
  endfacet
  facet normal 0 -1 0
    outer loop
      vertex 21.2492 12.8 10.3371
      vertex 23.7712 12.8 15.0554
      vertex 21.0141 12.8 10.4483
    endloop
  endfacet
  facet normal 0 -1 -0
    outer loop
      vertex 22.3223 12.8 15.6555
      vertex 20.7693 12.8 10.5359
      vertex 23.0615 12.8 15.391
    endloop
  endfacet
  facet normal 0 -1 -0
    outer loop
      vertex 21.5607 12.8 15.8463
      vertex 20.517 12.8 10.5991
      vertex 22.3223 12.8 15.6555
    endloop
  endfacet
  facet normal 0 -1 0
    outer loop
      vertex 20.2597 12.8 10.6372
      vertex 20.7841 12.8 15.9615
      vertex 20 12.8 10.65
    endloop
  endfacet
  facet normal -0 -1 0
    outer loop
      vertex 20 12.8 10.65
      vertex 20 12.8 16
      vertex 19.7403 12.8 10.6372
    endloop
  endfacet
  facet normal -0 -1 0
    outer loop
      vertex 19.2307 12.8 10.5359
      vertex 20 12.8 16
      vertex 18.9859 12.8 10.4483
    endloop
  endfacet
  facet normal 0 -1 0
    outer loop
      vertex 20 12.8 16
      vertex 18.5277 12.8 10.2034
      vertex 18.7508 12.8 10.3371
    endloop
  endfacet
  facet normal 0 -1 0
    outer loop
      vertex 12 12.8 16
      vertex 18.3189 12.8 10.0485
      vertex 18.5277 12.8 10.2034
    endloop
  endfacet
  facet normal 0 -1 0
    outer loop
      vertex 12 12.8 16
      vertex 18.1262 12.8 9.87383
      vertex 18.3189 12.8 10.0485
    endloop
  endfacet
  facet normal 0 -1 0
    outer loop
      vertex 12 12.8 16
      vertex 17.9515 12.8 9.68114
      vertex 18.1262 12.8 9.87383
    endloop
  endfacet
  facet normal 0 -1 0
    outer loop
      vertex 12 12.8 16
      vertex 17.7966 12.8 9.47226
      vertex 17.9515 12.8 9.68114
    endloop
  endfacet
  facet normal 0 -1 0
    outer loop
      vertex 12 12.8 8
      vertex 17.7966 12.8 9.47226
      vertex 12 12.8 16
    endloop
  endfacet
  facet normal 0 -1 0
    outer loop
      vertex 17.7966 12.8 9.47226
      vertex 12 12.8 8
      vertex 17.6629 12.8 9.2492
    endloop
  endfacet
  facet normal 0 -1 0
    outer loop
      vertex 17.6629 12.8 9.2492
      vertex 12 12.8 8
      vertex 17.5517 12.8 9.01411
    endloop
  endfacet
  facet normal 0 -1 0
    outer loop
      vertex 17.5517 12.8 9.01411
      vertex 12 12.8 8
      vertex 17.4641 12.8 8.76925
    endloop
  endfacet
  facet normal 0 -1 0
    outer loop
      vertex 17.4641 12.8 8.76925
      vertex 12 12.8 8
      vertex 17.4009 12.8 8.51699
    endloop
  endfacet
  facet normal 0 -1 0
    outer loop
      vertex 17.4009 12.8 8.51699
      vertex 12 12.8 8
      vertex 17.3628 12.8 8.25974
    endloop
  endfacet
  facet normal 0 -1 0
    outer loop
      vertex 12 12.8 8
      vertex 17.35 12.8 8
      vertex 17.3628 12.8 8.25974
    endloop
  endfacet
  facet normal 0 -1 0
    outer loop
      vertex 12 12.8 8
      vertex 17.3628 12.8 7.74026
      vertex 17.35 12.8 8
    endloop
  endfacet
  facet normal 0 -1 0
    outer loop
      vertex 12 12.8 8
      vertex 17.4009 12.8 7.48301
      vertex 17.3628 12.8 7.74026
    endloop
  endfacet
  facet normal 0 -1 0
    outer loop
      vertex 12 12.8 8
      vertex 17.4641 12.8 7.23075
      vertex 17.4009 12.8 7.48301
    endloop
  endfacet
  facet normal 0 -1 0
    outer loop
      vertex 12 12.8 8
      vertex 17.5517 12.8 6.98589
      vertex 17.4641 12.8 7.23075
    endloop
  endfacet
  facet normal 0 -1 0
    outer loop
      vertex 12 12.8 8
      vertex 17.6629 12.8 6.7508
      vertex 17.5517 12.8 6.98589
    endloop
  endfacet
  facet normal 0 -1 0
    outer loop
      vertex 12 12.8 8
      vertex 17.7966 12.8 6.52774
      vertex 17.6629 12.8 6.7508
    endloop
  endfacet
  facet normal 0 -1 0
    outer loop
      vertex 12 12.8 1.77636e-15
      vertex 17.7966 12.8 6.52774
      vertex 12 12.8 8
    endloop
  endfacet
  facet normal 0 -1 -0
    outer loop
      vertex 17.7966 12.8 6.52774
      vertex 12 12.8 1.77636e-15
      vertex 17.9515 12.8 6.31886
    endloop
  endfacet
  facet normal 0 -1 -0
    outer loop
      vertex 17.9515 12.8 6.31886
      vertex 12 12.8 1.77636e-15
      vertex 18.1262 12.8 6.12617
    endloop
  endfacet
  facet normal 0 -1 -0
    outer loop
      vertex 18.1262 12.8 6.12617
      vertex 12 12.8 1.77636e-15
      vertex 18.3189 12.8 5.95152
    endloop
  endfacet
  facet normal 0 -1 -0
    outer loop
      vertex 18.3189 12.8 5.95152
      vertex 12 12.8 1.77636e-15
      vertex 18.5277 12.8 5.79661
    endloop
  endfacet
  facet normal 0 -1 0
    outer loop
      vertex 20 12.8 0
      vertex 18.5277 12.8 5.79661
      vertex 12 12.8 1.77636e-15
    endloop
  endfacet
  facet normal 0 -1 0
    outer loop
      vertex 18.5277 12.8 5.79661
      vertex 20 12.8 0
      vertex 18.7508 12.8 5.66291
    endloop
  endfacet
  facet normal 0 -1 0
    outer loop
      vertex 20 12.8 0
      vertex 20 12.8 5.35
      vertex 19.7403 12.8 5.36276
    endloop
  endfacet
  facet normal 0 -1 0
    outer loop
      vertex 20 12.8 5.35
      vertex 27.0554 12.8 4.22883
      vertex 27.391 12.8 4.93853
    endloop
  endfacet
  facet normal 0 -1 0
    outer loop
      vertex 20 12.8 0
      vertex 19.7403 12.8 5.36276
      vertex 19.483 12.8 5.40092
    endloop
  endfacet
  facet normal 0 -1 0
    outer loop
      vertex 20 12.8 5.35
      vertex 26.6518 12.8 3.55544
      vertex 27.0554 12.8 4.22883
    endloop
  endfacet
  facet normal 0 -1 0
    outer loop
      vertex 20 12.8 0
      vertex 19.483 12.8 5.40092
      vertex 19.2307 12.8 5.46411
    endloop
  endfacet
  facet normal 0 -1 0
    outer loop
      vertex 20 12.8 5.35
      vertex 26.1841 12.8 2.92485
      vertex 26.6518 12.8 3.55544
    endloop
  endfacet
  facet normal 0 -1 0
    outer loop
      vertex 18.7508 12.8 5.66291
      vertex 20 12.8 0
      vertex 18.9859 12.8 5.55172
    endloop
  endfacet
  facet normal 0 -1 0
    outer loop
      vertex 20 12.8 5.35
      vertex 25.6569 12.8 2.34315
      vertex 26.1841 12.8 2.92485
    endloop
  endfacet
  facet normal 0 -1 0
    outer loop
      vertex 20 12.8 5.35
      vertex 25.0751 12.8 1.81592
      vertex 25.6569 12.8 2.34315
    endloop
  endfacet
  facet normal 0 -1 0
    outer loop
      vertex 20 12.8 5.35
      vertex 24.4446 12.8 1.34824
      vertex 25.0751 12.8 1.81592
    endloop
  endfacet
  facet normal 0 -1 0
    outer loop
      vertex 20 12.8 5.35
      vertex 23.7712 12.8 0.944631
      vertex 24.4446 12.8 1.34824
    endloop
  endfacet
  facet normal 0 -1 0
    outer loop
      vertex 20 12.8 5.35
      vertex 23.0615 12.8 0.608964
      vertex 23.7712 12.8 0.944631
    endloop
  endfacet
  facet normal 0 -1 0
    outer loop
      vertex 20 12.8 5.35
      vertex 22.3223 12.8 0.344478
      vertex 23.0615 12.8 0.608964
    endloop
  endfacet
  facet normal 0 -1 0
    outer loop
      vertex 20 12.8 5.35
      vertex 21.5607 12.8 0.153718
      vertex 22.3223 12.8 0.344478
    endloop
  endfacet
  facet normal 0 -1 0
    outer loop
      vertex 20 12.8 5.35
      vertex 20.7841 12.8 0.0385227
      vertex 21.5607 12.8 0.153718
    endloop
  endfacet
  facet normal 0 -1 0
    outer loop
      vertex 18.9859 12.8 5.55172
      vertex 20 12.8 0
      vertex 19.2307 12.8 5.46411
    endloop
  endfacet
  facet normal 0 -1 0
    outer loop
      vertex 20 12.8 5.35
      vertex 20 12.8 0
      vertex 20.7841 12.8 0.0385227
    endloop
  endfacet
  facet normal 0 -1 -0
    outer loop
      vertex 24.4446 12.8 14.6518
      vertex 21.4723 12.8 10.2034
      vertex 25.0751 12.8 14.1841
    endloop
  endfacet
  facet normal 0 -1 0
    outer loop
      vertex 21.6811 12.8 10.0485
      vertex 25.0751 12.8 14.1841
      vertex 21.4723 12.8 10.2034
    endloop
  endfacet
  facet normal 0 -1 -0
    outer loop
      vertex 25.0751 12.8 14.1841
      vertex 21.6811 12.8 10.0485
      vertex 25.6569 12.8 13.6569
    endloop
  endfacet
  facet normal 0 -1 0
    outer loop
      vertex 21.8738 12.8 9.87383
      vertex 25.6569 12.8 13.6569
      vertex 21.6811 12.8 10.0485
    endloop
  endfacet
  facet normal 0 -1 -0
    outer loop
      vertex 25.6569 12.8 13.6569
      vertex 21.8738 12.8 9.87383
      vertex 26.1841 12.8 13.0751
    endloop
  endfacet
  facet normal 0 -1 0
    outer loop
      vertex 22.0485 12.8 9.68114
      vertex 26.1841 12.8 13.0751
      vertex 21.8738 12.8 9.87383
    endloop
  endfacet
  facet normal 0 -1 -0
    outer loop
      vertex 26.1841 12.8 13.0751
      vertex 22.0485 12.8 9.68114
      vertex 26.6518 12.8 12.4446
    endloop
  endfacet
  facet normal 0 -1 0
    outer loop
      vertex 22.2034 12.8 9.47226
      vertex 26.6518 12.8 12.4446
      vertex 22.0485 12.8 9.68114
    endloop
  endfacet
  facet normal 0 -1 -0
    outer loop
      vertex 26.6518 12.8 12.4446
      vertex 22.2034 12.8 9.47226
      vertex 27.0554 12.8 11.7712
    endloop
  endfacet
  facet normal 0 -1 0
    outer loop
      vertex 22.3371 12.8 9.2492
      vertex 27.0554 12.8 11.7712
      vertex 22.2034 12.8 9.47226
    endloop
  endfacet
  facet normal 0 -1 -0
    outer loop
      vertex 27.0554 12.8 11.7712
      vertex 22.3371 12.8 9.2492
      vertex 27.391 12.8 11.0615
    endloop
  endfacet
  facet normal 0 -1 0
    outer loop
      vertex 22.4483 12.8 9.01411
      vertex 27.391 12.8 11.0615
      vertex 22.3371 12.8 9.2492
    endloop
  endfacet
  facet normal 0 -1 -0
    outer loop
      vertex 27.391 12.8 11.0615
      vertex 22.4483 12.8 9.01411
      vertex 27.6555 12.8 10.3223
    endloop
  endfacet
  facet normal 0 -1 0
    outer loop
      vertex 22.5359 12.8 8.76925
      vertex 27.6555 12.8 10.3223
      vertex 22.4483 12.8 9.01411
    endloop
  endfacet
  facet normal 0 -1 -0
    outer loop
      vertex 27.6555 12.8 10.3223
      vertex 22.5359 12.8 8.76925
      vertex 27.8463 12.8 9.56072
    endloop
  endfacet
  facet normal 0 -1 0
    outer loop
      vertex 22.5991 12.8 8.51699
      vertex 27.8463 12.8 9.56072
      vertex 22.5359 12.8 8.76925
    endloop
  endfacet
  facet normal 0 -1 -0
    outer loop
      vertex 27.8463 12.8 9.56072
      vertex 22.5991 12.8 8.51699
      vertex 27.9615 12.8 8.78414
    endloop
  endfacet
  facet normal 0 -1 0
    outer loop
      vertex 22.6372 12.8 8.25974
      vertex 27.9615 12.8 8.78414
      vertex 22.5991 12.8 8.51699
    endloop
  endfacet
  facet normal 0 -1 0
    outer loop
      vertex 22.65 12.8 8
      vertex 27.9615 12.8 8.78414
      vertex 22.6372 12.8 8.25974
    endloop
  endfacet
  facet normal 0 -1 0
    outer loop
      vertex 22.65 12.8 8
      vertex 28 12.8 8
      vertex 27.9615 12.8 8.78414
    endloop
  endfacet
  facet normal 0 -1 0
    outer loop
      vertex 22.6372 12.8 7.74026
      vertex 28 12.8 8
      vertex 22.65 12.8 8
    endloop
  endfacet
  facet normal 0 -1 0
    outer loop
      vertex 27.9615 12.8 7.21586
      vertex 22.6372 12.8 7.74026
      vertex 22.5991 12.8 7.48301
    endloop
  endfacet
  facet normal 0 -1 0
    outer loop
      vertex 27.8463 12.8 6.43928
      vertex 22.5991 12.8 7.48301
      vertex 22.5359 12.8 7.23075
    endloop
  endfacet
  facet normal 0 -1 0
    outer loop
      vertex 22.6372 12.8 7.74026
      vertex 27.9615 12.8 7.21586
      vertex 28 12.8 8
    endloop
  endfacet
  facet normal 0 -1 0
    outer loop
      vertex 27.6555 12.8 5.67772
      vertex 22.5359 12.8 7.23075
      vertex 22.4483 12.8 6.98589
    endloop
  endfacet
  facet normal 0 -1 0
    outer loop
      vertex 27.391 12.8 4.93853
      vertex 22.4483 12.8 6.98589
      vertex 22.3371 12.8 6.7508
    endloop
  endfacet
  facet normal 0 -1 0
    outer loop
      vertex 27.391 12.8 4.93853
      vertex 22.3371 12.8 6.7508
      vertex 22.2034 12.8 6.52774
    endloop
  endfacet
  facet normal 0 -1 0
    outer loop
      vertex 22.5991 12.8 7.48301
      vertex 27.8463 12.8 6.43928
      vertex 27.9615 12.8 7.21586
    endloop
  endfacet
  facet normal 0 -1 0
    outer loop
      vertex 27.391 12.8 4.93853
      vertex 22.2034 12.8 6.52774
      vertex 22.0485 12.8 6.31886
    endloop
  endfacet
  facet normal 0 -1 0
    outer loop
      vertex 27.391 12.8 4.93853
      vertex 22.0485 12.8 6.31886
      vertex 21.8738 12.8 6.12617
    endloop
  endfacet
  facet normal 0 -1 0
    outer loop
      vertex 27.391 12.8 4.93853
      vertex 21.8738 12.8 6.12617
      vertex 21.6811 12.8 5.95152
    endloop
  endfacet
  facet normal 0 -1 0
    outer loop
      vertex 27.391 12.8 4.93853
      vertex 21.6811 12.8 5.95152
      vertex 21.4723 12.8 5.79661
    endloop
  endfacet
  facet normal 0 -1 0
    outer loop
      vertex 22.5359 12.8 7.23075
      vertex 27.6555 12.8 5.67772
      vertex 27.8463 12.8 6.43928
    endloop
  endfacet
  facet normal 0 -1 0
    outer loop
      vertex 27.391 12.8 4.93853
      vertex 21.4723 12.8 5.79661
      vertex 21.2492 12.8 5.66291
    endloop
  endfacet
  facet normal 0 -1 0
    outer loop
      vertex 27.391 12.8 4.93853
      vertex 21.2492 12.8 5.66291
      vertex 21.0141 12.8 5.55172
    endloop
  endfacet
  facet normal 0 -1 0
    outer loop
      vertex 27.391 12.8 4.93853
      vertex 21.0141 12.8 5.55172
      vertex 20.7693 12.8 5.46411
    endloop
  endfacet
  facet normal 0 -1 0
    outer loop
      vertex 27.391 12.8 4.93853
      vertex 20.7693 12.8 5.46411
      vertex 20.517 12.8 5.40092
    endloop
  endfacet
  facet normal 0 -1 0
    outer loop
      vertex 27.391 12.8 4.93853
      vertex 20.517 12.8 5.40092
      vertex 20.2597 12.8 5.36276
    endloop
  endfacet
  facet normal 0 -1 0
    outer loop
      vertex 27.391 12.8 4.93853
      vertex 20.2597 12.8 5.36276
      vertex 20 12.8 5.35
    endloop
  endfacet
  facet normal 0 -1 0
    outer loop
      vertex 22.4483 12.8 6.98589
      vertex 27.391 12.8 4.93853
      vertex 27.6555 12.8 5.67772
    endloop
  endfacet
  facet normal 0 1 0
    outer loop
      vertex 23.7712 15.75 15.0554
      vertex 20.2597 15.75 10.6372
      vertex 20 15.75 10.65
    endloop
  endfacet
  facet normal 0 1 0
    outer loop
      vertex 27.0554 15.75 11.7712
      vertex 20.517 15.75 10.5991
      vertex 20.2597 15.75 10.6372
    endloop
  endfacet
  facet normal 0 1 0
    outer loop
      vertex 27.0554 15.75 11.7712
      vertex 20.7693 15.75 10.5359
      vertex 20.517 15.75 10.5991
    endloop
  endfacet
  facet normal 0 1 0
    outer loop
      vertex 27.0554 15.75 11.7712
      vertex 21.0141 15.75 10.4483
      vertex 20.7693 15.75 10.5359
    endloop
  endfacet
  facet normal 0 1 0
    outer loop
      vertex 27.0554 15.75 11.7712
      vertex 21.2492 15.75 10.3371
      vertex 21.0141 15.75 10.4483
    endloop
  endfacet
  facet normal 0 1 0
    outer loop
      vertex 22.4483 15.75 9.01411
      vertex 27.391 15.75 11.0615
      vertex 27.6555 15.75 10.3223
    endloop
  endfacet
  facet normal 0 1 0
    outer loop
      vertex 27.0554 15.75 11.7712
      vertex 21.4723 15.75 10.2034
      vertex 21.2492 15.75 10.3371
    endloop
  endfacet
  facet normal 0 1 0
    outer loop
      vertex 27.0554 15.75 11.7712
      vertex 21.6811 15.75 10.0485
      vertex 21.4723 15.75 10.2034
    endloop
  endfacet
  facet normal 0 1 0
    outer loop
      vertex 27.0554 15.75 11.7712
      vertex 21.8738 15.75 9.87383
      vertex 21.6811 15.75 10.0485
    endloop
  endfacet
  facet normal 0 1 0
    outer loop
      vertex 27.0554 15.75 11.7712
      vertex 22.0485 15.75 9.68114
      vertex 21.8738 15.75 9.87383
    endloop
  endfacet
  facet normal 0 1 0
    outer loop
      vertex 22.5359 15.75 8.76925
      vertex 27.6555 15.75 10.3223
      vertex 27.8463 15.75 9.56072
    endloop
  endfacet
  facet normal 0 1 0
    outer loop
      vertex 27.0554 15.75 11.7712
      vertex 22.2034 15.75 9.47226
      vertex 22.0485 15.75 9.68114
    endloop
  endfacet
  facet normal 0 1 0
    outer loop
      vertex 27.0554 15.75 11.7712
      vertex 22.3371 15.75 9.2492
      vertex 22.2034 15.75 9.47226
    endloop
  endfacet
  facet normal 0 1 0
    outer loop
      vertex 27.391 15.75 11.0615
      vertex 22.4483 15.75 9.01411
      vertex 22.3371 15.75 9.2492
    endloop
  endfacet
  facet normal 0 1 0
    outer loop
      vertex 22.5991 15.75 8.51699
      vertex 27.8463 15.75 9.56072
      vertex 27.9615 15.75 8.78414
    endloop
  endfacet
  facet normal 0 1 0
    outer loop
      vertex 27.6555 15.75 10.3223
      vertex 22.5359 15.75 8.76925
      vertex 22.4483 15.75 9.01411
    endloop
  endfacet
  facet normal 0 1 0
    outer loop
      vertex 27.8463 15.75 9.56072
      vertex 22.5991 15.75 8.51699
      vertex 22.5359 15.75 8.76925
    endloop
  endfacet
  facet normal 0 1 0
    outer loop
      vertex 27.9615 15.75 8.78414
      vertex 22.6372 15.75 8.25974
      vertex 22.5991 15.75 8.51699
    endloop
  endfacet
  facet normal 0 1 0
    outer loop
      vertex 28 15.75 8
      vertex 22.6372 15.75 8.25974
      vertex 27.9615 15.75 8.78414
    endloop
  endfacet
  facet normal 0 1 0
    outer loop
      vertex 28 15.75 8
      vertex 22.65 15.75 8
      vertex 22.6372 15.75 8.25974
    endloop
  endfacet
  facet normal 0 1 0
    outer loop
      vertex 28 15.75 8
      vertex 22.6372 15.75 7.74026
      vertex 22.65 15.75 8
    endloop
  endfacet
  facet normal 0 1 -0
    outer loop
      vertex 27.9615 15.75 7.21586
      vertex 22.6372 15.75 7.74026
      vertex 28 15.75 8
    endloop
  endfacet
  facet normal 0 1 0
    outer loop
      vertex 22.6372 15.75 7.74026
      vertex 27.9615 15.75 7.21586
      vertex 22.5991 15.75 7.48301
    endloop
  endfacet
  facet normal 0 1 -0
    outer loop
      vertex 27.8463 15.75 6.43928
      vertex 22.5991 15.75 7.48301
      vertex 27.9615 15.75 7.21586
    endloop
  endfacet
  facet normal 0 1 0
    outer loop
      vertex 22.5991 15.75 7.48301
      vertex 27.8463 15.75 6.43928
      vertex 22.5359 15.75 7.23075
    endloop
  endfacet
  facet normal 0 1 -0
    outer loop
      vertex 27.6555 15.75 5.67772
      vertex 22.5359 15.75 7.23075
      vertex 27.8463 15.75 6.43928
    endloop
  endfacet
  facet normal 0 1 0
    outer loop
      vertex 22.5359 15.75 7.23075
      vertex 27.6555 15.75 5.67772
      vertex 22.4483 15.75 6.98589
    endloop
  endfacet
  facet normal 0 1 -0
    outer loop
      vertex 27.391 15.75 4.93853
      vertex 22.4483 15.75 6.98589
      vertex 27.6555 15.75 5.67772
    endloop
  endfacet
  facet normal 0 1 0
    outer loop
      vertex 22.4483 15.75 6.98589
      vertex 27.391 15.75 4.93853
      vertex 22.3371 15.75 6.7508
    endloop
  endfacet
  facet normal 0 1 -0
    outer loop
      vertex 27.0554 15.75 4.22883
      vertex 22.3371 15.75 6.7508
      vertex 27.391 15.75 4.93853
    endloop
  endfacet
  facet normal 0 1 0
    outer loop
      vertex 22.3371 15.75 6.7508
      vertex 27.0554 15.75 4.22883
      vertex 22.2034 15.75 6.52774
    endloop
  endfacet
  facet normal 0 1 -0
    outer loop
      vertex 26.6518 15.75 3.55544
      vertex 22.2034 15.75 6.52774
      vertex 27.0554 15.75 4.22883
    endloop
  endfacet
  facet normal 0 1 0
    outer loop
      vertex 22.2034 15.75 6.52774
      vertex 26.6518 15.75 3.55544
      vertex 22.0485 15.75 6.31886
    endloop
  endfacet
  facet normal 0 1 -0
    outer loop
      vertex 26.1841 15.75 2.92485
      vertex 22.0485 15.75 6.31886
      vertex 26.6518 15.75 3.55544
    endloop
  endfacet
  facet normal 0 1 0
    outer loop
      vertex 22.0485 15.75 6.31886
      vertex 26.1841 15.75 2.92485
      vertex 21.8738 15.75 6.12617
    endloop
  endfacet
  facet normal 0 1 -0
    outer loop
      vertex 25.6569 15.75 2.34315
      vertex 21.8738 15.75 6.12617
      vertex 26.1841 15.75 2.92485
    endloop
  endfacet
  facet normal 0 1 0
    outer loop
      vertex 21.8738 15.75 6.12617
      vertex 25.6569 15.75 2.34315
      vertex 21.6811 15.75 5.95152
    endloop
  endfacet
  facet normal 0 1 -0
    outer loop
      vertex 25.0751 15.75 1.81592
      vertex 21.6811 15.75 5.95152
      vertex 25.6569 15.75 2.34315
    endloop
  endfacet
  facet normal 0 1 0
    outer loop
      vertex 21.6811 15.75 5.95152
      vertex 25.0751 15.75 1.81592
      vertex 21.4723 15.75 5.79661
    endloop
  endfacet
  facet normal 0 1 -0
    outer loop
      vertex 24.4446 15.75 1.34824
      vertex 21.4723 15.75 5.79661
      vertex 25.0751 15.75 1.81592
    endloop
  endfacet
  facet normal 0 1 0
    outer loop
      vertex 20.2597 15.75 10.6372
      vertex 23.7712 15.75 15.0554
      vertex 24.4446 15.75 14.6518
    endloop
  endfacet
  facet normal 0 1 0
    outer loop
      vertex 20.2597 15.75 10.6372
      vertex 24.4446 15.75 14.6518
      vertex 25.0751 15.75 14.1841
    endloop
  endfacet
  facet normal 0 1 0
    outer loop
      vertex 20.2597 15.75 10.6372
      vertex 25.0751 15.75 14.1841
      vertex 25.6569 15.75 13.6569
    endloop
  endfacet
  facet normal 0 1 0
    outer loop
      vertex 20.2597 15.75 10.6372
      vertex 25.6569 15.75 13.6569
      vertex 26.1841 15.75 13.0751
    endloop
  endfacet
  facet normal 0 1 0
    outer loop
      vertex 20.2597 15.75 10.6372
      vertex 26.1841 15.75 13.0751
      vertex 26.6518 15.75 12.4446
    endloop
  endfacet
  facet normal 0 1 0
    outer loop
      vertex 20.2597 15.75 10.6372
      vertex 26.6518 15.75 12.4446
      vertex 27.0554 15.75 11.7712
    endloop
  endfacet
  facet normal 0 1 0
    outer loop
      vertex 22.3371 15.75 9.2492
      vertex 27.0554 15.75 11.7712
      vertex 27.391 15.75 11.0615
    endloop
  endfacet
  facet normal 0 1 0
    outer loop
      vertex 23.7712 15.75 15.0554
      vertex 20 15.75 10.65
      vertex 16 15.75 14.9182
    endloop
  endfacet
  facet normal 0 1 -0
    outer loop
      vertex 19.7403 15.75 10.6372
      vertex 16 15.75 14.9182
      vertex 20 15.75 10.65
    endloop
  endfacet
  facet normal 0 1 -0
    outer loop
      vertex 19.483 15.75 10.5991
      vertex 16 15.75 14.9182
      vertex 19.7403 15.75 10.6372
    endloop
  endfacet
  facet normal 0 1 -0
    outer loop
      vertex 19.2307 15.75 10.5359
      vertex 16 15.75 14.9182
      vertex 19.483 15.75 10.5991
    endloop
  endfacet
  facet normal 0 1 -0
    outer loop
      vertex 18.9859 15.75 10.4483
      vertex 16 15.75 14.9182
      vertex 19.2307 15.75 10.5359
    endloop
  endfacet
  facet normal 0 1 -0
    outer loop
      vertex 18.7508 15.75 10.3371
      vertex 16 15.75 14.9182
      vertex 18.9859 15.75 10.4483
    endloop
  endfacet
  facet normal 0 1 -0
    outer loop
      vertex 18.5277 15.75 10.2034
      vertex 16 15.75 14.9182
      vertex 18.7508 15.75 10.3371
    endloop
  endfacet
  facet normal 0 1 -0
    outer loop
      vertex 18.3189 15.75 10.0485
      vertex 16 15.75 14.9182
      vertex 18.5277 15.75 10.2034
    endloop
  endfacet
  facet normal 0 1 -0
    outer loop
      vertex 18.1262 15.75 9.87383
      vertex 16 15.75 14.9182
      vertex 18.3189 15.75 10.0485
    endloop
  endfacet
  facet normal 0 1 -0
    outer loop
      vertex 17.9515 15.75 9.68114
      vertex 16 15.75 14.9182
      vertex 18.1262 15.75 9.87383
    endloop
  endfacet
  facet normal 0 1 -0
    outer loop
      vertex 17.7966 15.75 9.47226
      vertex 16 15.75 14.9182
      vertex 17.9515 15.75 9.68114
    endloop
  endfacet
  facet normal 0 1 -0
    outer loop
      vertex 17.6629 15.75 9.2492
      vertex 16 15.75 14.9182
      vertex 17.7966 15.75 9.47226
    endloop
  endfacet
  facet normal 0 1 -0
    outer loop
      vertex 17.5517 15.75 9.01411
      vertex 16 15.75 14.9182
      vertex 17.6629 15.75 9.2492
    endloop
  endfacet
  facet normal 0 1 -0
    outer loop
      vertex 17.4641 15.75 8.76925
      vertex 16 15.75 14.9182
      vertex 17.5517 15.75 9.01411
    endloop
  endfacet
  facet normal 0 1 -0
    outer loop
      vertex 17.4009 15.75 8.51699
      vertex 16 15.75 14.9182
      vertex 17.4641 15.75 8.76925
    endloop
  endfacet
  facet normal 0 1 -0
    outer loop
      vertex 17.3628 15.75 8.25974
      vertex 16 15.75 14.9182
      vertex 17.4009 15.75 8.51699
    endloop
  endfacet
  facet normal 0 1 -0
    outer loop
      vertex 17.35 15.75 8
      vertex 16 15.75 14.9182
      vertex 17.3628 15.75 8.25974
    endloop
  endfacet
  facet normal 0 1 0
    outer loop
      vertex 16 15.75 1.08178
      vertex 17.35 15.75 8
      vertex 17.3628 15.75 7.74026
    endloop
  endfacet
  facet normal 0 1 0
    outer loop
      vertex 16 15.75 1.08178
      vertex 17.3628 15.75 7.74026
      vertex 17.4009 15.75 7.48301
    endloop
  endfacet
  facet normal 0 1 0
    outer loop
      vertex 21.4723 15.75 5.79661
      vertex 24.4446 15.75 1.34824
      vertex 21.2492 15.75 5.66291
    endloop
  endfacet
  facet normal 0 1 -0
    outer loop
      vertex 23.7712 15.75 0.944631
      vertex 21.2492 15.75 5.66291
      vertex 24.4446 15.75 1.34824
    endloop
  endfacet
  facet normal 0 1 0
    outer loop
      vertex 21.2492 15.75 5.66291
      vertex 23.7712 15.75 0.944631
      vertex 21.0141 15.75 5.55172
    endloop
  endfacet
  facet normal 0 1 -0
    outer loop
      vertex 23.0615 15.75 0.608964
      vertex 21.0141 15.75 5.55172
      vertex 23.7712 15.75 0.944631
    endloop
  endfacet
  facet normal 0 1 0
    outer loop
      vertex 21.0141 15.75 5.55172
      vertex 23.0615 15.75 0.608964
      vertex 20.7693 15.75 5.46411
    endloop
  endfacet
  facet normal 0 1 -0
    outer loop
      vertex 22.3223 15.75 0.344478
      vertex 20.7693 15.75 5.46411
      vertex 23.0615 15.75 0.608964
    endloop
  endfacet
  facet normal 0 1 0
    outer loop
      vertex 20.7693 15.75 5.46411
      vertex 22.3223 15.75 0.344478
      vertex 20.517 15.75 5.40092
    endloop
  endfacet
  facet normal 0 1 -0
    outer loop
      vertex 21.5607 15.75 0.153718
      vertex 20.517 15.75 5.40092
      vertex 22.3223 15.75 0.344478
    endloop
  endfacet
  facet normal 0 1 0
    outer loop
      vertex 20.517 15.75 5.40092
      vertex 21.5607 15.75 0.153718
      vertex 20.2597 15.75 5.36276
    endloop
  endfacet
  facet normal 0 1 -0
    outer loop
      vertex 20.7841 15.75 0.0385227
      vertex 20.2597 15.75 5.36276
      vertex 21.5607 15.75 0.153718
    endloop
  endfacet
  facet normal 0 1 0
    outer loop
      vertex 20.2597 15.75 5.36276
      vertex 20.7841 15.75 0.0385227
      vertex 20 15.75 5.35
    endloop
  endfacet
  facet normal 0 1 0
    outer loop
      vertex 20 15.75 0
      vertex 20 15.75 5.35
      vertex 20.7841 15.75 0.0385227
    endloop
  endfacet
  facet normal 0 1 0
    outer loop
      vertex 20 15.75 5.35
      vertex 20 15.75 0
      vertex 19.7403 15.75 5.36276
    endloop
  endfacet
  facet normal 0 1 0
    outer loop
      vertex 17.35 15.75 8
      vertex 16 15.75 1.08178
      vertex 16 15.75 14.9182
    endloop
  endfacet
  facet normal 0 1 0
    outer loop
      vertex 17.4641 15.75 7.23075
      vertex 16 15.75 1.08178
      vertex 17.4009 15.75 7.48301
    endloop
  endfacet
  facet normal 0 1 0
    outer loop
      vertex 17.5517 15.75 6.98589
      vertex 16 15.75 1.08178
      vertex 17.4641 15.75 7.23075
    endloop
  endfacet
  facet normal 0 1 0
    outer loop
      vertex 17.6629 15.75 6.7508
      vertex 16 15.75 1.08178
      vertex 17.5517 15.75 6.98589
    endloop
  endfacet
  facet normal 0 1 0
    outer loop
      vertex 17.7966 15.75 6.52774
      vertex 16 15.75 1.08178
      vertex 17.6629 15.75 6.7508
    endloop
  endfacet
  facet normal 0 1 0
    outer loop
      vertex 17.9515 15.75 6.31886
      vertex 16 15.75 1.08178
      vertex 17.7966 15.75 6.52774
    endloop
  endfacet
  facet normal 0 1 0
    outer loop
      vertex 18.1262 15.75 6.12617
      vertex 16 15.75 1.08178
      vertex 17.9515 15.75 6.31886
    endloop
  endfacet
  facet normal 0 1 0
    outer loop
      vertex 18.3189 15.75 5.95152
      vertex 16 15.75 1.08178
      vertex 18.1262 15.75 6.12617
    endloop
  endfacet
  facet normal 0 1 0
    outer loop
      vertex 19.7403 15.75 5.36276
      vertex 20 15.75 0
      vertex 19.483 15.75 5.40092
    endloop
  endfacet
  facet normal 0 1 0
    outer loop
      vertex 19.483 15.75 5.40092
      vertex 20 15.75 0
      vertex 19.2307 15.75 5.46411
    endloop
  endfacet
  facet normal 0 1 0
    outer loop
      vertex 16 15.75 14.9182
      vertex 20 15.75 16
      vertex 20.7841 15.75 15.9615
    endloop
  endfacet
  facet normal 0 1 0
    outer loop
      vertex 16 15.75 14.9182
      vertex 20.7841 15.75 15.9615
      vertex 21.5607 15.75 15.8463
    endloop
  endfacet
  facet normal 0 1 0
    outer loop
      vertex 16 15.75 14.9182
      vertex 21.5607 15.75 15.8463
      vertex 22.3223 15.75 15.6555
    endloop
  endfacet
  facet normal 0 1 0
    outer loop
      vertex 16 15.75 14.9182
      vertex 22.3223 15.75 15.6555
      vertex 23.0615 15.75 15.391
    endloop
  endfacet
  facet normal 0 1 0
    outer loop
      vertex 16 15.75 14.9182
      vertex 23.0615 15.75 15.391
      vertex 23.7712 15.75 15.0554
    endloop
  endfacet
  facet normal 0 1 0
    outer loop
      vertex 20 15.75 16
      vertex 16 15.75 14.9182
      vertex 12 15.75 16
    endloop
  endfacet
  facet normal 0 1 -0
    outer loop
      vertex 15.5554 15.75 14.6518
      vertex 12 15.75 16
      vertex 16 15.75 14.9182
    endloop
  endfacet
  facet normal 0 1 -0
    outer loop
      vertex 14.9249 15.75 14.1841
      vertex 12 15.75 16
      vertex 15.5554 15.75 14.6518
    endloop
  endfacet
  facet normal 0 1 -0
    outer loop
      vertex 14.3431 15.75 13.6569
      vertex 12 15.75 16
      vertex 14.9249 15.75 14.1841
    endloop
  endfacet
  facet normal 0 1 -0
    outer loop
      vertex 13.8159 15.75 13.0751
      vertex 12 15.75 16
      vertex 14.3431 15.75 13.6569
    endloop
  endfacet
  facet normal 0 1 -0
    outer loop
      vertex 13.3482 15.75 12.4446
      vertex 12 15.75 16
      vertex 13.8159 15.75 13.0751
    endloop
  endfacet
  facet normal 0 1 -0
    outer loop
      vertex 12.9446 15.75 11.7712
      vertex 12 15.75 16
      vertex 13.3482 15.75 12.4446
    endloop
  endfacet
  facet normal 0 1 -0
    outer loop
      vertex 12.609 15.75 11.0615
      vertex 12 15.75 16
      vertex 12.9446 15.75 11.7712
    endloop
  endfacet
  facet normal 0 1 -0
    outer loop
      vertex 12.3445 15.75 10.3223
      vertex 12 15.75 16
      vertex 12.609 15.75 11.0615
    endloop
  endfacet
  facet normal 0 1 -0
    outer loop
      vertex 12.1537 15.75 9.56072
      vertex 12 15.75 16
      vertex 12.3445 15.75 10.3223
    endloop
  endfacet
  facet normal 0 1 -0
    outer loop
      vertex 12.0385 15.75 8.78414
      vertex 12 15.75 16
      vertex 12.1537 15.75 9.56072
    endloop
  endfacet
  facet normal 0 1 0
    outer loop
      vertex 12 15.75 16
      vertex 12.0385 15.75 8.78414
      vertex 12 15.75 8
    endloop
  endfacet
  facet normal -0 1 0
    outer loop
      vertex 16 15.75 1.08178
      vertex 19.2307 15.75 5.46411
      vertex 20 15.75 0
    endloop
  endfacet
  facet normal 0 1 0
    outer loop
      vertex 19.2307 15.75 5.46411
      vertex 16 15.75 1.08178
      vertex 18.9859 15.75 5.55172
    endloop
  endfacet
  facet normal 0 1 0
    outer loop
      vertex 18.9859 15.75 5.55172
      vertex 16 15.75 1.08178
      vertex 18.7508 15.75 5.66291
    endloop
  endfacet
  facet normal 0 1 0
    outer loop
      vertex 18.7508 15.75 5.66291
      vertex 16 15.75 1.08178
      vertex 18.5277 15.75 5.79661
    endloop
  endfacet
  facet normal 0 1 0
    outer loop
      vertex 12.0385 15.75 7.21586
      vertex 12 15.75 1.77636e-15
      vertex 12 15.75 8
    endloop
  endfacet
  facet normal 0 1 0
    outer loop
      vertex 12.1537 15.75 6.43928
      vertex 12 15.75 1.77636e-15
      vertex 12.0385 15.75 7.21586
    endloop
  endfacet
  facet normal 0 1 0
    outer loop
      vertex 12.3445 15.75 5.67772
      vertex 12 15.75 1.77636e-15
      vertex 12.1537 15.75 6.43928
    endloop
  endfacet
  facet normal 0 1 0
    outer loop
      vertex 12.609 15.75 4.93853
      vertex 12 15.75 1.77636e-15
      vertex 12.3445 15.75 5.67772
    endloop
  endfacet
  facet normal 0 1 0
    outer loop
      vertex 12.9446 15.75 4.22883
      vertex 12 15.75 1.77636e-15
      vertex 12.609 15.75 4.93853
    endloop
  endfacet
  facet normal 0 1 0
    outer loop
      vertex 13.3482 15.75 3.55544
      vertex 12 15.75 1.77636e-15
      vertex 12.9446 15.75 4.22883
    endloop
  endfacet
  facet normal 0 1 0
    outer loop
      vertex 13.8159 15.75 2.92485
      vertex 12 15.75 1.77636e-15
      vertex 13.3482 15.75 3.55544
    endloop
  endfacet
  facet normal 0 1 0
    outer loop
      vertex 14.3431 15.75 2.34315
      vertex 12 15.75 1.77636e-15
      vertex 13.8159 15.75 2.92485
    endloop
  endfacet
  facet normal 0 1 0
    outer loop
      vertex 14.9249 15.75 1.81592
      vertex 12 15.75 1.77636e-15
      vertex 14.3431 15.75 2.34315
    endloop
  endfacet
  facet normal 0 1 0
    outer loop
      vertex 15.5554 15.75 1.34824
      vertex 12 15.75 1.77636e-15
      vertex 14.9249 15.75 1.81592
    endloop
  endfacet
  facet normal 0 1 0
    outer loop
      vertex 16 15.75 1.08178
      vertex 12 15.75 1.77636e-15
      vertex 15.5554 15.75 1.34824
    endloop
  endfacet
  facet normal 0 1 0
    outer loop
      vertex 18.5277 15.75 5.79661
      vertex 16 15.75 1.08178
      vertex 18.3189 15.75 5.95152
    endloop
  endfacet
  facet normal 0 1 0
    outer loop
      vertex 16 15.75 1.08178
      vertex 20 15.75 0
      vertex 12 15.75 1.77636e-15
    endloop
  endfacet
  facet normal 0 0 0
    outer loop
      vertex 12 15.75 8
      vertex 12 15.75 1.77636e-15
      vertex 12 15.75 16
    endloop
  endfacet
  facet normal 0.14673 0 0.989177
    outer loop
      vertex 20.7841 15.75 15.9615
      vertex 21.5607 12.8 15.8463
      vertex 21.5607 15.75 15.8463
    endloop
  endfacet
  facet normal 0.14673 0 0.989177
    outer loop
      vertex 21.5607 12.8 15.8463
      vertex 20.7841 15.75 15.9615
      vertex 20.7841 12.8 15.9615
    endloop
  endfacet
  facet normal 0.941545 -0 0.336888
    outer loop
      vertex 27.391 12.8 11.0615
      vertex 27.6555 15.75 10.3223
      vertex 27.391 15.75 11.0615
    endloop
  endfacet
  facet normal 0.941545 0 0.336888
    outer loop
      vertex 27.6555 15.75 10.3223
      vertex 27.391 12.8 11.0615
      vertex 27.6555 12.8 10.3223
    endloop
  endfacet
  facet normal 0.941544 0 -0.33689
    outer loop
      vertex 27.6555 12.8 5.67772
      vertex 27.391 15.75 4.93853
      vertex 27.6555 15.75 5.67772
    endloop
  endfacet
  facet normal 0.941544 0 -0.33689
    outer loop
      vertex 27.391 15.75 4.93853
      vertex 27.6555 12.8 5.67772
      vertex 27.391 12.8 4.93853
    endloop
  endfacet
  facet normal 0.903989 -0 0.427556
    outer loop
      vertex 27.0554 12.8 11.7712
      vertex 27.391 15.75 11.0615
      vertex 27.0554 15.75 11.7712
    endloop
  endfacet
  facet normal 0.903989 0 0.427556
    outer loop
      vertex 27.391 15.75 11.0615
      vertex 27.0554 12.8 11.7712
      vertex 27.391 12.8 11.0615
    endloop
  endfacet
  facet normal 0.14673 0 -0.989177
    outer loop
      vertex 20.7841 12.8 0.0385227
      vertex 21.5607 15.75 0.153718
      vertex 21.5607 12.8 0.153718
    endloop
  endfacet
  facet normal 0.14673 0 -0.989177
    outer loop
      vertex 21.5607 15.75 0.153718
      vertex 20.7841 12.8 0.0385227
      vertex 20.7841 15.75 0.0385227
    endloop
  endfacet
  facet normal 0.740951 -0 0.671559
    outer loop
      vertex 25.6569 12.8 13.6569
      vertex 26.1841 15.75 13.0751
      vertex 25.6569 15.75 13.6569
    endloop
  endfacet
  facet normal 0.740951 0 0.671559
    outer loop
      vertex 26.1841 15.75 13.0751
      vertex 25.6569 12.8 13.6569
      vertex 26.1841 12.8 13.0751
    endloop
  endfacet
  facet normal 0.998795 0 0.0490684
    outer loop
      vertex 28 15.75 8
      vertex 27.9615 12.8 8.78414
      vertex 28 12.8 8
    endloop
  endfacet
  facet normal 0.998795 0 0.0490684
    outer loop
      vertex 27.9615 15.75 8.78414
      vertex 27.9615 12.8 8.78414
      vertex 28 15.75 8
    endloop
  endfacet
  facet normal 0.998795 0 -0.0490684
    outer loop
      vertex 28 12.8 8
      vertex 27.9615 12.8 7.21586
      vertex 28 15.75 8
    endloop
  endfacet
  facet normal 0.989176 0 -0.146731
    outer loop
      vertex 27.9615 12.8 7.21586
      vertex 27.8463 15.75 6.43928
      vertex 27.9615 15.75 7.21586
    endloop
  endfacet
  facet normal 0.989176 0 -0.146731
    outer loop
      vertex 27.8463 15.75 6.43928
      vertex 27.9615 12.8 7.21586
      vertex 27.8463 12.8 6.43928
    endloop
  endfacet
  facet normal 0.803207 -0 0.5957
    outer loop
      vertex 26.1841 12.8 13.0751
      vertex 26.6518 15.75 12.4446
      vertex 26.1841 15.75 13.0751
    endloop
  endfacet
  facet normal 0.803207 0 0.5957
    outer loop
      vertex 26.6518 15.75 12.4446
      vertex 26.1841 12.8 13.0751
      vertex 26.6518 12.8 12.4446
    endloop
  endfacet
  facet normal 0.857728 -0 0.514104
    outer loop
      vertex 26.6518 12.8 12.4446
      vertex 27.0554 15.75 11.7712
      vertex 26.6518 15.75 12.4446
    endloop
  endfacet
  facet normal 0.857728 0 0.514104
    outer loop
      vertex 27.0554 15.75 11.7712
      vertex 26.6518 12.8 12.4446
      vertex 27.0554 12.8 11.7712
    endloop
  endfacet
  facet normal 0.595699 0 0.803208
    outer loop
      vertex 24.4446 15.75 14.6518
      vertex 25.0751 12.8 14.1841
      vertex 25.0751 15.75 14.1841
    endloop
  endfacet
  facet normal 0.595699 0 0.803208
    outer loop
      vertex 25.0751 12.8 14.1841
      vertex 24.4446 15.75 14.6518
      vertex 24.4446 12.8 14.6518
    endloop
  endfacet
  facet normal 0.514103 0 0.857729
    outer loop
      vertex 23.7712 15.75 15.0554
      vertex 24.4446 12.8 14.6518
      vertex 24.4446 15.75 14.6518
    endloop
  endfacet
  facet normal 0.514103 0 0.857729
    outer loop
      vertex 24.4446 12.8 14.6518
      vertex 23.7712 15.75 15.0554
      vertex 23.7712 12.8 15.0554
    endloop
  endfacet
  facet normal 0.989177 -0 0.146729
    outer loop
      vertex 27.8463 12.8 9.56072
      vertex 27.9615 15.75 8.78414
      vertex 27.8463 15.75 9.56072
    endloop
  endfacet
  facet normal 0.989177 0 0.146729
    outer loop
      vertex 27.9615 15.75 8.78414
      vertex 27.8463 12.8 9.56072
      vertex 27.9615 12.8 8.78414
    endloop
  endfacet
  facet normal 0.970031 -0 0.242983
    outer loop
      vertex 27.6555 12.8 10.3223
      vertex 27.8463 15.75 9.56072
      vertex 27.6555 15.75 10.3223
    endloop
  endfacet
  facet normal 0.970031 0 0.242983
    outer loop
      vertex 27.8463 15.75 9.56072
      vertex 27.6555 12.8 10.3223
      vertex 27.8463 12.8 9.56072
    endloop
  endfacet
  facet normal 0.970031 0 -0.24298
    outer loop
      vertex 27.8463 12.8 6.43928
      vertex 27.6555 15.75 5.67772
      vertex 27.8463 15.75 6.43928
    endloop
  endfacet
  facet normal 0.970031 0 -0.24298
    outer loop
      vertex 27.6555 15.75 5.67772
      vertex 27.8463 12.8 6.43928
      vertex 27.6555 12.8 5.67772
    endloop
  endfacet
  facet normal 0.998795 0 -0.0490684
    outer loop
      vertex 28 15.75 8
      vertex 27.9615 12.8 7.21586
      vertex 27.9615 15.75 7.21586
    endloop
  endfacet
  facet normal 0.24298 0 -0.970031
    outer loop
      vertex 21.5607 12.8 0.153718
      vertex 22.3223 15.75 0.344478
      vertex 22.3223 12.8 0.344478
    endloop
  endfacet
  facet normal 0.24298 0 -0.970031
    outer loop
      vertex 22.3223 15.75 0.344478
      vertex 21.5607 12.8 0.153718
      vertex 21.5607 15.75 0.153718
    endloop
  endfacet
  facet normal 0.33689 0 -0.941544
    outer loop
      vertex 22.3223 12.8 0.344478
      vertex 23.0615 15.75 0.608964
      vertex 23.0615 12.8 0.608964
    endloop
  endfacet
  facet normal 0.33689 0 -0.941544
    outer loop
      vertex 23.0615 15.75 0.608964
      vertex 22.3223 12.8 0.344478
      vertex 22.3223 15.75 0.344478
    endloop
  endfacet
  facet normal 0.595699 0 -0.803208
    outer loop
      vertex 24.4446 12.8 1.34824
      vertex 25.0751 15.75 1.81592
      vertex 25.0751 12.8 1.81592
    endloop
  endfacet
  facet normal 0.595699 0 -0.803208
    outer loop
      vertex 25.0751 15.75 1.81592
      vertex 24.4446 12.8 1.34824
      vertex 24.4446 15.75 1.34824
    endloop
  endfacet
  facet normal 0.803207 0 -0.5957
    outer loop
      vertex 26.6518 12.8 3.55544
      vertex 26.1841 15.75 2.92485
      vertex 26.6518 15.75 3.55544
    endloop
  endfacet
  facet normal 0.803207 0 -0.5957
    outer loop
      vertex 26.1841 15.75 2.92485
      vertex 26.6518 12.8 3.55544
      vertex 26.1841 12.8 2.92485
    endloop
  endfacet
  facet normal 0.0490683 0 0.998795
    outer loop
      vertex 20 15.75 16
      vertex 20.7841 12.8 15.9615
      vertex 20.7841 15.75 15.9615
    endloop
  endfacet
  facet normal 0.0490683 0 0.998795
    outer loop
      vertex 20.7841 12.8 15.9615
      vertex 20 15.75 16
      vertex 20 12.8 16
    endloop
  endfacet
  facet normal 0.33689 0 0.941544
    outer loop
      vertex 22.3223 15.75 15.6555
      vertex 23.0615 12.8 15.391
      vertex 23.0615 15.75 15.391
    endloop
  endfacet
  facet normal 0.33689 0 0.941544
    outer loop
      vertex 23.0615 12.8 15.391
      vertex 22.3223 15.75 15.6555
      vertex 22.3223 12.8 15.6555
    endloop
  endfacet
  facet normal 0.24298 0 0.970031
    outer loop
      vertex 21.5607 15.75 15.8463
      vertex 22.3223 12.8 15.6555
      vertex 22.3223 15.75 15.6555
    endloop
  endfacet
  facet normal 0.24298 0 0.970031
    outer loop
      vertex 22.3223 12.8 15.6555
      vertex 21.5607 15.75 15.8463
      vertex 21.5607 12.8 15.8463
    endloop
  endfacet
  facet normal 0.67156 0 0.740951
    outer loop
      vertex 25.0751 15.75 14.1841
      vertex 25.6569 12.8 13.6569
      vertex 25.6569 15.75 13.6569
    endloop
  endfacet
  facet normal 0.67156 0 0.740951
    outer loop
      vertex 25.6569 12.8 13.6569
      vertex 25.0751 15.75 14.1841
      vertex 25.0751 12.8 14.1841
    endloop
  endfacet
  facet normal 0.427555 0 0.903989
    outer loop
      vertex 23.0615 15.75 15.391
      vertex 23.7712 12.8 15.0554
      vertex 23.7712 15.75 15.0554
    endloop
  endfacet
  facet normal 0.427555 0 0.903989
    outer loop
      vertex 23.7712 12.8 15.0554
      vertex 23.0615 15.75 15.391
      vertex 23.0615 12.8 15.391
    endloop
  endfacet
  facet normal 0.0490684 0 -0.998795
    outer loop
      vertex 20 12.8 0
      vertex 20.7841 15.75 0.0385227
      vertex 20.7841 12.8 0.0385227
    endloop
  endfacet
  facet normal 0.0490684 0 -0.998795
    outer loop
      vertex 20.7841 15.75 0.0385227
      vertex 20 12.8 0
      vertex 20 15.75 0
    endloop
  endfacet
  facet normal 0.740951 0 -0.671559
    outer loop
      vertex 26.1841 12.8 2.92485
      vertex 25.6569 15.75 2.34315
      vertex 26.1841 15.75 2.92485
    endloop
  endfacet
  facet normal 0.740951 0 -0.671559
    outer loop
      vertex 25.6569 15.75 2.34315
      vertex 26.1841 12.8 2.92485
      vertex 25.6569 12.8 2.34315
    endloop
  endfacet
  facet normal 0.427555 0 -0.903989
    outer loop
      vertex 23.0615 12.8 0.608964
      vertex 23.7712 15.75 0.944631
      vertex 23.7712 12.8 0.944631
    endloop
  endfacet
  facet normal 0.427555 0 -0.903989
    outer loop
      vertex 23.7712 15.75 0.944631
      vertex 23.0615 12.8 0.608964
      vertex 23.0615 15.75 0.608964
    endloop
  endfacet
  facet normal 0.514103 0 -0.857729
    outer loop
      vertex 23.7712 12.8 0.944631
      vertex 24.4446 15.75 1.34824
      vertex 24.4446 12.8 1.34824
    endloop
  endfacet
  facet normal 0.514103 0 -0.857729
    outer loop
      vertex 24.4446 15.75 1.34824
      vertex 23.7712 12.8 0.944631
      vertex 23.7712 15.75 0.944631
    endloop
  endfacet
  facet normal 0.857729 0 -0.514102
    outer loop
      vertex 27.0554 12.8 4.22883
      vertex 26.6518 15.75 3.55544
      vertex 27.0554 15.75 4.22883
    endloop
  endfacet
  facet normal 0.857729 0 -0.514102
    outer loop
      vertex 26.6518 15.75 3.55544
      vertex 27.0554 12.8 4.22883
      vertex 26.6518 12.8 3.55544
    endloop
  endfacet
  facet normal 0.903989 0 -0.427556
    outer loop
      vertex 27.391 12.8 4.93853
      vertex 27.0554 15.75 4.22883
      vertex 27.391 15.75 4.93853
    endloop
  endfacet
  facet normal 0.903989 0 -0.427556
    outer loop
      vertex 27.0554 15.75 4.22883
      vertex 27.391 12.8 4.93853
      vertex 27.0554 12.8 4.22883
    endloop
  endfacet
  facet normal 0.67156 0 -0.740951
    outer loop
      vertex 25.0751 12.8 1.81592
      vertex 25.6569 15.75 2.34315
      vertex 25.6569 12.8 2.34315
    endloop
  endfacet
  facet normal 0.67156 0 -0.740951
    outer loop
      vertex 25.6569 15.75 2.34315
      vertex 25.0751 12.8 1.81592
      vertex 25.0751 15.75 1.81592
    endloop
  endfacet
  facet normal 0.0490666 0 -0.998796
    outer loop
      vertex 19.7403 12.8 10.6372
      vertex 20 15.75 10.65
      vertex 20 12.8 10.65
    endloop
  endfacet
  facet normal 0.0490666 0 -0.998796
    outer loop
      vertex 20 15.75 10.65
      vertex 19.7403 12.8 10.6372
      vertex 19.7403 15.75 10.6372
    endloop
  endfacet
  facet normal -0.671556 0 -0.740953
    outer loop
      vertex 21.6811 12.8 10.0485
      vertex 21.8738 15.75 9.87383
      vertex 21.8738 12.8 9.87383
    endloop
  endfacet
  facet normal -0.671556 0 -0.740953
    outer loop
      vertex 21.8738 15.75 9.87383
      vertex 21.6811 12.8 10.0485
      vertex 21.6811 15.75 10.0485
    endloop
  endfacet
  facet normal 0.941543 0 -0.336893
    outer loop
      vertex 17.5517 12.8 9.01411
      vertex 17.4641 15.75 8.76925
      vertex 17.5517 15.75 9.01411
    endloop
  endfacet
  facet normal 0.941543 0 -0.336893
    outer loop
      vertex 17.4641 15.75 8.76925
      vertex 17.5517 12.8 9.01411
      vertex 17.4641 12.8 8.76925
    endloop
  endfacet
  facet normal 0.941543 -0 0.336893
    outer loop
      vertex 17.4641 12.8 7.23075
      vertex 17.5517 15.75 6.98589
      vertex 17.4641 15.75 7.23075
    endloop
  endfacet
  facet normal 0.941543 0 0.336893
    outer loop
      vertex 17.5517 15.75 6.98589
      vertex 17.4641 12.8 7.23075
      vertex 17.5517 12.8 6.98589
    endloop
  endfacet
  facet normal -0.0490666 0 -0.998796
    outer loop
      vertex 20 12.8 10.65
      vertex 20.2597 15.75 10.6372
      vertex 20.2597 12.8 10.6372
    endloop
  endfacet
  facet normal -0.0490666 0 -0.998796
    outer loop
      vertex 20.2597 15.75 10.6372
      vertex 20 12.8 10.65
      vertex 20 15.75 10.65
    endloop
  endfacet
  facet normal 0.427556 0 -0.903989
    outer loop
      vertex 18.7508 12.8 10.3371
      vertex 18.9859 15.75 10.4483
      vertex 18.9859 12.8 10.4483
    endloop
  endfacet
  facet normal 0.427556 0 -0.903989
    outer loop
      vertex 18.9859 15.75 10.4483
      vertex 18.7508 12.8 10.3371
      vertex 18.7508 15.75 10.3371
    endloop
  endfacet
  facet normal 0.514104 0 -0.857728
    outer loop
      vertex 18.5277 12.8 10.2034
      vertex 18.7508 15.75 10.3371
      vertex 18.7508 12.8 10.3371
    endloop
  endfacet
  facet normal 0.514104 0 -0.857728
    outer loop
      vertex 18.7508 15.75 10.3371
      vertex 18.5277 12.8 10.2034
      vertex 18.5277 15.75 10.2034
    endloop
  endfacet
  facet normal 0.857731 0 -0.514099
    outer loop
      vertex 17.7966 12.8 9.47226
      vertex 17.6629 15.75 9.2492
      vertex 17.7966 15.75 9.47226
    endloop
  endfacet
  facet normal 0.857731 0 -0.514099
    outer loop
      vertex 17.6629 15.75 9.2492
      vertex 17.7966 12.8 9.47226
      vertex 17.6629 12.8 9.2492
    endloop
  endfacet
  facet normal 0.970032 -0 0.242978
    outer loop
      vertex 17.4009 12.8 7.48301
      vertex 17.4641 15.75 7.23075
      vertex 17.4009 15.75 7.48301
    endloop
  endfacet
  facet normal 0.970032 0 0.242978
    outer loop
      vertex 17.4641 15.75 7.23075
      vertex 17.4009 12.8 7.48301
      vertex 17.4641 12.8 7.23075
    endloop
  endfacet
  facet normal -0.427556 0 0.903989
    outer loop
      vertex 21.0141 15.75 5.55172
      vertex 21.2492 12.8 5.66291
      vertex 21.2492 15.75 5.66291
    endloop
  endfacet
  facet normal -0.427556 0 0.903989
    outer loop
      vertex 21.2492 12.8 5.66291
      vertex 21.0141 15.75 5.55172
      vertex 21.0141 12.8 5.55172
    endloop
  endfacet
  facet normal -0.970033 0 -0.242971
    outer loop
      vertex 22.5991 12.8 8.51699
      vertex 22.5359 15.75 8.76925
      vertex 22.5991 15.75 8.51699
    endloop
  endfacet
  facet normal -0.970033 -0 -0.242971
    outer loop
      vertex 22.5359 15.75 8.76925
      vertex 22.5991 12.8 8.51699
      vertex 22.5359 12.8 8.76925
    endloop
  endfacet
  facet normal 0.595699 0 -0.803208
    outer loop
      vertex 18.3189 12.8 10.0485
      vertex 18.5277 15.75 10.2034
      vertex 18.5277 12.8 10.2034
    endloop
  endfacet
  facet normal 0.595699 0 -0.803208
    outer loop
      vertex 18.5277 15.75 10.2034
      vertex 18.3189 12.8 10.0485
      vertex 18.3189 15.75 10.0485
    endloop
  endfacet
  facet normal 0.740952 0 -0.671558
    outer loop
      vertex 18.1262 12.8 9.87383
      vertex 17.9515 15.75 9.68114
      vertex 18.1262 15.75 9.87383
    endloop
  endfacet
  facet normal 0.740952 0 -0.671558
    outer loop
      vertex 17.9515 15.75 9.68114
      vertex 18.1262 12.8 9.87383
      vertex 17.9515 12.8 9.68114
    endloop
  endfacet
  facet normal 0.998796 -0 0.0490666
    outer loop
      vertex 17.35 12.8 8
      vertex 17.3628 15.75 7.74026
      vertex 17.35 15.75 8
    endloop
  endfacet
  facet normal 0.998796 0 0.0490666
    outer loop
      vertex 17.3628 15.75 7.74026
      vertex 17.35 12.8 8
      vertex 17.3628 12.8 7.74026
    endloop
  endfacet
  facet normal 0.970033 0 -0.242971
    outer loop
      vertex 17.4641 12.8 8.76925
      vertex 17.4009 15.75 8.51699
      vertex 17.4641 15.75 8.76925
    endloop
  endfacet
  facet normal 0.970033 0 -0.242971
    outer loop
      vertex 17.4009 15.75 8.51699
      vertex 17.4641 12.8 8.76925
      vertex 17.4009 12.8 8.51699
    endloop
  endfacet
  facet normal 0.989176 0 -0.146737
    outer loop
      vertex 17.4009 12.8 8.51699
      vertex 17.3628 15.75 8.25974
      vertex 17.4009 15.75 8.51699
    endloop
  endfacet
  facet normal 0.989176 0 -0.146737
    outer loop
      vertex 17.3628 15.75 8.25974
      vertex 17.4009 12.8 8.51699
      vertex 17.3628 12.8 8.25974
    endloop
  endfacet
  facet normal 0.0490666 0 0.998796
    outer loop
      vertex 19.7403 15.75 5.36276
      vertex 20 12.8 5.35
      vertex 20 15.75 5.35
    endloop
  endfacet
  facet normal 0.0490666 0 0.998796
    outer loop
      vertex 20 12.8 5.35
      vertex 19.7403 15.75 5.36276
      vertex 19.7403 12.8 5.36276
    endloop
  endfacet
  facet normal 0.336891 0 0.941544
    outer loop
      vertex 18.9859 15.75 5.55172
      vertex 19.2307 12.8 5.46411
      vertex 19.2307 15.75 5.46411
    endloop
  endfacet
  facet normal 0.336891 0 0.941544
    outer loop
      vertex 19.2307 12.8 5.46411
      vertex 18.9859 15.75 5.55172
      vertex 18.9859 12.8 5.55172
    endloop
  endfacet
  facet normal 0.242977 0 0.970032
    outer loop
      vertex 19.2307 15.75 5.46411
      vertex 19.483 12.8 5.40092
      vertex 19.483 15.75 5.40092
    endloop
  endfacet
  facet normal 0.242977 0 0.970032
    outer loop
      vertex 19.483 12.8 5.40092
      vertex 19.2307 15.75 5.46411
      vertex 19.2307 12.8 5.46411
    endloop
  endfacet
  facet normal 0.595699 0 0.803208
    outer loop
      vertex 18.3189 15.75 5.95152
      vertex 18.5277 12.8 5.79661
      vertex 18.5277 15.75 5.79661
    endloop
  endfacet
  facet normal 0.595699 0 0.803208
    outer loop
      vertex 18.5277 12.8 5.79661
      vertex 18.3189 15.75 5.95152
      vertex 18.3189 12.8 5.95152
    endloop
  endfacet
  facet normal 0.67156 0 0.74095
    outer loop
      vertex 18.1262 15.75 6.12617
      vertex 18.3189 12.8 5.95152
      vertex 18.3189 15.75 5.95152
    endloop
  endfacet
  facet normal 0.67156 0 0.74095
    outer loop
      vertex 18.3189 12.8 5.95152
      vertex 18.1262 15.75 6.12617
      vertex 18.1262 12.8 6.12617
    endloop
  endfacet
  facet normal 0.857727 -0 0.514105
    outer loop
      vertex 17.6629 12.8 6.7508
      vertex 17.7966 15.75 6.52774
      vertex 17.6629 15.75 6.7508
    endloop
  endfacet
  facet normal 0.857727 0 0.514105
    outer loop
      vertex 17.7966 15.75 6.52774
      vertex 17.6629 12.8 6.7508
      vertex 17.7966 12.8 6.52774
    endloop
  endfacet
  facet normal 0.90399 -0 0.427553
    outer loop
      vertex 17.5517 12.8 6.98589
      vertex 17.6629 15.75 6.7508
      vertex 17.5517 15.75 6.98589
    endloop
  endfacet
  facet normal 0.90399 0 0.427553
    outer loop
      vertex 17.6629 15.75 6.7508
      vertex 17.5517 12.8 6.98589
      vertex 17.6629 12.8 6.7508
    endloop
  endfacet
  facet normal -0.427556 0 -0.903989
    outer loop
      vertex 21.0141 12.8 10.4483
      vertex 21.2492 15.75 10.3371
      vertex 21.2492 12.8 10.3371
    endloop
  endfacet
  facet normal -0.427556 0 -0.903989
    outer loop
      vertex 21.2492 15.75 10.3371
      vertex 21.0141 12.8 10.4483
      vertex 21.0141 15.75 10.4483
    endloop
  endfacet
  facet normal -0.740952 0 0.671558
    outer loop
      vertex 21.8738 12.8 6.12617
      vertex 22.0485 15.75 6.31886
      vertex 21.8738 15.75 6.12617
    endloop
  endfacet
  facet normal -0.740952 0 0.671558
    outer loop
      vertex 22.0485 15.75 6.31886
      vertex 21.8738 12.8 6.12617
      vertex 22.0485 12.8 6.31886
    endloop
  endfacet
  facet normal -0.595699 0 0.803208
    outer loop
      vertex 21.4723 15.75 5.79661
      vertex 21.6811 12.8 5.95152
      vertex 21.6811 15.75 5.95152
    endloop
  endfacet
  facet normal -0.595699 0 0.803208
    outer loop
      vertex 21.6811 12.8 5.95152
      vertex 21.4723 15.75 5.79661
      vertex 21.4723 12.8 5.79661
    endloop
  endfacet
  facet normal -0.998796 0 -0.0490666
    outer loop
      vertex 22.65 12.8 8
      vertex 22.6372 15.75 8.25974
      vertex 22.65 15.75 8
    endloop
  endfacet
  facet normal -0.998796 -0 -0.0490666
    outer loop
      vertex 22.6372 15.75 8.25974
      vertex 22.65 12.8 8
      vertex 22.6372 12.8 8.25974
    endloop
  endfacet
  facet normal 0.336889 0 -0.941544
    outer loop
      vertex 18.9859 12.8 10.4483
      vertex 19.2307 15.75 10.5359
      vertex 19.2307 12.8 10.5359
    endloop
  endfacet
  facet normal 0.336889 0 -0.941544
    outer loop
      vertex 19.2307 15.75 10.5359
      vertex 18.9859 12.8 10.4483
      vertex 18.9859 15.75 10.4483
    endloop
  endfacet
  facet normal 0.242979 0 -0.970032
    outer loop
      vertex 19.2307 12.8 10.5359
      vertex 19.483 15.75 10.5991
      vertex 19.483 12.8 10.5991
    endloop
  endfacet
  facet normal 0.242979 0 -0.970032
    outer loop
      vertex 19.483 15.75 10.5991
      vertex 19.2307 12.8 10.5359
      vertex 19.2307 15.75 10.5359
    endloop
  endfacet
  facet normal 0.671556 0 -0.740953
    outer loop
      vertex 18.1262 12.8 9.87383
      vertex 18.3189 15.75 10.0485
      vertex 18.3189 12.8 10.0485
    endloop
  endfacet
  facet normal 0.671556 0 -0.740953
    outer loop
      vertex 18.3189 15.75 10.0485
      vertex 18.1262 12.8 9.87383
      vertex 18.1262 15.75 9.87383
    endloop
  endfacet
  facet normal 0.998796 0 -0.0490666
    outer loop
      vertex 17.3628 12.8 8.25974
      vertex 17.35 15.75 8
      vertex 17.3628 15.75 8.25974
    endloop
  endfacet
  facet normal 0.998796 0 -0.0490666
    outer loop
      vertex 17.35 15.75 8
      vertex 17.3628 12.8 8.25974
      vertex 17.35 12.8 8
    endloop
  endfacet
  facet normal 0.903987 0 -0.427559
    outer loop
      vertex 17.6629 12.8 9.2492
      vertex 17.5517 15.75 9.01411
      vertex 17.6629 15.75 9.2492
    endloop
  endfacet
  facet normal 0.903987 0 -0.427559
    outer loop
      vertex 17.5517 15.75 9.01411
      vertex 17.6629 12.8 9.2492
      vertex 17.5517 12.8 9.01411
    endloop
  endfacet
  facet normal 0.803208 0 -0.595699
    outer loop
      vertex 17.9515 12.8 9.68114
      vertex 17.7966 15.75 9.47226
      vertex 17.9515 15.75 9.68114
    endloop
  endfacet
  facet normal 0.803208 0 -0.595699
    outer loop
      vertex 17.7966 15.75 9.47226
      vertex 17.9515 12.8 9.68114
      vertex 17.7966 12.8 9.47226
    endloop
  endfacet
  facet normal 0.146734 0 0.989176
    outer loop
      vertex 19.483 15.75 5.40092
      vertex 19.7403 12.8 5.36276
      vertex 19.7403 15.75 5.36276
    endloop
  endfacet
  facet normal 0.146734 0 0.989176
    outer loop
      vertex 19.7403 12.8 5.36276
      vertex 19.483 15.75 5.40092
      vertex 19.483 12.8 5.40092
    endloop
  endfacet
  facet normal 0.5141 0 0.85773
    outer loop
      vertex 18.5277 15.75 5.79661
      vertex 18.7508 12.8 5.66291
      vertex 18.7508 15.75 5.66291
    endloop
  endfacet
  facet normal 0.5141 0 0.85773
    outer loop
      vertex 18.7508 12.8 5.66291
      vertex 18.5277 15.75 5.79661
      vertex 18.5277 12.8 5.79661
    endloop
  endfacet
  facet normal 0.427556 0 0.903989
    outer loop
      vertex 18.7508 15.75 5.66291
      vertex 18.9859 12.8 5.55172
      vertex 18.9859 15.75 5.55172
    endloop
  endfacet
  facet normal 0.427556 0 0.903989
    outer loop
      vertex 18.9859 12.8 5.55172
      vertex 18.7508 15.75 5.66291
      vertex 18.7508 12.8 5.66291
    endloop
  endfacet
  facet normal 0.989177 -0 0.14673
    outer loop
      vertex 17.3628 12.8 7.74026
      vertex 17.4009 15.75 7.48301
      vertex 17.3628 15.75 7.74026
    endloop
  endfacet
  facet normal 0.989177 0 0.14673
    outer loop
      vertex 17.4009 15.75 7.48301
      vertex 17.3628 12.8 7.74026
      vertex 17.4009 12.8 7.48301
    endloop
  endfacet
  facet normal 0.803208 -0 0.595699
    outer loop
      vertex 17.7966 12.8 6.52774
      vertex 17.9515 15.75 6.31886
      vertex 17.7966 15.75 6.52774
    endloop
  endfacet
  facet normal 0.803208 0 0.595699
    outer loop
      vertex 17.9515 15.75 6.31886
      vertex 17.7966 12.8 6.52774
      vertex 17.9515 12.8 6.31886
    endloop
  endfacet
  facet normal 0.740952 -0 0.671558
    outer loop
      vertex 17.9515 12.8 6.31886
      vertex 18.1262 15.75 6.12617
      vertex 17.9515 15.75 6.31886
    endloop
  endfacet
  facet normal 0.740952 0 0.671558
    outer loop
      vertex 18.1262 15.75 6.12617
      vertex 17.9515 12.8 6.31886
      vertex 18.1262 12.8 6.12617
    endloop
  endfacet
  facet normal -0.514104 0 -0.857728
    outer loop
      vertex 21.2492 12.8 10.3371
      vertex 21.4723 15.75 10.2034
      vertex 21.4723 12.8 10.2034
    endloop
  endfacet
  facet normal -0.514104 0 -0.857728
    outer loop
      vertex 21.4723 15.75 10.2034
      vertex 21.2492 12.8 10.3371
      vertex 21.2492 15.75 10.3371
    endloop
  endfacet
  facet normal -0.998796 0 0.0490666
    outer loop
      vertex 22.6372 12.8 7.74026
      vertex 22.65 15.75 8
      vertex 22.6372 15.75 7.74026
    endloop
  endfacet
  facet normal -0.998796 0 0.0490666
    outer loop
      vertex 22.65 15.75 8
      vertex 22.6372 12.8 7.74026
      vertex 22.65 12.8 8
    endloop
  endfacet
  facet normal -0.0490666 0 0.998796
    outer loop
      vertex 20 15.75 5.35
      vertex 20.2597 12.8 5.36276
      vertex 20.2597 15.75 5.36276
    endloop
  endfacet
  facet normal -0.0490666 0 0.998796
    outer loop
      vertex 20.2597 12.8 5.36276
      vertex 20 15.75 5.35
      vertex 20 12.8 5.35
    endloop
  endfacet
  facet normal -0.336889 0 0.941544
    outer loop
      vertex 20.7693 15.75 5.46411
      vertex 21.0141 12.8 5.55172
      vertex 21.0141 15.75 5.55172
    endloop
  endfacet
  facet normal -0.336889 0 0.941544
    outer loop
      vertex 21.0141 12.8 5.55172
      vertex 20.7693 15.75 5.46411
      vertex 20.7693 12.8 5.46411
    endloop
  endfacet
  facet normal -0.242979 0 0.970032
    outer loop
      vertex 20.517 15.75 5.40092
      vertex 20.7693 12.8 5.46411
      vertex 20.7693 15.75 5.46411
    endloop
  endfacet
  facet normal -0.242979 0 0.970032
    outer loop
      vertex 20.7693 12.8 5.46411
      vertex 20.517 15.75 5.40092
      vertex 20.517 12.8 5.40092
    endloop
  endfacet
  facet normal -0.514104 0 0.857728
    outer loop
      vertex 21.2492 15.75 5.66291
      vertex 21.4723 12.8 5.79661
      vertex 21.4723 15.75 5.79661
    endloop
  endfacet
  facet normal -0.514104 0 0.857728
    outer loop
      vertex 21.4723 12.8 5.79661
      vertex 21.2492 15.75 5.66291
      vertex 21.2492 12.8 5.66291
    endloop
  endfacet
  facet normal -0.671556 0 0.740953
    outer loop
      vertex 21.6811 15.75 5.95152
      vertex 21.8738 12.8 6.12617
      vertex 21.8738 15.75 6.12617
    endloop
  endfacet
  facet normal -0.671556 0 0.740953
    outer loop
      vertex 21.8738 12.8 6.12617
      vertex 21.6811 15.75 5.95152
      vertex 21.6811 12.8 5.95152
    endloop
  endfacet
  facet normal -0.989176 0 -0.146737
    outer loop
      vertex 22.6372 12.8 8.25974
      vertex 22.5991 15.75 8.51699
      vertex 22.6372 15.75 8.25974
    endloop
  endfacet
  facet normal -0.989176 -0 -0.146737
    outer loop
      vertex 22.5991 15.75 8.51699
      vertex 22.6372 12.8 8.25974
      vertex 22.5991 12.8 8.51699
    endloop
  endfacet
  facet normal -0.941543 0 -0.336893
    outer loop
      vertex 22.5359 12.8 8.76925
      vertex 22.4483 15.75 9.01411
      vertex 22.5359 15.75 8.76925
    endloop
  endfacet
  facet normal -0.941543 -0 -0.336893
    outer loop
      vertex 22.4483 15.75 9.01411
      vertex 22.5359 12.8 8.76925
      vertex 22.4483 12.8 9.01411
    endloop
  endfacet
  facet normal -0.903987 0 -0.427559
    outer loop
      vertex 22.4483 12.8 9.01411
      vertex 22.3371 15.75 9.2492
      vertex 22.4483 15.75 9.01411
    endloop
  endfacet
  facet normal -0.903987 -0 -0.427559
    outer loop
      vertex 22.3371 15.75 9.2492
      vertex 22.4483 12.8 9.01411
      vertex 22.3371 12.8 9.2492
    endloop
  endfacet
  facet normal 0.146734 0 -0.989176
    outer loop
      vertex 19.483 12.8 10.5991
      vertex 19.7403 15.75 10.6372
      vertex 19.7403 12.8 10.6372
    endloop
  endfacet
  facet normal 0.146734 0 -0.989176
    outer loop
      vertex 19.7403 15.75 10.6372
      vertex 19.483 12.8 10.5991
      vertex 19.483 15.75 10.5991
    endloop
  endfacet
  facet normal -0.857731 0 -0.514099
    outer loop
      vertex 22.3371 12.8 9.2492
      vertex 22.2034 15.75 9.47226
      vertex 22.3371 15.75 9.2492
    endloop
  endfacet
  facet normal -0.857731 -0 -0.514099
    outer loop
      vertex 22.2034 15.75 9.47226
      vertex 22.3371 12.8 9.2492
      vertex 22.2034 12.8 9.47226
    endloop
  endfacet
  facet normal -0.242979 0 -0.970032
    outer loop
      vertex 20.517 12.8 10.5991
      vertex 20.7693 15.75 10.5359
      vertex 20.7693 12.8 10.5359
    endloop
  endfacet
  facet normal -0.242979 0 -0.970032
    outer loop
      vertex 20.7693 15.75 10.5359
      vertex 20.517 12.8 10.5991
      vertex 20.517 15.75 10.5991
    endloop
  endfacet
  facet normal -0.146734 0 -0.989176
    outer loop
      vertex 20.2597 12.8 10.6372
      vertex 20.517 15.75 10.5991
      vertex 20.517 12.8 10.5991
    endloop
  endfacet
  facet normal -0.146734 0 -0.989176
    outer loop
      vertex 20.517 15.75 10.5991
      vertex 20.2597 12.8 10.6372
      vertex 20.2597 15.75 10.6372
    endloop
  endfacet
  facet normal -0.595699 0 -0.803208
    outer loop
      vertex 21.4723 12.8 10.2034
      vertex 21.6811 15.75 10.0485
      vertex 21.6811 12.8 10.0485
    endloop
  endfacet
  facet normal -0.595699 0 -0.803208
    outer loop
      vertex 21.6811 15.75 10.0485
      vertex 21.4723 12.8 10.2034
      vertex 21.4723 15.75 10.2034
    endloop
  endfacet
  facet normal -0.336889 0 -0.941544
    outer loop
      vertex 20.7693 12.8 10.5359
      vertex 21.0141 15.75 10.4483
      vertex 21.0141 12.8 10.4483
    endloop
  endfacet
  facet normal -0.336889 0 -0.941544
    outer loop
      vertex 21.0141 15.75 10.4483
      vertex 20.7693 12.8 10.5359
      vertex 20.7693 15.75 10.5359
    endloop
  endfacet
  facet normal -0.941545 0 0.336887
    outer loop
      vertex 22.4483 12.8 6.98589
      vertex 22.5359 15.75 7.23075
      vertex 22.4483 15.75 6.98589
    endloop
  endfacet
  facet normal -0.941545 0 0.336887
    outer loop
      vertex 22.5359 15.75 7.23075
      vertex 22.4483 12.8 6.98589
      vertex 22.5359 12.8 7.23075
    endloop
  endfacet
  facet normal -0.146734 0 0.989176
    outer loop
      vertex 20.2597 15.75 5.36276
      vertex 20.517 12.8 5.40092
      vertex 20.517 15.75 5.40092
    endloop
  endfacet
  facet normal -0.146734 0 0.989176
    outer loop
      vertex 20.517 12.8 5.40092
      vertex 20.2597 15.75 5.36276
      vertex 20.2597 12.8 5.36276
    endloop
  endfacet
  facet normal -0.803208 0 0.595699
    outer loop
      vertex 22.0485 12.8 6.31886
      vertex 22.2034 15.75 6.52774
      vertex 22.0485 15.75 6.31886
    endloop
  endfacet
  facet normal -0.803208 0 0.595699
    outer loop
      vertex 22.2034 15.75 6.52774
      vertex 22.0485 12.8 6.31886
      vertex 22.2034 12.8 6.52774
    endloop
  endfacet
  facet normal -0.857731 0 0.514099
    outer loop
      vertex 22.2034 12.8 6.52774
      vertex 22.3371 15.75 6.7508
      vertex 22.2034 15.75 6.52774
    endloop
  endfacet
  facet normal -0.857731 0 0.514099
    outer loop
      vertex 22.3371 15.75 6.7508
      vertex 22.2034 12.8 6.52774
      vertex 22.3371 12.8 6.7508
    endloop
  endfacet
  facet normal -0.903987 0 0.427559
    outer loop
      vertex 22.3371 12.8 6.7508
      vertex 22.4483 15.75 6.98589
      vertex 22.3371 15.75 6.7508
    endloop
  endfacet
  facet normal -0.903987 0 0.427559
    outer loop
      vertex 22.4483 15.75 6.98589
      vertex 22.3371 12.8 6.7508
      vertex 22.4483 12.8 6.98589
    endloop
  endfacet
  facet normal -0.803208 0 -0.595699
    outer loop
      vertex 22.2034 12.8 9.47226
      vertex 22.0485 15.75 9.68114
      vertex 22.2034 15.75 9.47226
    endloop
  endfacet
  facet normal -0.803208 -0 -0.595699
    outer loop
      vertex 22.0485 15.75 9.68114
      vertex 22.2034 12.8 9.47226
      vertex 22.0485 12.8 9.68114
    endloop
  endfacet
  facet normal -0.740952 0 -0.671558
    outer loop
      vertex 22.0485 12.8 9.68114
      vertex 21.8738 15.75 9.87383
      vertex 22.0485 15.75 9.68114
    endloop
  endfacet
  facet normal -0.740952 -0 -0.671558
    outer loop
      vertex 21.8738 15.75 9.87383
      vertex 22.0485 12.8 9.68114
      vertex 21.8738 12.8 9.87383
    endloop
  endfacet
  facet normal -0.970032 0 0.242978
    outer loop
      vertex 22.5359 12.8 7.23075
      vertex 22.5991 15.75 7.48301
      vertex 22.5359 15.75 7.23075
    endloop
  endfacet
  facet normal -0.970032 0 0.242978
    outer loop
      vertex 22.5991 15.75 7.48301
      vertex 22.5359 12.8 7.23075
      vertex 22.5991 12.8 7.48301
    endloop
  endfacet
  facet normal -0.989176 0 0.146737
    outer loop
      vertex 22.5991 12.8 7.48301
      vertex 22.6372 15.75 7.74026
      vertex 22.5991 15.75 7.48301
    endloop
  endfacet
  facet normal -0.989176 0 0.146737
    outer loop
      vertex 22.6372 15.75 7.74026
      vertex 22.5991 12.8 7.48301
      vertex 22.6372 12.8 7.74026
    endloop
  endfacet
  facet normal 0.035817 0.683502 -0.729069
    outer loop
      vertex 20 15.75 0
      vertex 20 18.95 3
      vertex 20.4901 18.95 3.02408
    endloop
  endfacet
  facet normal 0.035817 0.683502 0.729069
    outer loop
      vertex 20.4901 18.95 12.9759
      vertex 20 18.95 13
      vertex 20 15.75 16
    endloop
  endfacet
  facet normal 0.0358173 0.683502 0.729069
    outer loop
      vertex 20.4901 18.95 12.9759
      vertex 20 15.75 16
      vertex 20.7841 15.75 15.9615
    endloop
  endfacet
  facet normal 0.490204 0.683502 0.540856
    outer loop
      vertex 25.6569 15.75 13.6569
      vertex 23.5355 18.95 11.5355
      vertex 25.0751 15.75 14.1841
    endloop
  endfacet
  facet normal -0.729069 0.683502 -0.035817
    outer loop
      vertex 12 15.75 8
      vertex 15 18.95 8
      vertex 15.0241 18.95 7.50991
    endloop
  endfacet
  facet normal 0.729069 0.683502 0.035817
    outer loop
      vertex 25 18.95 8
      vertex 24.9759 18.95 8.49009
      vertex 28 15.75 8
    endloop
  endfacet
  facet normal 0.312093 0.683502 -0.659866
    outer loop
      vertex 23.0615 15.75 0.608964
      vertex 21.9134 18.95 3.3806
      vertex 22.357 18.95 3.59039
    endloop
  endfacet
  facet normal 0.540856 0.683502 -0.490204
    outer loop
      vertex 25.6569 15.75 2.34315
      vertex 23.5355 18.95 4.46447
      vertex 26.1841 15.75 2.92485
    endloop
  endfacet
  facet normal -0.0358173 0.683502 -0.729069
    outer loop
      vertex 20 15.75 0
      vertex 19.2159 15.75 0.0385227
      vertex 19.5099 18.95 3.02408
    endloop
  endfacet
  facet normal -0.490203 0.683502 -0.540856
    outer loop
      vertex 14.9249 15.75 1.81592
      vertex 14.3431 15.75 2.34315
      vertex 16.4645 18.95 4.46447
    endloop
  endfacet
  facet normal -0.490203 0.683502 0.540856
    outer loop
      vertex 16.4645 18.95 11.5355
      vertex 14.3431 15.75 13.6569
      vertex 14.9249 15.75 14.1841
    endloop
  endfacet
  facet normal -0.177363 0.683502 0.708073
    outer loop
      vertex 18.5486 18.95 12.7847
      vertex 17.6777 15.75 15.6555
      vertex 18.4393 15.75 15.8463
    endloop
  endfacet
  facet normal 0.107106 0.683502 0.722048
    outer loop
      vertex 20.9755 18.95 12.9039
      vertex 20.4901 18.95 12.9759
      vertex 21.5607 15.75 15.8463
    endloop
  endfacet
  facet normal 0.107106 0.683502 0.722048
    outer loop
      vertex 21.5607 15.75 15.8463
      vertex 20.4901 18.95 12.9759
      vertex 20.7841 15.75 15.9615
    endloop
  endfacet
  facet normal 0.687279 0.683502 -0.245912
    outer loop
      vertex 27.391 15.75 4.93853
      vertex 24.6194 18.95 6.08658
      vertex 24.7847 18.95 6.54858
    endloop
  endfacet
  facet normal 0.245912 0.683502 -0.687279
    outer loop
      vertex 23.0615 15.75 0.608964
      vertex 21.4514 18.95 3.2153
      vertex 21.9134 18.95 3.3806
    endloop
  endfacet
  facet normal -0.107106 0.683502 -0.722048
    outer loop
      vertex 19.2159 15.75 0.0385227
      vertex 18.4393 15.75 0.153718
      vertex 19.5099 18.95 3.02408
    endloop
  endfacet
  facet normal 0 -1 0
    outer loop
      vertex 20 15.75 10.65
      vertex 20 15.75 16
      vertex 19.2159 15.75 15.9615
    endloop
  endfacet
  facet normal 0 -1 0
    outer loop
      vertex 19.7403 15.75 10.6372
      vertex 19.2159 15.75 15.9615
      vertex 18.4393 15.75 15.8463
    endloop
  endfacet
  facet normal 0 -1 0
    outer loop
      vertex 20 15.75 16
      vertex 20 15.75 10.65
      vertex 20.7841 15.75 15.9615
    endloop
  endfacet
  facet normal 0 -1 0
    outer loop
      vertex 19.483 15.75 10.5991
      vertex 18.4393 15.75 15.8463
      vertex 17.6777 15.75 15.6555
    endloop
  endfacet
  facet normal 0 -1 0
    outer loop
      vertex 20.2597 15.75 10.6372
      vertex 20.7841 15.75 15.9615
      vertex 20 15.75 10.65
    endloop
  endfacet
  facet normal 0 -1 0
    outer loop
      vertex 19.2307 15.75 10.5359
      vertex 17.6777 15.75 15.6555
      vertex 16.9385 15.75 15.391
    endloop
  endfacet
  facet normal 0 -1 -0
    outer loop
      vertex 20.7841 15.75 15.9615
      vertex 20.2597 15.75 10.6372
      vertex 21.5607 15.75 15.8463
    endloop
  endfacet
  facet normal 0 -1 0
    outer loop
      vertex 18.9859 15.75 10.4483
      vertex 16.9385 15.75 15.391
      vertex 16.2288 15.75 15.0554
    endloop
  endfacet
  facet normal 0 -1 0
    outer loop
      vertex 20.517 15.75 10.5991
      vertex 21.5607 15.75 15.8463
      vertex 20.2597 15.75 10.6372
    endloop
  endfacet
  facet normal 0 -1 0
    outer loop
      vertex 18.7508 15.75 10.3371
      vertex 16.2288 15.75 15.0554
      vertex 16 15.75 14.9182
    endloop
  endfacet
  facet normal 0 -1 -0
    outer loop
      vertex 21.5607 15.75 15.8463
      vertex 20.517 15.75 10.5991
      vertex 22.3223 15.75 15.6555
    endloop
  endfacet
  facet normal 0 -1 0
    outer loop
      vertex 20.7693 15.75 10.5359
      vertex 22.3223 15.75 15.6555
      vertex 20.517 15.75 10.5991
    endloop
  endfacet
  facet normal 0 -1 0
    outer loop
      vertex 21.0141 15.75 10.4483
      vertex 23.0615 15.75 15.391
      vertex 20.7693 15.75 10.5359
    endloop
  endfacet
  facet normal 0 -1 -0
    outer loop
      vertex 23.0615 15.75 15.391
      vertex 21.0141 15.75 10.4483
      vertex 23.7712 15.75 15.0554
    endloop
  endfacet
  facet normal 0 -1 -0
    outer loop
      vertex 23.7712 15.75 15.0554
      vertex 21.2492 15.75 10.3371
      vertex 24.4446 15.75 14.6518
    endloop
  endfacet
  facet normal 0 -1 0
    outer loop
      vertex 21.4723 15.75 10.2034
      vertex 24.4446 15.75 14.6518
      vertex 21.2492 15.75 10.3371
    endloop
  endfacet
  facet normal 0 -1 0
    outer loop
      vertex 21.6811 15.75 10.0485
      vertex 25.0751 15.75 14.1841
      vertex 21.4723 15.75 10.2034
    endloop
  endfacet
  facet normal 0 -1 -0
    outer loop
      vertex 22.3223 15.75 15.6555
      vertex 20.7693 15.75 10.5359
      vertex 23.0615 15.75 15.391
    endloop
  endfacet
  facet normal 0 -1 0
    outer loop
      vertex 19.2159 15.75 15.9615
      vertex 19.7403 15.75 10.6372
      vertex 20 15.75 10.65
    endloop
  endfacet
  facet normal 0 -1 0
    outer loop
      vertex 18.4393 15.75 15.8463
      vertex 19.483 15.75 10.5991
      vertex 19.7403 15.75 10.6372
    endloop
  endfacet
  facet normal 0 -1 0
    outer loop
      vertex 17.6777 15.75 15.6555
      vertex 19.2307 15.75 10.5359
      vertex 19.483 15.75 10.5991
    endloop
  endfacet
  facet normal 0 -1 0
    outer loop
      vertex 16.9385 15.75 15.391
      vertex 18.9859 15.75 10.4483
      vertex 19.2307 15.75 10.5359
    endloop
  endfacet
  facet normal 0 -1 0
    outer loop
      vertex 16.2288 15.75 15.0554
      vertex 18.7508 15.75 10.3371
      vertex 18.9859 15.75 10.4483
    endloop
  endfacet
  facet normal 0 -1 0
    outer loop
      vertex 16 15.75 14.9182
      vertex 18.5277 15.75 10.2034
      vertex 18.7508 15.75 10.3371
    endloop
  endfacet
  facet normal 0 -1 0
    outer loop
      vertex 16 15.75 14.9182
      vertex 18.3189 15.75 10.0485
      vertex 18.5277 15.75 10.2034
    endloop
  endfacet
  facet normal 0 -1 0
    outer loop
      vertex 16 15.75 14.9182
      vertex 18.1262 15.75 9.87383
      vertex 18.3189 15.75 10.0485
    endloop
  endfacet
  facet normal 0 -1 0
    outer loop
      vertex 16 15.75 14.9182
      vertex 17.9515 15.75 9.68114
      vertex 18.1262 15.75 9.87383
    endloop
  endfacet
  facet normal 0 -1 0
    outer loop
      vertex 16 15.75 14.9182
      vertex 17.7966 15.75 9.47226
      vertex 17.9515 15.75 9.68114
    endloop
  endfacet
  facet normal 0 -1 0
    outer loop
      vertex 16 15.75 14.9182
      vertex 17.6629 15.75 9.2492
      vertex 17.7966 15.75 9.47226
    endloop
  endfacet
  facet normal 0 -1 0
    outer loop
      vertex 16 15.75 14.9182
      vertex 17.5517 15.75 9.01411
      vertex 17.6629 15.75 9.2492
    endloop
  endfacet
  facet normal 0 -1 0
    outer loop
      vertex 16 15.75 14.9182
      vertex 17.4641 15.75 8.76925
      vertex 17.5517 15.75 9.01411
    endloop
  endfacet
  facet normal 0 -1 0
    outer loop
      vertex 16 15.75 14.9182
      vertex 17.4009 15.75 8.51699
      vertex 17.4641 15.75 8.76925
    endloop
  endfacet
  facet normal 0 -1 0
    outer loop
      vertex 16 15.75 14.9182
      vertex 17.3628 15.75 8.25974
      vertex 17.4009 15.75 8.51699
    endloop
  endfacet
  facet normal 0 -1 0
    outer loop
      vertex 16 15.75 14.9182
      vertex 17.35 15.75 8
      vertex 17.3628 15.75 8.25974
    endloop
  endfacet
  facet normal 0 -1 0
    outer loop
      vertex 16 15.75 1.08178
      vertex 17.35 15.75 8
      vertex 16 15.75 14.9182
    endloop
  endfacet
  facet normal 0 -1 -0
    outer loop
      vertex 17.35 15.75 8
      vertex 16 15.75 1.08178
      vertex 17.3628 15.75 7.74026
    endloop
  endfacet
  facet normal 0 -1 0
    outer loop
      vertex 20 15.75 0
      vertex 20 15.75 5.35
      vertex 19.7403 15.75 5.36276
    endloop
  endfacet
  facet normal 0 -1 0
    outer loop
      vertex 20 15.75 5.35
      vertex 27.0554 15.75 4.22883
      vertex 27.391 15.75 4.93853
    endloop
  endfacet
  facet normal 0 -1 0
    outer loop
      vertex 19.2159 15.75 0.0385227
      vertex 19.7403 15.75 5.36276
      vertex 19.483 15.75 5.40092
    endloop
  endfacet
  facet normal 0 -1 0
    outer loop
      vertex 20 15.75 5.35
      vertex 26.6518 15.75 3.55544
      vertex 27.0554 15.75 4.22883
    endloop
  endfacet
  facet normal 0 -1 0
    outer loop
      vertex 18.4393 15.75 0.153718
      vertex 19.483 15.75 5.40092
      vertex 19.2307 15.75 5.46411
    endloop
  endfacet
  facet normal 0 -1 0
    outer loop
      vertex 20 15.75 5.35
      vertex 26.1841 15.75 2.92485
      vertex 26.6518 15.75 3.55544
    endloop
  endfacet
  facet normal 0 -1 0
    outer loop
      vertex 17.6777 15.75 0.344478
      vertex 19.2307 15.75 5.46411
      vertex 18.9859 15.75 5.55172
    endloop
  endfacet
  facet normal 0 -1 0
    outer loop
      vertex 20 15.75 5.35
      vertex 25.6569 15.75 2.34315
      vertex 26.1841 15.75 2.92485
    endloop
  endfacet
  facet normal 0 -1 0
    outer loop
      vertex 16.9385 15.75 0.608964
      vertex 18.9859 15.75 5.55172
      vertex 18.7508 15.75 5.66291
    endloop
  endfacet
  facet normal 0 -1 0
    outer loop
      vertex 20 15.75 5.35
      vertex 25.0751 15.75 1.81592
      vertex 25.6569 15.75 2.34315
    endloop
  endfacet
  facet normal 0 -1 0
    outer loop
      vertex 16 15.75 1.08178
      vertex 18.7508 15.75 5.66291
      vertex 18.5277 15.75 5.79661
    endloop
  endfacet
  facet normal 0 -1 0
    outer loop
      vertex 20 15.75 5.35
      vertex 24.4446 15.75 1.34824
      vertex 25.0751 15.75 1.81592
    endloop
  endfacet
  facet normal 0 -1 0
    outer loop
      vertex 16 15.75 1.08178
      vertex 18.5277 15.75 5.79661
      vertex 18.3189 15.75 5.95152
    endloop
  endfacet
  facet normal 0 -1 -0
    outer loop
      vertex 17.3628 15.75 7.74026
      vertex 16 15.75 1.08178
      vertex 17.4009 15.75 7.48301
    endloop
  endfacet
  facet normal 0 -1 0
    outer loop
      vertex 16 15.75 1.08178
      vertex 17.4641 15.75 7.23075
      vertex 17.4009 15.75 7.48301
    endloop
  endfacet
  facet normal 0 -1 0
    outer loop
      vertex 16 15.75 1.08178
      vertex 17.5517 15.75 6.98589
      vertex 17.4641 15.75 7.23075
    endloop
  endfacet
  facet normal 0 -1 0
    outer loop
      vertex 16 15.75 1.08178
      vertex 17.6629 15.75 6.7508
      vertex 17.5517 15.75 6.98589
    endloop
  endfacet
  facet normal 0 -1 0
    outer loop
      vertex 16 15.75 1.08178
      vertex 17.7966 15.75 6.52774
      vertex 17.6629 15.75 6.7508
    endloop
  endfacet
  facet normal 0 -1 0
    outer loop
      vertex 16 15.75 1.08178
      vertex 17.9515 15.75 6.31886
      vertex 17.7966 15.75 6.52774
    endloop
  endfacet
  facet normal 0 -1 0
    outer loop
      vertex 16 15.75 1.08178
      vertex 18.1262 15.75 6.12617
      vertex 17.9515 15.75 6.31886
    endloop
  endfacet
  facet normal 0 -1 0
    outer loop
      vertex 16 15.75 1.08178
      vertex 18.3189 15.75 5.95152
      vertex 18.1262 15.75 6.12617
    endloop
  endfacet
  facet normal 0 -1 0
    outer loop
      vertex 18.7508 15.75 5.66291
      vertex 16 15.75 1.08178
      vertex 16.2288 15.75 0.944631
    endloop
  endfacet
  facet normal 0 -1 0
    outer loop
      vertex 18.7508 15.75 5.66291
      vertex 16.2288 15.75 0.944631
      vertex 16.9385 15.75 0.608964
    endloop
  endfacet
  facet normal 0 -1 0
    outer loop
      vertex 20 15.75 5.35
      vertex 23.7712 15.75 0.944631
      vertex 24.4446 15.75 1.34824
    endloop
  endfacet
  facet normal 0 -1 0
    outer loop
      vertex 18.9859 15.75 5.55172
      vertex 16.9385 15.75 0.608964
      vertex 17.6777 15.75 0.344478
    endloop
  endfacet
  facet normal 0 -1 0
    outer loop
      vertex 20 15.75 5.35
      vertex 23.0615 15.75 0.608964
      vertex 23.7712 15.75 0.944631
    endloop
  endfacet
  facet normal 0 -1 0
    outer loop
      vertex 19.2307 15.75 5.46411
      vertex 17.6777 15.75 0.344478
      vertex 18.4393 15.75 0.153718
    endloop
  endfacet
  facet normal 0 -1 0
    outer loop
      vertex 20 15.75 5.35
      vertex 22.3223 15.75 0.344478
      vertex 23.0615 15.75 0.608964
    endloop
  endfacet
  facet normal 0 -1 0
    outer loop
      vertex 19.483 15.75 5.40092
      vertex 18.4393 15.75 0.153718
      vertex 19.2159 15.75 0.0385227
    endloop
  endfacet
  facet normal 0 -1 0
    outer loop
      vertex 20 15.75 5.35
      vertex 21.5607 15.75 0.153718
      vertex 22.3223 15.75 0.344478
    endloop
  endfacet
  facet normal 0 -1 -0
    outer loop
      vertex 19.7403 15.75 5.36276
      vertex 19.2159 15.75 0.0385227
      vertex 20 15.75 0
    endloop
  endfacet
  facet normal 0 -1 0
    outer loop
      vertex 20 15.75 5.35
      vertex 20.7841 15.75 0.0385227
      vertex 21.5607 15.75 0.153718
    endloop
  endfacet
  facet normal 0 -1 0
    outer loop
      vertex 20 15.75 5.35
      vertex 20 15.75 0
      vertex 20.7841 15.75 0.0385227
    endloop
  endfacet
  facet normal 0 -1 0
    outer loop
      vertex 21.2492 15.75 10.3371
      vertex 23.7712 15.75 15.0554
      vertex 21.0141 15.75 10.4483
    endloop
  endfacet
  facet normal 0 -1 -0
    outer loop
      vertex 24.4446 15.75 14.6518
      vertex 21.4723 15.75 10.2034
      vertex 25.0751 15.75 14.1841
    endloop
  endfacet
  facet normal 0 -1 -0
    outer loop
      vertex 25.0751 15.75 14.1841
      vertex 21.6811 15.75 10.0485
      vertex 25.6569 15.75 13.6569
    endloop
  endfacet
  facet normal 0 -1 0
    outer loop
      vertex 21.8738 15.75 9.87383
      vertex 25.6569 15.75 13.6569
      vertex 21.6811 15.75 10.0485
    endloop
  endfacet
  facet normal 0 -1 -0
    outer loop
      vertex 25.6569 15.75 13.6569
      vertex 21.8738 15.75 9.87383
      vertex 26.1841 15.75 13.0751
    endloop
  endfacet
  facet normal 0 -1 0
    outer loop
      vertex 22.0485 15.75 9.68114
      vertex 26.1841 15.75 13.0751
      vertex 21.8738 15.75 9.87383
    endloop
  endfacet
  facet normal 0 -1 -0
    outer loop
      vertex 26.1841 15.75 13.0751
      vertex 22.0485 15.75 9.68114
      vertex 26.6518 15.75 12.4446
    endloop
  endfacet
  facet normal 0 -1 0
    outer loop
      vertex 22.2034 15.75 9.47226
      vertex 26.6518 15.75 12.4446
      vertex 22.0485 15.75 9.68114
    endloop
  endfacet
  facet normal 0 -1 -0
    outer loop
      vertex 26.6518 15.75 12.4446
      vertex 22.2034 15.75 9.47226
      vertex 27.0554 15.75 11.7712
    endloop
  endfacet
  facet normal 0 -1 0
    outer loop
      vertex 22.3371 15.75 9.2492
      vertex 27.0554 15.75 11.7712
      vertex 22.2034 15.75 9.47226
    endloop
  endfacet
  facet normal 0 -1 -0
    outer loop
      vertex 27.0554 15.75 11.7712
      vertex 22.3371 15.75 9.2492
      vertex 27.391 15.75 11.0615
    endloop
  endfacet
  facet normal 0 -1 0
    outer loop
      vertex 22.4483 15.75 9.01411
      vertex 27.391 15.75 11.0615
      vertex 22.3371 15.75 9.2492
    endloop
  endfacet
  facet normal 0 -1 -0
    outer loop
      vertex 27.391 15.75 11.0615
      vertex 22.4483 15.75 9.01411
      vertex 27.6555 15.75 10.3223
    endloop
  endfacet
  facet normal 0 -1 0
    outer loop
      vertex 22.5359 15.75 8.76925
      vertex 27.6555 15.75 10.3223
      vertex 22.4483 15.75 9.01411
    endloop
  endfacet
  facet normal 0 -1 -0
    outer loop
      vertex 27.6555 15.75 10.3223
      vertex 22.5359 15.75 8.76925
      vertex 27.8463 15.75 9.56072
    endloop
  endfacet
  facet normal 0 -1 0
    outer loop
      vertex 22.5991 15.75 8.51699
      vertex 27.8463 15.75 9.56072
      vertex 22.5359 15.75 8.76925
    endloop
  endfacet
  facet normal 0 -1 -0
    outer loop
      vertex 27.8463 15.75 9.56072
      vertex 22.5991 15.75 8.51699
      vertex 27.9615 15.75 8.78414
    endloop
  endfacet
  facet normal 0 -1 0
    outer loop
      vertex 22.6372 15.75 8.25974
      vertex 27.9615 15.75 8.78414
      vertex 22.5991 15.75 8.51699
    endloop
  endfacet
  facet normal 0 -1 0
    outer loop
      vertex 22.65 15.75 8
      vertex 27.9615 15.75 8.78414
      vertex 22.6372 15.75 8.25974
    endloop
  endfacet
  facet normal 0 -1 0
    outer loop
      vertex 22.65 15.75 8
      vertex 28 15.75 8
      vertex 27.9615 15.75 8.78414
    endloop
  endfacet
  facet normal 0 -1 0
    outer loop
      vertex 22.6372 15.75 7.74026
      vertex 28 15.75 8
      vertex 22.65 15.75 8
    endloop
  endfacet
  facet normal 0 -1 0
    outer loop
      vertex 27.9615 15.75 7.21586
      vertex 22.6372 15.75 7.74026
      vertex 22.5991 15.75 7.48301
    endloop
  endfacet
  facet normal 0 -1 0
    outer loop
      vertex 27.8463 15.75 6.43928
      vertex 22.5991 15.75 7.48301
      vertex 22.5359 15.75 7.23075
    endloop
  endfacet
  facet normal 0 -1 0
    outer loop
      vertex 22.6372 15.75 7.74026
      vertex 27.9615 15.75 7.21586
      vertex 28 15.75 8
    endloop
  endfacet
  facet normal 0 -1 0
    outer loop
      vertex 27.6555 15.75 5.67772
      vertex 22.5359 15.75 7.23075
      vertex 22.4483 15.75 6.98589
    endloop
  endfacet
  facet normal 0 -1 0
    outer loop
      vertex 27.391 15.75 4.93853
      vertex 22.4483 15.75 6.98589
      vertex 22.3371 15.75 6.7508
    endloop
  endfacet
  facet normal 0 -1 0
    outer loop
      vertex 27.391 15.75 4.93853
      vertex 22.3371 15.75 6.7508
      vertex 22.2034 15.75 6.52774
    endloop
  endfacet
  facet normal 0 -1 0
    outer loop
      vertex 22.5991 15.75 7.48301
      vertex 27.8463 15.75 6.43928
      vertex 27.9615 15.75 7.21586
    endloop
  endfacet
  facet normal 0 -1 0
    outer loop
      vertex 27.391 15.75 4.93853
      vertex 22.2034 15.75 6.52774
      vertex 22.0485 15.75 6.31886
    endloop
  endfacet
  facet normal 0 -1 0
    outer loop
      vertex 27.391 15.75 4.93853
      vertex 22.0485 15.75 6.31886
      vertex 21.8738 15.75 6.12617
    endloop
  endfacet
  facet normal 0 -1 0
    outer loop
      vertex 27.391 15.75 4.93853
      vertex 21.8738 15.75 6.12617
      vertex 21.6811 15.75 5.95152
    endloop
  endfacet
  facet normal 0 -1 0
    outer loop
      vertex 27.391 15.75 4.93853
      vertex 21.6811 15.75 5.95152
      vertex 21.4723 15.75 5.79661
    endloop
  endfacet
  facet normal 0 -1 0
    outer loop
      vertex 22.5359 15.75 7.23075
      vertex 27.6555 15.75 5.67772
      vertex 27.8463 15.75 6.43928
    endloop
  endfacet
  facet normal 0 -1 0
    outer loop
      vertex 27.391 15.75 4.93853
      vertex 21.4723 15.75 5.79661
      vertex 21.2492 15.75 5.66291
    endloop
  endfacet
  facet normal 0 -1 0
    outer loop
      vertex 27.391 15.75 4.93853
      vertex 21.2492 15.75 5.66291
      vertex 21.0141 15.75 5.55172
    endloop
  endfacet
  facet normal 0 -1 0
    outer loop
      vertex 27.391 15.75 4.93853
      vertex 21.0141 15.75 5.55172
      vertex 20.7693 15.75 5.46411
    endloop
  endfacet
  facet normal 0 -1 0
    outer loop
      vertex 27.391 15.75 4.93853
      vertex 20.7693 15.75 5.46411
      vertex 20.517 15.75 5.40092
    endloop
  endfacet
  facet normal 0 -1 0
    outer loop
      vertex 27.391 15.75 4.93853
      vertex 20.517 15.75 5.40092
      vertex 20.2597 15.75 5.36276
    endloop
  endfacet
  facet normal 0 -1 0
    outer loop
      vertex 27.391 15.75 4.93853
      vertex 20.2597 15.75 5.36276
      vertex 20 15.75 5.35
    endloop
  endfacet
  facet normal 0 -1 0
    outer loop
      vertex 22.4483 15.75 6.98589
      vertex 27.391 15.75 4.93853
      vertex 27.6555 15.75 5.67772
    endloop
  endfacet
  facet normal -0.43483 0.683502 -0.5863
    outer loop
      vertex 15.5554 15.75 1.34824
      vertex 14.9249 15.75 1.81592
      vertex 17.2221 18.95 3.84265
    endloop
  endfacet
  facet normal -0.729069 0.683502 0.0358174
    outer loop
      vertex 15.0241 18.95 8.49009
      vertex 12 15.75 8
      vertex 12.0385 15.75 8.78414
    endloop
  endfacet
  facet normal -0.687279 0.683502 0.245912
    outer loop
      vertex 15.2153 18.95 9.45142
      vertex 12.3445 15.75 10.3223
      vertex 12.609 15.75 11.0615
    endloop
  endfacet
  facet normal -0.312093 0.683502 0.659866
    outer loop
      vertex 17.643 18.95 12.4096
      vertex 16.2288 15.75 15.0554
      vertex 16.9385 15.75 15.391
    endloop
  endfacet
  facet normal -0.107106 0.683502 0.722048
    outer loop
      vertex 19.5099 18.95 12.9759
      vertex 18.4393 15.75 15.8463
      vertex 19.2159 15.75 15.9615
    endloop
  endfacet
  facet normal 0.245912 0.683502 0.687279
    outer loop
      vertex 23.0615 15.75 15.391
      vertex 21.4514 18.95 12.7847
      vertex 22.3223 15.75 15.6555
    endloop
  endfacet
  facet normal 0.177363 0.683502 0.708073
    outer loop
      vertex 22.3223 15.75 15.6555
      vertex 21.4514 18.95 12.7847
      vertex 21.5607 15.75 15.8463
    endloop
  endfacet
  facet normal 0.659865 0.683502 0.312093
    outer loop
      vertex 24.6194 18.95 9.91342
      vertex 24.4096 18.95 10.357
      vertex 27.391 15.75 11.0615
    endloop
  endfacet
  facet normal 0 1 0
    outer loop
      vertex 20 18.95 12.6188
      vertex 20 18.95 13
      vertex 20.4901 18.95 12.9759
    endloop
  endfacet
  facet normal 0 1 0
    outer loop
      vertex 20 18.95 12.6188
      vertex 20.4901 18.95 12.9759
      vertex 20.9755 18.95 12.9039
    endloop
  endfacet
  facet normal 0 1 0
    outer loop
      vertex 20 18.95 13
      vertex 20 18.95 12.6188
      vertex 19.5099 18.95 12.9759
    endloop
  endfacet
  facet normal 0 1 0
    outer loop
      vertex 20 18.95 12.6188
      vertex 20.9755 18.95 12.9039
      vertex 21.4514 18.95 12.7847
    endloop
  endfacet
  facet normal 0 1 0
    outer loop
      vertex 19.5099 18.95 12.9759
      vertex 20 18.95 12.6188
      vertex 19.0245 18.95 12.9039
    endloop
  endfacet
  facet normal 0 1 0
    outer loop
      vertex 20 18.95 12.6188
      vertex 21.4514 18.95 12.7847
      vertex 21.9134 18.95 12.6194
    endloop
  endfacet
  facet normal 0 1 0
    outer loop
      vertex 19.0245 18.95 12.9039
      vertex 20 18.95 12.6188
      vertex 18.5486 18.95 12.7847
    endloop
  endfacet
  facet normal 0 1 0
    outer loop
      vertex 18.5486 18.95 12.7847
      vertex 20 18.95 12.6188
      vertex 18.0866 18.95 12.6194
    endloop
  endfacet
  facet normal 0 1 0
    outer loop
      vertex 22.357 18.95 12.4096
      vertex 20 18.95 12.6188
      vertex 21.9134 18.95 12.6194
    endloop
  endfacet
  facet normal 0 1 0
    outer loop
      vertex 24 18.95 10.3094
      vertex 22.357 18.95 12.4096
      vertex 22.7779 18.95 12.1573
    endloop
  endfacet
  facet normal 0 1 0
    outer loop
      vertex 24 18.95 10.3094
      vertex 22.7779 18.95 12.1573
      vertex 23.172 18.95 11.8651
    endloop
  endfacet
  facet normal 0 1 0
    outer loop
      vertex 24 18.95 10.3094
      vertex 23.172 18.95 11.8651
      vertex 23.5355 18.95 11.5355
    endloop
  endfacet
  facet normal 0 1 0
    outer loop
      vertex 24 18.95 10.3094
      vertex 23.5355 18.95 11.5355
      vertex 23.8651 18.95 11.172
    endloop
  endfacet
  facet normal 0 1 -0
    outer loop
      vertex 24 18.95 10.3094
      vertex 23.8651 18.95 11.172
      vertex 24.1573 18.95 10.7779
    endloop
  endfacet
  facet normal 0 1 0
    outer loop
      vertex 24 18.95 10.3094
      vertex 24.1573 18.95 10.7779
      vertex 24.4096 18.95 10.357
    endloop
  endfacet
  facet normal 0 1 0
    outer loop
      vertex 22.357 18.95 12.4096
      vertex 24 18.95 10.3094
      vertex 20 18.95 12.6188
    endloop
  endfacet
  facet normal 0 1 0
    outer loop
      vertex 24.6194 18.95 9.91342
      vertex 24 18.95 10.3094
      vertex 24.4096 18.95 10.357
    endloop
  endfacet
  facet normal 0 1 0
    outer loop
      vertex 24.7847 18.95 9.45142
      vertex 24 18.95 10.3094
      vertex 24.6194 18.95 9.91342
    endloop
  endfacet
  facet normal 0 1 0
    outer loop
      vertex 24.9039 18.95 8.97545
      vertex 24 18.95 10.3094
      vertex 24.7847 18.95 9.45142
    endloop
  endfacet
  facet normal 0 1 0
    outer loop
      vertex 24.9759 18.95 8.49009
      vertex 24 18.95 10.3094
      vertex 24.9039 18.95 8.97545
    endloop
  endfacet
  facet normal 0 1 0
    outer loop
      vertex 25 18.95 8
      vertex 24 18.95 10.3094
      vertex 24.9759 18.95 8.49009
    endloop
  endfacet
  facet normal 0 1 0
    outer loop
      vertex 24 18.95 5.6906
      vertex 25 18.95 8
      vertex 24.9759 18.95 7.50991
    endloop
  endfacet
  facet normal 0 1 0
    outer loop
      vertex 24 18.95 5.6906
      vertex 24.9759 18.95 7.50991
      vertex 24.9039 18.95 7.02455
    endloop
  endfacet
  facet normal 0 1 0
    outer loop
      vertex 24 18.95 5.6906
      vertex 24.9039 18.95 7.02455
      vertex 24.7847 18.95 6.54858
    endloop
  endfacet
  facet normal 0 1 0
    outer loop
      vertex 24 18.95 5.6906
      vertex 24.7847 18.95 6.54858
      vertex 24.6194 18.95 6.08658
    endloop
  endfacet
  facet normal 0 1 0
    outer loop
      vertex 25 18.95 8
      vertex 24 18.95 5.6906
      vertex 24 18.95 10.3094
    endloop
  endfacet
  facet normal 0 1 -0
    outer loop
      vertex 24.4096 18.95 5.64302
      vertex 24 18.95 5.6906
      vertex 24.6194 18.95 6.08658
    endloop
  endfacet
  facet normal 0 1 -0
    outer loop
      vertex 24.1573 18.95 5.22215
      vertex 24 18.95 5.6906
      vertex 24.4096 18.95 5.64302
    endloop
  endfacet
  facet normal 0 1 0
    outer loop
      vertex 23.8651 18.95 4.82803
      vertex 24 18.95 5.6906
      vertex 24.1573 18.95 5.22215
    endloop
  endfacet
  facet normal 0 1 0
    outer loop
      vertex 23.5355 18.95 4.46447
      vertex 24 18.95 5.6906
      vertex 23.8651 18.95 4.82803
    endloop
  endfacet
  facet normal 0 1 0
    outer loop
      vertex 23.172 18.95 4.13495
      vertex 24 18.95 5.6906
      vertex 23.5355 18.95 4.46447
    endloop
  endfacet
  facet normal 0 1 0
    outer loop
      vertex 22.7779 18.95 3.84265
      vertex 24 18.95 5.6906
      vertex 23.172 18.95 4.13495
    endloop
  endfacet
  facet normal 0 1 0
    outer loop
      vertex 22.357 18.95 3.59039
      vertex 24 18.95 5.6906
      vertex 22.7779 18.95 3.84265
    endloop
  endfacet
  facet normal 0 1 -0
    outer loop
      vertex 22.357 18.95 3.59039
      vertex 20 18.95 3.3812
      vertex 24 18.95 5.6906
    endloop
  endfacet
  facet normal -0 1 0
    outer loop
      vertex 20 18.95 3.3812
      vertex 22.357 18.95 3.59039
      vertex 21.9134 18.95 3.3806
    endloop
  endfacet
  facet normal 0 1 0
    outer loop
      vertex 20 18.95 12.6188
      vertex 17.643 18.95 12.4096
      vertex 18.0866 18.95 12.6194
    endloop
  endfacet
  facet normal 0 1 0
    outer loop
      vertex 16 18.95 10.3094
      vertex 17.643 18.95 12.4096
      vertex 20 18.95 12.6188
    endloop
  endfacet
  facet normal 0 1 0
    outer loop
      vertex 17.643 18.95 12.4096
      vertex 16 18.95 10.3094
      vertex 17.2221 18.95 12.1573
    endloop
  endfacet
  facet normal 0 1 0
    outer loop
      vertex 17.2221 18.95 12.1573
      vertex 16 18.95 10.3094
      vertex 16.828 18.95 11.8651
    endloop
  endfacet
  facet normal 0 1 0
    outer loop
      vertex 16.828 18.95 11.8651
      vertex 16 18.95 10.3094
      vertex 16.4645 18.95 11.5355
    endloop
  endfacet
  facet normal 0 1 0
    outer loop
      vertex 16.4645 18.95 11.5355
      vertex 16 18.95 10.3094
      vertex 16.1349 18.95 11.172
    endloop
  endfacet
  facet normal 0 1 0
    outer loop
      vertex 16.1349 18.95 11.172
      vertex 16 18.95 10.3094
      vertex 15.8427 18.95 10.7779
    endloop
  endfacet
  facet normal 0 1 0
    outer loop
      vertex 15.8427 18.95 10.7779
      vertex 16 18.95 10.3094
      vertex 15.5904 18.95 10.357
    endloop
  endfacet
  facet normal 0 1 0
    outer loop
      vertex 16 18.95 10.3094
      vertex 15.3806 18.95 9.91342
      vertex 15.5904 18.95 10.357
    endloop
  endfacet
  facet normal 0 1 0
    outer loop
      vertex 16 18.95 10.3094
      vertex 15.2153 18.95 9.45142
      vertex 15.3806 18.95 9.91342
    endloop
  endfacet
  facet normal 0 1 0
    outer loop
      vertex 16 18.95 10.3094
      vertex 15.0961 18.95 8.97545
      vertex 15.2153 18.95 9.45142
    endloop
  endfacet
  facet normal 0 1 0
    outer loop
      vertex 16 18.95 10.3094
      vertex 15.0241 18.95 8.49009
      vertex 15.0961 18.95 8.97545
    endloop
  endfacet
  facet normal 0 1 0
    outer loop
      vertex 16 18.95 10.3094
      vertex 15 18.95 8
      vertex 15.0241 18.95 8.49009
    endloop
  endfacet
  facet normal 0 1 -0
    outer loop
      vertex 16 18.95 5.6906
      vertex 15 18.95 8
      vertex 16 18.95 10.3094
    endloop
  endfacet
  facet normal 0 1 0
    outer loop
      vertex 15 18.95 8
      vertex 16 18.95 5.6906
      vertex 15.0241 18.95 7.50991
    endloop
  endfacet
  facet normal 0 1 0
    outer loop
      vertex 15.0241 18.95 7.50991
      vertex 16 18.95 5.6906
      vertex 15.0961 18.95 7.02455
    endloop
  endfacet
  facet normal 0 1 0
    outer loop
      vertex 15.0961 18.95 7.02455
      vertex 16 18.95 5.6906
      vertex 15.2153 18.95 6.54858
    endloop
  endfacet
  facet normal 0 1 0
    outer loop
      vertex 15.2153 18.95 6.54858
      vertex 16 18.95 5.6906
      vertex 15.3806 18.95 6.08658
    endloop
  endfacet
  facet normal 0 1 0
    outer loop
      vertex 16 18.95 5.6906
      vertex 15.5904 18.95 5.64302
      vertex 15.3806 18.95 6.08658
    endloop
  endfacet
  facet normal 0 1 0
    outer loop
      vertex 16 18.95 5.6906
      vertex 15.8427 18.95 5.22215
      vertex 15.5904 18.95 5.64302
    endloop
  endfacet
  facet normal 0 1 0
    outer loop
      vertex 16 18.95 5.6906
      vertex 16.1349 18.95 4.82803
      vertex 15.8427 18.95 5.22215
    endloop
  endfacet
  facet normal 0 1 0
    outer loop
      vertex 16 18.95 5.6906
      vertex 16.4645 18.95 4.46447
      vertex 16.1349 18.95 4.82803
    endloop
  endfacet
  facet normal 0 1 0
    outer loop
      vertex 16 18.95 5.6906
      vertex 16.828 18.95 4.13495
      vertex 16.4645 18.95 4.46447
    endloop
  endfacet
  facet normal 0 1 0
    outer loop
      vertex 16 18.95 5.6906
      vertex 17.2221 18.95 3.84265
      vertex 16.828 18.95 4.13495
    endloop
  endfacet
  facet normal 0 1 0
    outer loop
      vertex 16 18.95 5.6906
      vertex 17.643 18.95 3.59039
      vertex 17.2221 18.95 3.84265
    endloop
  endfacet
  facet normal 0 1 0
    outer loop
      vertex 20 18.95 3.3812
      vertex 17.643 18.95 3.59039
      vertex 16 18.95 5.6906
    endloop
  endfacet
  facet normal 0 1 0
    outer loop
      vertex 20 18.95 3.3812
      vertex 18.0866 18.95 3.3806
      vertex 17.643 18.95 3.59039
    endloop
  endfacet
  facet normal 0 1 -0
    outer loop
      vertex 21.4514 18.95 3.2153
      vertex 20 18.95 3.3812
      vertex 21.9134 18.95 3.3806
    endloop
  endfacet
  facet normal 0 1 -0
    outer loop
      vertex 20.9755 18.95 3.09607
      vertex 20 18.95 3.3812
      vertex 21.4514 18.95 3.2153
    endloop
  endfacet
  facet normal 0 1 0
    outer loop
      vertex 20 18.95 3.3812
      vertex 18.5486 18.95 3.2153
      vertex 18.0866 18.95 3.3806
    endloop
  endfacet
  facet normal 0 1 -0
    outer loop
      vertex 20.4901 18.95 3.02408
      vertex 20 18.95 3.3812
      vertex 20.9755 18.95 3.09607
    endloop
  endfacet
  facet normal 0 1 0
    outer loop
      vertex 20 18.95 3.3812
      vertex 19.0245 18.95 3.09607
      vertex 18.5486 18.95 3.2153
    endloop
  endfacet
  facet normal 0 1 0
    outer loop
      vertex 20 18.95 3
      vertex 20 18.95 3.3812
      vertex 20.4901 18.95 3.02408
    endloop
  endfacet
  facet normal 0 1 0
    outer loop
      vertex 20 18.95 3.3812
      vertex 19.5099 18.95 3.02408
      vertex 19.0245 18.95 3.09607
    endloop
  endfacet
  facet normal 0 1 0
    outer loop
      vertex 20 18.95 3.3812
      vertex 20 18.95 3
      vertex 19.5099 18.95 3.02408
    endloop
  endfacet
  facet normal 0.107106 0.683502 -0.722048
    outer loop
      vertex 21.5607 15.75 0.153718
      vertex 20.4901 18.95 3.02408
      vertex 20.9755 18.95 3.09607
    endloop
  endfacet
  facet normal 0.659866 0.683502 -0.312093
    outer loop
      vertex 27.391 15.75 4.93853
      vertex 24.4096 18.95 5.64302
      vertex 24.6194 18.95 6.08658
    endloop
  endfacet
  facet normal 0.540857 0.683502 -0.490202
    outer loop
      vertex 26.1841 15.75 2.92485
      vertex 23.5355 18.95 4.46447
      vertex 23.8651 18.95 4.82803
    endloop
  endfacet
  facet normal 0.43483 0.683502 -0.5863
    outer loop
      vertex 24.4446 15.75 1.34824
      vertex 22.7779 18.95 3.84265
      vertex 25.0751 15.75 1.81592
    endloop
  endfacet
  facet normal -0.245912 0.683502 -0.687279
    outer loop
      vertex 18.5486 18.95 3.2153
      vertex 16.9385 15.75 0.608964
      vertex 18.0866 18.95 3.3806
    endloop
  endfacet
  facet normal -0.107106 0.683502 -0.722048
    outer loop
      vertex 19.5099 18.95 3.02408
      vertex 18.4393 15.75 0.153718
      vertex 19.0245 18.95 3.09607
    endloop
  endfacet
  facet normal -0.659866 0.683502 -0.312093
    outer loop
      vertex 12.609 15.75 4.93853
      vertex 15.3806 18.95 6.08658
      vertex 15.5904 18.95 5.64302
    endloop
  endfacet
  facet normal -0.375269 0.683502 -0.626098
    outer loop
      vertex 17.2221 18.95 3.84265
      vertex 16 15.75 1.08178
      vertex 15.5554 15.75 1.34824
    endloop
  endfacet
  facet normal -0.375269 0.683502 -0.626098
    outer loop
      vertex 16 15.75 1.08178
      vertex 17.2221 18.95 3.84265
      vertex 16.2288 15.75 0.944631
    endloop
  endfacet
  facet normal -0.722048 0.683502 0.107105
    outer loop
      vertex 15.0241 18.95 8.49009
      vertex 12.0385 15.75 8.78414
      vertex 12.1537 15.75 9.56072
    endloop
  endfacet
  facet normal -0.722048 0.683502 0.107106
    outer loop
      vertex 15.0241 18.95 8.49009
      vertex 12.1537 15.75 9.56072
      vertex 15.0961 18.95 8.97545
    endloop
  endfacet
  facet normal -0.540856 0.683502 0.490203
    outer loop
      vertex 16.4645 18.95 11.5355
      vertex 13.8159 15.75 13.0751
      vertex 14.3431 15.75 13.6569
    endloop
  endfacet
  facet normal -0.5863 0.683502 0.43483
    outer loop
      vertex 15.8427 18.95 10.7779
      vertex 13.3482 15.75 12.4446
      vertex 13.8159 15.75 13.0751
    endloop
  endfacet
  facet normal -0.659866 0.683502 0.312093
    outer loop
      vertex 15.3806 18.95 9.91342
      vertex 12.609 15.75 11.0615
      vertex 15.5904 18.95 10.357
    endloop
  endfacet
  facet normal -0.434829 0.683502 0.586301
    outer loop
      vertex 16.828 18.95 11.8651
      vertex 14.9249 15.75 14.1841
      vertex 17.2221 18.95 12.1573
    endloop
  endfacet
  facet normal -0.490204 0.683502 0.540856
    outer loop
      vertex 16.4645 18.95 11.5355
      vertex 14.9249 15.75 14.1841
      vertex 16.828 18.95 11.8651
    endloop
  endfacet
  facet normal -0.43483 0.683502 0.5863
    outer loop
      vertex 17.2221 18.95 12.1573
      vertex 14.9249 15.75 14.1841
      vertex 15.5554 15.75 14.6518
    endloop
  endfacet
  facet normal -0.312094 0.683502 0.659865
    outer loop
      vertex 17.643 18.95 12.4096
      vertex 16.9385 15.75 15.391
      vertex 18.0866 18.95 12.6194
    endloop
  endfacet
  facet normal -0.245912 0.683502 0.687279
    outer loop
      vertex 18.5486 18.95 12.7847
      vertex 16.9385 15.75 15.391
      vertex 17.6777 15.75 15.6555
    endloop
  endfacet
  facet normal -0.177363 0.683502 0.708073
    outer loop
      vertex 18.5486 18.95 12.7847
      vertex 18.4393 15.75 15.8463
      vertex 19.0245 18.95 12.9039
    endloop
  endfacet
  facet normal -0.0358173 0.683502 0.729069
    outer loop
      vertex 19.5099 18.95 12.9759
      vertex 19.2159 15.75 15.9615
      vertex 20 15.75 16
    endloop
  endfacet
  facet normal -0.035817 0.683502 0.729069
    outer loop
      vertex 20 18.95 13
      vertex 19.5099 18.95 12.9759
      vertex 20 15.75 16
    endloop
  endfacet
  facet normal 0.312094 0.683502 0.659865
    outer loop
      vertex 22.357 18.95 12.4096
      vertex 21.9134 18.95 12.6194
      vertex 23.0615 15.75 15.391
    endloop
  endfacet
  facet normal 0.375269 0.683502 0.626098
    outer loop
      vertex 24.4446 15.75 14.6518
      vertex 22.7779 18.95 12.1573
      vertex 23.7712 15.75 15.0554
    endloop
  endfacet
  facet normal 0.43483 0.683502 0.5863
    outer loop
      vertex 25.0751 15.75 14.1841
      vertex 22.7779 18.95 12.1573
      vertex 24.4446 15.75 14.6518
    endloop
  endfacet
  facet normal 0.375268 0.683502 0.626098
    outer loop
      vertex 22.7779 18.95 12.1573
      vertex 22.357 18.95 12.4096
      vertex 23.7712 15.75 15.0554
    endloop
  endfacet
  facet normal 0.312093 0.683502 0.659866
    outer loop
      vertex 23.7712 15.75 15.0554
      vertex 22.357 18.95 12.4096
      vertex 23.0615 15.75 15.391
    endloop
  endfacet
  facet normal 0.687278 0.683502 0.245912
    outer loop
      vertex 24.7847 18.95 9.45142
      vertex 24.6194 18.95 9.91342
      vertex 27.391 15.75 11.0615
    endloop
  endfacet
  facet normal 0.687279 0.683502 0.245911
    outer loop
      vertex 27.6555 15.75 10.3223
      vertex 24.7847 18.95 9.45142
      vertex 27.391 15.75 11.0615
    endloop
  endfacet
  facet normal 0.5863 0.683502 0.43483
    outer loop
      vertex 26.6518 15.75 12.4446
      vertex 24.1573 18.95 10.7779
      vertex 26.1841 15.75 13.0751
    endloop
  endfacet
  facet normal 0.107105 0.683502 -0.722048
    outer loop
      vertex 20.7841 15.75 0.0385227
      vertex 20.4901 18.95 3.02408
      vertex 21.5607 15.75 0.153718
    endloop
  endfacet
  facet normal 0.0358174 0.683502 -0.729069
    outer loop
      vertex 20.7841 15.75 0.0385227
      vertex 20 15.75 0
      vertex 20.4901 18.95 3.02408
    endloop
  endfacet
  facet normal 0.177363 0.683502 -0.708073
    outer loop
      vertex 21.5607 15.75 0.153718
      vertex 21.4514 18.95 3.2153
      vertex 22.3223 15.75 0.344478
    endloop
  endfacet
  facet normal 0.245912 0.683502 -0.687279
    outer loop
      vertex 22.3223 15.75 0.344478
      vertex 21.4514 18.95 3.2153
      vertex 23.0615 15.75 0.608964
    endloop
  endfacet
  facet normal 0.626098 0.683502 -0.375268
    outer loop
      vertex 26.6518 15.75 3.55544
      vertex 24.1573 18.95 5.22215
      vertex 27.0554 15.75 4.22883
    endloop
  endfacet
  facet normal 0.729069 0.683502 -0.035817
    outer loop
      vertex 28 15.75 8
      vertex 24.9759 18.95 7.50991
      vertex 25 18.95 8
    endloop
  endfacet
  facet normal 0.375269 0.683502 -0.626098
    outer loop
      vertex 23.7712 15.75 0.944631
      vertex 22.7779 18.95 3.84265
      vertex 24.4446 15.75 1.34824
    endloop
  endfacet
  facet normal 0.490204 0.683502 -0.540856
    outer loop
      vertex 25.0751 15.75 1.81592
      vertex 23.5355 18.95 4.46447
      vertex 25.6569 15.75 2.34315
    endloop
  endfacet
  facet normal -0.687279 0.683502 -0.245912
    outer loop
      vertex 12.609 15.75 4.93853
      vertex 15.2153 18.95 6.54858
      vertex 15.3806 18.95 6.08658
    endloop
  endfacet
  facet normal -0.687279 0.683502 -0.245912
    outer loop
      vertex 12.609 15.75 4.93853
      vertex 12.3445 15.75 5.67772
      vertex 15.2153 18.95 6.54858
    endloop
  endfacet
  facet normal -0.5863 0.683502 -0.43483
    outer loop
      vertex 13.8159 15.75 2.92485
      vertex 13.3482 15.75 3.55544
      vertex 15.8427 18.95 5.22215
    endloop
  endfacet
  facet normal -0.035817 0.683502 -0.729069
    outer loop
      vertex 20 15.75 0
      vertex 19.5099 18.95 3.02408
      vertex 20 18.95 3
    endloop
  endfacet
  facet normal -0.177363 0.683502 -0.708073
    outer loop
      vertex 19.0245 18.95 3.09607
      vertex 18.4393 15.75 0.153718
      vertex 18.5486 18.95 3.2153
    endloop
  endfacet
  facet normal -0.312094 0.683502 -0.659865
    outer loop
      vertex 16.9385 15.75 0.608964
      vertex 16.2288 15.75 0.944631
      vertex 17.643 18.95 3.59039
    endloop
  endfacet
  facet normal -0.375268 0.683502 -0.626098
    outer loop
      vertex 17.643 18.95 3.59039
      vertex 16.2288 15.75 0.944631
      vertex 17.2221 18.95 3.84265
    endloop
  endfacet
  facet normal -0.434829 0.683502 -0.586301
    outer loop
      vertex 14.9249 15.75 1.81592
      vertex 16.828 18.95 4.13495
      vertex 17.2221 18.95 3.84265
    endloop
  endfacet
  facet normal -0.490204 0.683502 -0.540856
    outer loop
      vertex 14.9249 15.75 1.81592
      vertex 16.4645 18.95 4.46447
      vertex 16.828 18.95 4.13495
    endloop
  endfacet
  facet normal -0.540856 0.683502 0.490204
    outer loop
      vertex 16.1349 18.95 11.172
      vertex 13.8159 15.75 13.0751
      vertex 16.4645 18.95 11.5355
    endloop
  endfacet
  facet normal -0.626098 0.683502 0.375269
    outer loop
      vertex 15.8427 18.95 10.7779
      vertex 12.9446 15.75 11.7712
      vertex 13.3482 15.75 12.4446
    endloop
  endfacet
  facet normal -0.729069 0.683502 0.035817
    outer loop
      vertex 15 18.95 8
      vertex 12 15.75 8
      vertex 15.0241 18.95 8.49009
    endloop
  endfacet
  facet normal -0.708073 0.683502 0.177363
    outer loop
      vertex 15.2153 18.95 9.45142
      vertex 12.1537 15.75 9.56072
      vertex 12.3445 15.75 10.3223
    endloop
  endfacet
  facet normal -0.687279 0.683502 0.245912
    outer loop
      vertex 15.2153 18.95 9.45142
      vertex 12.609 15.75 11.0615
      vertex 15.3806 18.95 9.91342
    endloop
  endfacet
  facet normal -0.375268 0.683502 0.626098
    outer loop
      vertex 16 15.75 14.9182
      vertex 17.2221 18.95 12.1573
      vertex 15.5554 15.75 14.6518
    endloop
  endfacet
  facet normal -0.375269 0.683502 0.626097
    outer loop
      vertex 17.2221 18.95 12.1573
      vertex 16 15.75 14.9182
      vertex 16.2288 15.75 15.0554
    endloop
  endfacet
  facet normal -0.245912 0.683502 0.687279
    outer loop
      vertex 18.0866 18.95 12.6194
      vertex 16.9385 15.75 15.391
      vertex 18.5486 18.95 12.7847
    endloop
  endfacet
  facet normal 0.177363 0.683502 0.708073
    outer loop
      vertex 21.4514 18.95 12.7847
      vertex 20.9755 18.95 12.9039
      vertex 21.5607 15.75 15.8463
    endloop
  endfacet
  facet normal 0.245912 0.683502 0.687279
    outer loop
      vertex 21.9134 18.95 12.6194
      vertex 21.4514 18.95 12.7847
      vertex 23.0615 15.75 15.391
    endloop
  endfacet
  facet normal 0.434829 0.683502 0.586301
    outer loop
      vertex 23.172 18.95 11.8651
      vertex 22.7779 18.95 12.1573
      vertex 25.0751 15.75 14.1841
    endloop
  endfacet
  facet normal 0.490204 0.683502 0.540856
    outer loop
      vertex 23.5355 18.95 11.5355
      vertex 23.172 18.95 11.8651
      vertex 25.0751 15.75 14.1841
    endloop
  endfacet
  facet normal 0.722048 0.683502 0.107105
    outer loop
      vertex 27.9615 15.75 8.78414
      vertex 24.9759 18.95 8.49009
      vertex 27.8463 15.75 9.56072
    endloop
  endfacet
  facet normal 0.729069 0.683502 0.0358174
    outer loop
      vertex 28 15.75 8
      vertex 24.9759 18.95 8.49009
      vertex 27.9615 15.75 8.78414
    endloop
  endfacet
  facet normal 0.5863 0.683502 0.43483
    outer loop
      vertex 24.1573 18.95 10.7779
      vertex 23.8651 18.95 11.172
      vertex 26.1841 15.75 13.0751
    endloop
  endfacet
  facet normal 0.659865 0.683502 0.312094
    outer loop
      vertex 27.391 15.75 11.0615
      vertex 24.4096 18.95 10.357
      vertex 27.0554 15.75 11.7712
    endloop
  endfacet
  facet normal 0.540857 0.683502 0.490202
    outer loop
      vertex 23.8651 18.95 11.172
      vertex 23.5355 18.95 11.5355
      vertex 26.1841 15.75 13.0751
    endloop
  endfacet
  facet normal 0.540856 0.683502 0.490204
    outer loop
      vertex 26.1841 15.75 13.0751
      vertex 23.5355 18.95 11.5355
      vertex 25.6569 15.75 13.6569
    endloop
  endfacet
  facet normal 0.177363 0.683502 -0.708073
    outer loop
      vertex 21.5607 15.75 0.153718
      vertex 20.9755 18.95 3.09607
      vertex 21.4514 18.95 3.2153
    endloop
  endfacet
  facet normal 0.5863 0.683502 -0.43483
    outer loop
      vertex 26.1841 15.75 2.92485
      vertex 24.1573 18.95 5.22215
      vertex 26.6518 15.75 3.55544
    endloop
  endfacet
  facet normal 0.5863 0.683502 -0.43483
    outer loop
      vertex 26.1841 15.75 2.92485
      vertex 23.8651 18.95 4.82803
      vertex 24.1573 18.95 5.22215
    endloop
  endfacet
  facet normal 0.708073 0.683502 -0.177363
    outer loop
      vertex 27.6555 15.75 5.67772
      vertex 24.7847 18.95 6.54858
      vertex 27.8463 15.75 6.43928
    endloop
  endfacet
  facet normal 0.687279 0.683502 -0.245912
    outer loop
      vertex 27.391 15.75 4.93853
      vertex 24.7847 18.95 6.54858
      vertex 27.6555 15.75 5.67772
    endloop
  endfacet
  facet normal 0.722048 0.683502 -0.107106
    outer loop
      vertex 27.8463 15.75 6.43928
      vertex 24.9759 18.95 7.50991
      vertex 27.9615 15.75 7.21586
    endloop
  endfacet
  facet normal 0.729069 0.683502 -0.0358174
    outer loop
      vertex 27.9615 15.75 7.21586
      vertex 24.9759 18.95 7.50991
      vertex 28 15.75 8
    endloop
  endfacet
  facet normal 0.375268 0.683502 -0.626098
    outer loop
      vertex 23.7712 15.75 0.944631
      vertex 22.357 18.95 3.59039
      vertex 22.7779 18.95 3.84265
    endloop
  endfacet
  facet normal 0.312093 0.683502 -0.659866
    outer loop
      vertex 23.0615 15.75 0.608964
      vertex 22.357 18.95 3.59039
      vertex 23.7712 15.75 0.944631
    endloop
  endfacet
  facet normal 0.490202 0.683502 -0.540857
    outer loop
      vertex 25.0751 15.75 1.81592
      vertex 23.172 18.95 4.13495
      vertex 23.5355 18.95 4.46447
    endloop
  endfacet
  facet normal 0.434831 0.683502 -0.586299
    outer loop
      vertex 25.0751 15.75 1.81592
      vertex 22.7779 18.95 3.84265
      vertex 23.172 18.95 4.13495
    endloop
  endfacet
  facet normal -0.722048 0.683502 -0.107105
    outer loop
      vertex 12.1537 15.75 6.43928
      vertex 12.0385 15.75 7.21586
      vertex 15.0241 18.95 7.50991
    endloop
  endfacet
  facet normal -0.729069 0.683502 -0.0358174
    outer loop
      vertex 12.0385 15.75 7.21586
      vertex 12 15.75 8
      vertex 15.0241 18.95 7.50991
    endloop
  endfacet
  facet normal -0.586301 0.683502 -0.434829
    outer loop
      vertex 13.8159 15.75 2.92485
      vertex 15.8427 18.95 5.22215
      vertex 16.1349 18.95 4.82803
    endloop
  endfacet
  facet normal -0.659865 0.683502 -0.312094
    outer loop
      vertex 12.9446 15.75 4.22883
      vertex 12.609 15.75 4.93853
      vertex 15.5904 18.95 5.64302
    endloop
  endfacet
  facet normal -0.540856 0.683502 -0.490204
    outer loop
      vertex 13.8159 15.75 2.92485
      vertex 16.1349 18.95 4.82803
      vertex 16.4645 18.95 4.46447
    endloop
  endfacet
  facet normal -0.540856 0.683502 -0.490203
    outer loop
      vertex 14.3431 15.75 2.34315
      vertex 13.8159 15.75 2.92485
      vertex 16.4645 18.95 4.46447
    endloop
  endfacet
  facet normal -0.177363 0.683502 -0.708073
    outer loop
      vertex 18.4393 15.75 0.153718
      vertex 17.6777 15.75 0.344478
      vertex 18.5486 18.95 3.2153
    endloop
  endfacet
  facet normal -0.245912 0.683502 -0.687279
    outer loop
      vertex 17.6777 15.75 0.344478
      vertex 16.9385 15.75 0.608964
      vertex 18.5486 18.95 3.2153
    endloop
  endfacet
  facet normal -0.312094 0.683502 -0.659865
    outer loop
      vertex 18.0866 18.95 3.3806
      vertex 16.9385 15.75 0.608964
      vertex 17.643 18.95 3.59039
    endloop
  endfacet
  facet normal -0.586301 0.683502 0.434829
    outer loop
      vertex 15.8427 18.95 10.7779
      vertex 13.8159 15.75 13.0751
      vertex 16.1349 18.95 11.172
    endloop
  endfacet
  facet normal -0.626098 0.683502 0.375268
    outer loop
      vertex 15.5904 18.95 10.357
      vertex 12.9446 15.75 11.7712
      vertex 15.8427 18.95 10.7779
    endloop
  endfacet
  facet normal -0.659865 0.683502 0.312094
    outer loop
      vertex 15.5904 18.95 10.357
      vertex 12.609 15.75 11.0615
      vertex 12.9446 15.75 11.7712
    endloop
  endfacet
  facet normal -0.708073 0.683502 0.177363
    outer loop
      vertex 15.0961 18.95 8.97545
      vertex 12.1537 15.75 9.56072
      vertex 15.2153 18.95 9.45142
    endloop
  endfacet
  facet normal -0.375268 0.683502 0.626098
    outer loop
      vertex 17.2221 18.95 12.1573
      vertex 16.2288 15.75 15.0554
      vertex 17.643 18.95 12.4096
    endloop
  endfacet
  facet normal -0.107106 0.683502 0.722048
    outer loop
      vertex 19.0245 18.95 12.9039
      vertex 18.4393 15.75 15.8463
      vertex 19.5099 18.95 12.9759
    endloop
  endfacet
  facet normal 0.708072 0.683502 0.177365
    outer loop
      vertex 27.8463 15.75 9.56072
      vertex 24.7847 18.95 9.45142
      vertex 27.6555 15.75 10.3223
    endloop
  endfacet
  facet normal 0.626097 0.683502 0.375269
    outer loop
      vertex 27.0554 15.75 11.7712
      vertex 24.1573 18.95 10.7779
      vertex 26.6518 15.75 12.4446
    endloop
  endfacet
  facet normal 0.626098 0.683502 0.375268
    outer loop
      vertex 24.4096 18.95 10.357
      vertex 24.1573 18.95 10.7779
      vertex 27.0554 15.75 11.7712
    endloop
  endfacet
  facet normal 0.659865 0.683502 -0.312094
    outer loop
      vertex 27.0554 15.75 4.22883
      vertex 24.4096 18.95 5.64302
      vertex 27.391 15.75 4.93853
    endloop
  endfacet
  facet normal 0.626098 0.683502 -0.375268
    outer loop
      vertex 27.0554 15.75 4.22883
      vertex 24.1573 18.95 5.22215
      vertex 24.4096 18.95 5.64302
    endloop
  endfacet
  facet normal 0.722047 0.683502 -0.107108
    outer loop
      vertex 27.8463 15.75 6.43928
      vertex 24.9039 18.95 7.02455
      vertex 24.9759 18.95 7.50991
    endloop
  endfacet
  facet normal 0.708073 0.683502 -0.177363
    outer loop
      vertex 27.8463 15.75 6.43928
      vertex 24.7847 18.95 6.54858
      vertex 24.9039 18.95 7.02455
    endloop
  endfacet
  facet normal -0.708073 0.683502 -0.177363
    outer loop
      vertex 12.3445 15.75 5.67772
      vertex 12.1537 15.75 6.43928
      vertex 15.2153 18.95 6.54858
    endloop
  endfacet
  facet normal -0.626098 0.683502 -0.375269
    outer loop
      vertex 13.3482 15.75 3.55544
      vertex 12.9446 15.75 4.22883
      vertex 15.8427 18.95 5.22215
    endloop
  endfacet
  facet normal -0.626098 0.683502 -0.375268
    outer loop
      vertex 12.9446 15.75 4.22883
      vertex 15.5904 18.95 5.64302
      vertex 15.8427 18.95 5.22215
    endloop
  endfacet
  facet normal 0.708073 0.683502 0.177363
    outer loop
      vertex 24.9039 18.95 8.97545
      vertex 24.7847 18.95 9.45142
      vertex 27.8463 15.75 9.56072
    endloop
  endfacet
  facet normal 0.722047 0.683503 0.107108
    outer loop
      vertex 24.9759 18.95 8.49009
      vertex 24.9039 18.95 8.97545
      vertex 27.8463 15.75 9.56072
    endloop
  endfacet
  facet normal -0.708073 0.683502 -0.177363
    outer loop
      vertex 12.1537 15.75 6.43928
      vertex 15.0961 18.95 7.02455
      vertex 15.2153 18.95 6.54858
    endloop
  endfacet
  facet normal -0.722048 0.683502 -0.107106
    outer loop
      vertex 12.1537 15.75 6.43928
      vertex 15.0241 18.95 7.50991
      vertex 15.0961 18.95 7.02455
    endloop
  endfacet
  facet normal -0.514104 0 -0.857728
    outer loop
      vertex 21.2492 15.75 10.3371
      vertex 21.4723 16.75 10.2034
      vertex 21.4723 15.75 10.2034
    endloop
  endfacet
  facet normal -0.514104 0 -0.857728
    outer loop
      vertex 21.4723 16.75 10.2034
      vertex 21.2492 15.75 10.3371
      vertex 21.2492 16.75 10.3371
    endloop
  endfacet
  facet normal -0.941545 -1.79585e-06 -0.336887
    outer loop
      vertex 22.5359 15.75 8.76925
      vertex 22.4483 16.75 9.01411
      vertex 22.5359 16.75 8.76925
    endloop
  endfacet
  facet normal -0.941543 -0 -0.336893
    outer loop
      vertex 22.4483 16.75 9.01411
      vertex 22.5359 15.75 8.76925
      vertex 22.4483 15.75 9.01411
    endloop
  endfacet
  facet normal -0.941545 0 0.336887
    outer loop
      vertex 22.4483 15.75 6.98589
      vertex 22.5359 16.75 7.23075
      vertex 22.4483 16.75 6.98589
    endloop
  endfacet
  facet normal -0.941545 0 0.336887
    outer loop
      vertex 22.5359 16.75 7.23075
      vertex 22.4483 15.75 6.98589
      vertex 22.5359 15.75 7.23075
    endloop
  endfacet
  facet normal -0.427556 0 0.903989
    outer loop
      vertex 21.0141 16.75 5.55172
      vertex 21.2492 15.75 5.66291
      vertex 21.2492 16.75 5.66291
    endloop
  endfacet
  facet normal -0.427556 0 0.903989
    outer loop
      vertex 21.2492 15.75 5.66291
      vertex 21.0141 16.75 5.55172
      vertex 21.0141 15.75 5.55172
    endloop
  endfacet
  facet normal 0.0490666 0 -0.998796
    outer loop
      vertex 19.7403 15.75 10.6372
      vertex 20 16.75 10.65
      vertex 20 15.75 10.65
    endloop
  endfacet
  facet normal 0.0490666 0 -0.998796
    outer loop
      vertex 20 16.75 10.65
      vertex 19.7403 15.75 10.6372
      vertex 19.7403 16.75 10.6372
    endloop
  endfacet
  facet normal -0.998796 0 -0.0490666
    outer loop
      vertex 22.65 15.75 8
      vertex 22.6372 16.75 8.25974
      vertex 22.65 16.75 8
    endloop
  endfacet
  facet normal -0.998796 -0 -0.0490666
    outer loop
      vertex 22.6372 16.75 8.25974
      vertex 22.65 15.75 8
      vertex 22.6372 15.75 8.25974
    endloop
  endfacet
  facet normal -0.857731 0 -0.514099
    outer loop
      vertex 22.3371 15.75 9.2492
      vertex 22.2034 16.75 9.47226
      vertex 22.3371 16.75 9.2492
    endloop
  endfacet
  facet normal -0.857731 -0 -0.514099
    outer loop
      vertex 22.2034 16.75 9.47226
      vertex 22.3371 15.75 9.2492
      vertex 22.2034 15.75 9.47226
    endloop
  endfacet
  facet normal -0.146734 0 0.989176
    outer loop
      vertex 20.2597 16.75 5.36276
      vertex 20.517 15.75 5.40092
      vertex 20.517 16.75 5.40092
    endloop
  endfacet
  facet normal -0.146734 0 0.989176
    outer loop
      vertex 20.517 15.75 5.40092
      vertex 20.2597 16.75 5.36276
      vertex 20.2597 15.75 5.36276
    endloop
  endfacet
  facet normal -0.671556 0 0.740953
    outer loop
      vertex 21.6811 16.75 5.95152
      vertex 21.8738 15.75 6.12617
      vertex 21.8738 16.75 6.12617
    endloop
  endfacet
  facet normal -0.671556 0 0.740953
    outer loop
      vertex 21.8738 15.75 6.12617
      vertex 21.6811 16.75 5.95152
      vertex 21.6811 15.75 5.95152
    endloop
  endfacet
  facet normal -0.970032 0 0.242978
    outer loop
      vertex 22.5359 15.75 7.23075
      vertex 22.5991 16.75 7.48301
      vertex 22.5359 16.75 7.23075
    endloop
  endfacet
  facet normal -0.970032 0 0.242978
    outer loop
      vertex 22.5991 16.75 7.48301
      vertex 22.5359 15.75 7.23075
      vertex 22.5991 15.75 7.48301
    endloop
  endfacet
  facet normal 0.857731 0 -0.514099
    outer loop
      vertex 17.7966 15.75 9.47226
      vertex 17.6629 16.75 9.2492
      vertex 17.7966 16.75 9.47226
    endloop
  endfacet
  facet normal 0.857731 0 -0.514099
    outer loop
      vertex 17.6629 16.75 9.2492
      vertex 17.7966 15.75 9.47226
      vertex 17.6629 15.75 9.2492
    endloop
  endfacet
  facet normal 0.740952 -0 0.671558
    outer loop
      vertex 17.9515 15.75 6.31886
      vertex 18.1262 16.75 6.12617
      vertex 17.9515 16.75 6.31886
    endloop
  endfacet
  facet normal 0.740952 0 0.671558
    outer loop
      vertex 18.1262 16.75 6.12617
      vertex 17.9515 15.75 6.31886
      vertex 18.1262 15.75 6.12617
    endloop
  endfacet
  facet normal -0.146734 0 -0.989176
    outer loop
      vertex 20.2597 15.75 10.6372
      vertex 20.517 16.75 10.5991
      vertex 20.517 15.75 10.5991
    endloop
  endfacet
  facet normal -0.146734 0 -0.989176
    outer loop
      vertex 20.517 16.75 10.5991
      vertex 20.2597 15.75 10.6372
      vertex 20.2597 16.75 10.6372
    endloop
  endfacet
  facet normal -0.595699 0 -0.803208
    outer loop
      vertex 21.4723 15.75 10.2034
      vertex 21.6811 16.75 10.0485
      vertex 21.6811 15.75 10.0485
    endloop
  endfacet
  facet normal -0.595699 0 -0.803208
    outer loop
      vertex 21.6811 16.75 10.0485
      vertex 21.4723 15.75 10.2034
      vertex 21.4723 16.75 10.2034
    endloop
  endfacet
  facet normal -0.740952 0 -0.671558
    outer loop
      vertex 22.0485 15.75 9.68114
      vertex 21.8738 16.75 9.87383
      vertex 22.0485 16.75 9.68114
    endloop
  endfacet
  facet normal -0.740952 -0 -0.671558
    outer loop
      vertex 21.8738 16.75 9.87383
      vertex 22.0485 15.75 9.68114
      vertex 21.8738 15.75 9.87383
    endloop
  endfacet
  facet normal -0.998796 0 0.0490666
    outer loop
      vertex 22.6372 15.75 7.74026
      vertex 22.65 16.75 8
      vertex 22.6372 16.75 7.74026
    endloop
  endfacet
  facet normal -0.998796 0 0.0490666
    outer loop
      vertex 22.65 16.75 8
      vertex 22.6372 15.75 7.74026
      vertex 22.65 15.75 8
    endloop
  endfacet
  facet normal -0.970032 0 -0.242978
    outer loop
      vertex 22.5991 15.75 8.51699
      vertex 22.5359 16.75 8.76925
      vertex 22.5991 16.75 8.51699
    endloop
  endfacet
  facet normal -0.970033 -1.85019e-06 -0.242971
    outer loop
      vertex 22.5359 16.75 8.76925
      vertex 22.5991 15.75 8.51699
      vertex 22.5359 15.75 8.76925
    endloop
  endfacet
  facet normal -0.989176 0 -0.146737
    outer loop
      vertex 22.6372 15.75 8.25974
      vertex 22.5991 16.75 8.51699
      vertex 22.6372 16.75 8.25974
    endloop
  endfacet
  facet normal -0.989176 -0 -0.146737
    outer loop
      vertex 22.5991 16.75 8.51699
      vertex 22.6372 15.75 8.25974
      vertex 22.5991 15.75 8.51699
    endloop
  endfacet
  facet normal -0.903987 0 -0.427559
    outer loop
      vertex 22.4483 15.75 9.01411
      vertex 22.3371 16.75 9.2492
      vertex 22.4483 16.75 9.01411
    endloop
  endfacet
  facet normal -0.903987 -0 -0.427559
    outer loop
      vertex 22.3371 16.75 9.2492
      vertex 22.4483 15.75 9.01411
      vertex 22.3371 15.75 9.2492
    endloop
  endfacet
  facet normal -0.803208 0 -0.595699
    outer loop
      vertex 22.2034 15.75 9.47226
      vertex 22.0485 16.75 9.68114
      vertex 22.2034 16.75 9.47226
    endloop
  endfacet
  facet normal -0.803208 -0 -0.595699
    outer loop
      vertex 22.0485 16.75 9.68114
      vertex 22.2034 15.75 9.47226
      vertex 22.0485 15.75 9.68114
    endloop
  endfacet
  facet normal -0.0490666 0 0.998796
    outer loop
      vertex 20 16.75 5.35
      vertex 20.2597 15.75 5.36276
      vertex 20.2597 16.75 5.36276
    endloop
  endfacet
  facet normal -0.0490666 0 0.998796
    outer loop
      vertex 20.2597 15.75 5.36276
      vertex 20 16.75 5.35
      vertex 20 15.75 5.35
    endloop
  endfacet
  facet normal -0.336889 0 0.941544
    outer loop
      vertex 20.7693 16.75 5.46411
      vertex 21.0141 15.75 5.55172
      vertex 21.0141 16.75 5.55172
    endloop
  endfacet
  facet normal -0.336889 0 0.941544
    outer loop
      vertex 21.0141 15.75 5.55172
      vertex 20.7693 16.75 5.46411
      vertex 20.7693 15.75 5.46411
    endloop
  endfacet
  facet normal -0.242979 0 0.970032
    outer loop
      vertex 20.517 16.75 5.40092
      vertex 20.7693 15.75 5.46411
      vertex 20.7693 16.75 5.46411
    endloop
  endfacet
  facet normal -0.242979 0 0.970032
    outer loop
      vertex 20.7693 15.75 5.46411
      vertex 20.517 16.75 5.40092
      vertex 20.517 15.75 5.40092
    endloop
  endfacet
  facet normal -0.514104 0 0.857728
    outer loop
      vertex 21.2492 16.75 5.66291
      vertex 21.4723 15.75 5.79661
      vertex 21.4723 16.75 5.79661
    endloop
  endfacet
  facet normal -0.514104 0 0.857728
    outer loop
      vertex 21.4723 15.75 5.79661
      vertex 21.2492 16.75 5.66291
      vertex 21.2492 15.75 5.66291
    endloop
  endfacet
  facet normal -0.595699 0 0.803208
    outer loop
      vertex 21.4723 16.75 5.79661
      vertex 21.6811 15.75 5.95152
      vertex 21.6811 16.75 5.95152
    endloop
  endfacet
  facet normal -0.595699 0 0.803208
    outer loop
      vertex 21.6811 15.75 5.95152
      vertex 21.4723 16.75 5.79661
      vertex 21.4723 15.75 5.79661
    endloop
  endfacet
  facet normal -0.989176 0 0.146737
    outer loop
      vertex 22.5991 15.75 7.48301
      vertex 22.6372 16.75 7.74026
      vertex 22.5991 16.75 7.48301
    endloop
  endfacet
  facet normal -0.989176 0 0.146737
    outer loop
      vertex 22.6372 16.75 7.74026
      vertex 22.5991 15.75 7.48301
      vertex 22.6372 15.75 7.74026
    endloop
  endfacet
  facet normal -0.857731 0 0.514099
    outer loop
      vertex 22.2034 15.75 6.52774
      vertex 22.3371 16.75 6.7508
      vertex 22.2034 16.75 6.52774
    endloop
  endfacet
  facet normal -0.857731 0 0.514099
    outer loop
      vertex 22.3371 16.75 6.7508
      vertex 22.2034 15.75 6.52774
      vertex 22.3371 15.75 6.7508
    endloop
  endfacet
  facet normal -0.803208 0 0.595699
    outer loop
      vertex 22.0485 15.75 6.31886
      vertex 22.2034 16.75 6.52774
      vertex 22.0485 16.75 6.31886
    endloop
  endfacet
  facet normal -0.803208 0 0.595699
    outer loop
      vertex 22.2034 16.75 6.52774
      vertex 22.0485 15.75 6.31886
      vertex 22.2034 15.75 6.52774
    endloop
  endfacet
  facet normal -0.903987 0 0.427559
    outer loop
      vertex 22.3371 15.75 6.7508
      vertex 22.4483 16.75 6.98589
      vertex 22.3371 16.75 6.7508
    endloop
  endfacet
  facet normal -0.903987 0 0.427559
    outer loop
      vertex 22.4483 16.75 6.98589
      vertex 22.3371 15.75 6.7508
      vertex 22.4483 15.75 6.98589
    endloop
  endfacet
  facet normal -0.740952 0 0.671558
    outer loop
      vertex 21.8738 15.75 6.12617
      vertex 22.0485 16.75 6.31886
      vertex 21.8738 16.75 6.12617
    endloop
  endfacet
  facet normal -0.740952 0 0.671558
    outer loop
      vertex 22.0485 16.75 6.31886
      vertex 21.8738 15.75 6.12617
      vertex 22.0485 15.75 6.31886
    endloop
  endfacet
  facet normal -0.0490666 0 -0.998796
    outer loop
      vertex 20 15.75 10.65
      vertex 20.2597 16.75 10.6372
      vertex 20.2597 15.75 10.6372
    endloop
  endfacet
  facet normal -0.0490666 0 -0.998796
    outer loop
      vertex 20.2597 16.75 10.6372
      vertex 20 15.75 10.65
      vertex 20 16.75 10.65
    endloop
  endfacet
  facet normal 0.242979 0 -0.970032
    outer loop
      vertex 19.2307 15.75 10.5359
      vertex 19.483 16.75 10.5991
      vertex 19.483 15.75 10.5991
    endloop
  endfacet
  facet normal 0.242979 0 -0.970032
    outer loop
      vertex 19.483 16.75 10.5991
      vertex 19.2307 15.75 10.5359
      vertex 19.2307 16.75 10.5359
    endloop
  endfacet
  facet normal 0.595699 0 0.803208
    outer loop
      vertex 18.3189 16.75 5.95152
      vertex 18.5277 15.75 5.79661
      vertex 18.5277 16.75 5.79661
    endloop
  endfacet
  facet normal 0.595699 0 0.803208
    outer loop
      vertex 18.5277 15.75 5.79661
      vertex 18.3189 16.75 5.95152
      vertex 18.3189 15.75 5.95152
    endloop
  endfacet
  facet normal 0.903987 0 -0.427559
    outer loop
      vertex 17.6629 15.75 9.2492
      vertex 17.5517 16.75 9.01411
      vertex 17.6629 16.75 9.2492
    endloop
  endfacet
  facet normal 0.903987 0 -0.427559
    outer loop
      vertex 17.5517 16.75 9.01411
      vertex 17.6629 15.75 9.2492
      vertex 17.5517 15.75 9.01411
    endloop
  endfacet
  facet normal -0.427556 0 -0.903989
    outer loop
      vertex 21.0141 15.75 10.4483
      vertex 21.2492 16.75 10.3371
      vertex 21.2492 15.75 10.3371
    endloop
  endfacet
  facet normal -0.427556 0 -0.903989
    outer loop
      vertex 21.2492 16.75 10.3371
      vertex 21.0141 15.75 10.4483
      vertex 21.0141 16.75 10.4483
    endloop
  endfacet
  facet normal -0.336889 0 -0.941544
    outer loop
      vertex 20.7693 15.75 10.5359
      vertex 21.0141 16.75 10.4483
      vertex 21.0141 15.75 10.4483
    endloop
  endfacet
  facet normal -0.336889 0 -0.941544
    outer loop
      vertex 21.0141 16.75 10.4483
      vertex 20.7693 15.75 10.5359
      vertex 20.7693 16.75 10.5359
    endloop
  endfacet
  facet normal -0.242979 0 -0.970032
    outer loop
      vertex 20.517 15.75 10.5991
      vertex 20.7693 16.75 10.5359
      vertex 20.7693 15.75 10.5359
    endloop
  endfacet
  facet normal -0.242979 0 -0.970032
    outer loop
      vertex 20.7693 16.75 10.5359
      vertex 20.517 15.75 10.5991
      vertex 20.517 16.75 10.5991
    endloop
  endfacet
  facet normal -0.671556 0 -0.740953
    outer loop
      vertex 21.6811 15.75 10.0485
      vertex 21.8738 16.75 9.87383
      vertex 21.8738 15.75 9.87383
    endloop
  endfacet
  facet normal -0.671556 0 -0.740953
    outer loop
      vertex 21.8738 16.75 9.87383
      vertex 21.6811 15.75 10.0485
      vertex 21.6811 16.75 10.0485
    endloop
  endfacet
  facet normal 0.671556 0 -0.740953
    outer loop
      vertex 18.1262 15.75 9.87383
      vertex 18.3189 16.75 10.0485
      vertex 18.3189 15.75 10.0485
    endloop
  endfacet
  facet normal 0.671556 0 -0.740953
    outer loop
      vertex 18.3189 16.75 10.0485
      vertex 18.1262 15.75 9.87383
      vertex 18.1262 16.75 9.87383
    endloop
  endfacet
  facet normal 0.514104 0 -0.857728
    outer loop
      vertex 18.5277 15.75 10.2034
      vertex 18.7508 16.75 10.3371
      vertex 18.7508 15.75 10.3371
    endloop
  endfacet
  facet normal 0.514104 0 -0.857728
    outer loop
      vertex 18.7508 16.75 10.3371
      vertex 18.5277 15.75 10.2034
      vertex 18.5277 16.75 10.2034
    endloop
  endfacet
  facet normal 0.427556 0 -0.903989
    outer loop
      vertex 18.7508 15.75 10.3371
      vertex 18.9859 16.75 10.4483
      vertex 18.9859 15.75 10.4483
    endloop
  endfacet
  facet normal 0.427556 0 -0.903989
    outer loop
      vertex 18.9859 16.75 10.4483
      vertex 18.7508 15.75 10.3371
      vertex 18.7508 16.75 10.3371
    endloop
  endfacet
  facet normal 0.998796 -0 0.0490666
    outer loop
      vertex 17.35 15.75 8
      vertex 17.3628 16.75 7.74026
      vertex 17.35 16.75 8
    endloop
  endfacet
  facet normal 0.998796 0 0.0490666
    outer loop
      vertex 17.3628 16.75 7.74026
      vertex 17.35 15.75 8
      vertex 17.3628 15.75 7.74026
    endloop
  endfacet
  facet normal 0.0490666 0 0.998796
    outer loop
      vertex 19.7403 16.75 5.36276
      vertex 20 15.75 5.35
      vertex 20 16.75 5.35
    endloop
  endfacet
  facet normal 0.0490666 0 0.998796
    outer loop
      vertex 20 15.75 5.35
      vertex 19.7403 16.75 5.36276
      vertex 19.7403 15.75 5.36276
    endloop
  endfacet
  facet normal 0.336891 0 0.941544
    outer loop
      vertex 18.9859 16.75 5.55172
      vertex 19.2307 15.75 5.46411
      vertex 19.2307 16.75 5.46411
    endloop
  endfacet
  facet normal 0.336891 0 0.941544
    outer loop
      vertex 19.2307 15.75 5.46411
      vertex 18.9859 16.75 5.55172
      vertex 18.9859 15.75 5.55172
    endloop
  endfacet
  facet normal 0.242977 0 0.970032
    outer loop
      vertex 19.2307 16.75 5.46411
      vertex 19.483 15.75 5.40092
      vertex 19.483 16.75 5.40092
    endloop
  endfacet
  facet normal 0.242977 0 0.970032
    outer loop
      vertex 19.483 15.75 5.40092
      vertex 19.2307 16.75 5.46411
      vertex 19.2307 15.75 5.46411
    endloop
  endfacet
  facet normal 0.67156 0 0.74095
    outer loop
      vertex 18.1262 16.75 6.12617
      vertex 18.3189 15.75 5.95152
      vertex 18.3189 16.75 5.95152
    endloop
  endfacet
  facet normal 0.67156 0 0.74095
    outer loop
      vertex 18.3189 15.75 5.95152
      vertex 18.1262 16.75 6.12617
      vertex 18.1262 15.75 6.12617
    endloop
  endfacet
  facet normal 0.989177 1.8867e-06 -0.14673
    outer loop
      vertex 17.4009 15.75 8.51699
      vertex 17.3628 16.75 8.25974
      vertex 17.4009 16.75 8.51699
    endloop
  endfacet
  facet normal 0.989176 0 -0.146737
    outer loop
      vertex 17.3628 16.75 8.25974
      vertex 17.4009 15.75 8.51699
      vertex 17.3628 15.75 8.25974
    endloop
  endfacet
  facet normal 0.941543 0 -0.336893
    outer loop
      vertex 17.5517 15.75 9.01411
      vertex 17.4641 16.75 8.76925
      vertex 17.5517 16.75 9.01411
    endloop
  endfacet
  facet normal 0.941543 0 -0.336893
    outer loop
      vertex 17.4641 16.75 8.76925
      vertex 17.5517 15.75 9.01411
      vertex 17.4641 15.75 8.76925
    endloop
  endfacet
  facet normal 0.146734 0 -0.989176
    outer loop
      vertex 19.483 15.75 10.5991
      vertex 19.7403 16.75 10.6372
      vertex 19.7403 15.75 10.6372
    endloop
  endfacet
  facet normal 0.146734 0 -0.989176
    outer loop
      vertex 19.7403 16.75 10.6372
      vertex 19.483 15.75 10.5991
      vertex 19.483 16.75 10.5991
    endloop
  endfacet
  facet normal 0.740952 0 -0.671558
    outer loop
      vertex 18.1262 15.75 9.87383
      vertex 17.9515 16.75 9.68114
      vertex 18.1262 16.75 9.87383
    endloop
  endfacet
  facet normal 0.740952 0 -0.671558
    outer loop
      vertex 17.9515 16.75 9.68114
      vertex 18.1262 15.75 9.87383
      vertex 17.9515 15.75 9.68114
    endloop
  endfacet
  facet normal 0.803208 0 -0.595699
    outer loop
      vertex 17.9515 15.75 9.68114
      vertex 17.7966 16.75 9.47226
      vertex 17.9515 16.75 9.68114
    endloop
  endfacet
  facet normal 0.803208 0 -0.595699
    outer loop
      vertex 17.7966 16.75 9.47226
      vertex 17.9515 15.75 9.68114
      vertex 17.7966 15.75 9.47226
    endloop
  endfacet
  facet normal 0.595699 0 -0.803208
    outer loop
      vertex 18.3189 15.75 10.0485
      vertex 18.5277 16.75 10.2034
      vertex 18.5277 15.75 10.2034
    endloop
  endfacet
  facet normal 0.595699 0 -0.803208
    outer loop
      vertex 18.5277 16.75 10.2034
      vertex 18.3189 15.75 10.0485
      vertex 18.3189 16.75 10.0485
    endloop
  endfacet
  facet normal 0.336889 0 -0.941544
    outer loop
      vertex 18.9859 15.75 10.4483
      vertex 19.2307 16.75 10.5359
      vertex 19.2307 15.75 10.5359
    endloop
  endfacet
  facet normal 0.336889 0 -0.941544
    outer loop
      vertex 19.2307 16.75 10.5359
      vertex 18.9859 15.75 10.4483
      vertex 18.9859 16.75 10.4483
    endloop
  endfacet
  facet normal 0.998796 0 -0.0490666
    outer loop
      vertex 17.3628 15.75 8.25974
      vertex 17.35 16.75 8
      vertex 17.3628 16.75 8.25974
    endloop
  endfacet
  facet normal 0.998796 0 -0.0490666
    outer loop
      vertex 17.35 16.75 8
      vertex 17.3628 15.75 8.25974
      vertex 17.35 15.75 8
    endloop
  endfacet
  facet normal 0.857727 -0 0.514105
    outer loop
      vertex 17.6629 15.75 6.7508
      vertex 17.7966 16.75 6.52774
      vertex 17.6629 16.75 6.7508
    endloop
  endfacet
  facet normal 0.857727 0 0.514105
    outer loop
      vertex 17.7966 16.75 6.52774
      vertex 17.6629 15.75 6.7508
      vertex 17.7966 15.75 6.52774
    endloop
  endfacet
  facet normal 0.941543 -0 0.336893
    outer loop
      vertex 17.4641 15.75 7.23075
      vertex 17.5517 16.75 6.98589
      vertex 17.4641 16.75 7.23075
    endloop
  endfacet
  facet normal 0.941543 0 0.336893
    outer loop
      vertex 17.5517 16.75 6.98589
      vertex 17.4641 15.75 7.23075
      vertex 17.5517 15.75 6.98589
    endloop
  endfacet
  facet normal 0.989177 -0 0.14673
    outer loop
      vertex 17.3628 15.75 7.74026
      vertex 17.4009 16.75 7.48301
      vertex 17.3628 16.75 7.74026
    endloop
  endfacet
  facet normal 0.989177 0 0.14673
    outer loop
      vertex 17.4009 16.75 7.48301
      vertex 17.3628 15.75 7.74026
      vertex 17.4009 15.75 7.48301
    endloop
  endfacet
  facet normal 0.146734 0 0.989176
    outer loop
      vertex 19.483 16.75 5.40092
      vertex 19.7403 15.75 5.36276
      vertex 19.7403 16.75 5.36276
    endloop
  endfacet
  facet normal 0.146734 0 0.989176
    outer loop
      vertex 19.7403 15.75 5.36276
      vertex 19.483 16.75 5.40092
      vertex 19.483 15.75 5.40092
    endloop
  endfacet
  facet normal 0.5141 0 0.85773
    outer loop
      vertex 18.5277 16.75 5.79661
      vertex 18.7508 15.75 5.66291
      vertex 18.7508 16.75 5.66291
    endloop
  endfacet
  facet normal 0.5141 0 0.85773
    outer loop
      vertex 18.7508 15.75 5.66291
      vertex 18.5277 16.75 5.79661
      vertex 18.5277 15.75 5.79661
    endloop
  endfacet
  facet normal 0.427556 0 0.903989
    outer loop
      vertex 18.7508 16.75 5.66291
      vertex 18.9859 15.75 5.55172
      vertex 18.9859 16.75 5.55172
    endloop
  endfacet
  facet normal 0.427556 0 0.903989
    outer loop
      vertex 18.9859 15.75 5.55172
      vertex 18.7508 16.75 5.66291
      vertex 18.7508 15.75 5.66291
    endloop
  endfacet
  facet normal 0.970032 0 -0.242978
    outer loop
      vertex 17.4641 15.75 8.76925
      vertex 17.4009 16.75 8.51699
      vertex 17.4641 16.75 8.76925
    endloop
  endfacet
  facet normal 0.970033 1.85019e-06 -0.242971
    outer loop
      vertex 17.4009 16.75 8.51699
      vertex 17.4641 15.75 8.76925
      vertex 17.4009 15.75 8.51699
    endloop
  endfacet
  facet normal 0.803208 -0 0.595699
    outer loop
      vertex 17.7966 15.75 6.52774
      vertex 17.9515 16.75 6.31886
      vertex 17.7966 16.75 6.52774
    endloop
  endfacet
  facet normal 0.803208 0 0.595699
    outer loop
      vertex 17.9515 16.75 6.31886
      vertex 17.7966 15.75 6.52774
      vertex 17.9515 15.75 6.31886
    endloop
  endfacet
  facet normal 0.90399 -0 0.427553
    outer loop
      vertex 17.5517 15.75 6.98589
      vertex 17.6629 16.75 6.7508
      vertex 17.5517 16.75 6.98589
    endloop
  endfacet
  facet normal 0.90399 0 0.427553
    outer loop
      vertex 17.6629 16.75 6.7508
      vertex 17.5517 15.75 6.98589
      vertex 17.6629 15.75 6.7508
    endloop
  endfacet
  facet normal 0.970032 -0 0.242978
    outer loop
      vertex 17.4009 15.75 7.48301
      vertex 17.4641 16.75 7.23075
      vertex 17.4009 16.75 7.48301
    endloop
  endfacet
  facet normal 0.970032 0 0.242978
    outer loop
      vertex 17.4641 16.75 7.23075
      vertex 17.4009 15.75 7.48301
      vertex 17.4641 15.75 7.23075
    endloop
  endfacet
  facet normal -0.5 0 -0.866025
    outer loop
      vertex 20 16.75 12.6188
      vertex 24 18.95 10.3094
      vertex 24 16.75 10.3094
    endloop
  endfacet
  facet normal -0.5 0 -0.866025
    outer loop
      vertex 24 18.95 10.3094
      vertex 20 16.75 12.6188
      vertex 20 18.95 12.6188
    endloop
  endfacet
  facet normal -0.5 0 0.866025
    outer loop
      vertex 20 18.95 3.3812
      vertex 24 16.75 5.6906
      vertex 24 18.95 5.6906
    endloop
  endfacet
  facet normal -0.5 0 0.866025
    outer loop
      vertex 24 16.75 5.6906
      vertex 20 18.95 3.3812
      vertex 20 16.75 3.3812
    endloop
  endfacet
  facet normal -1 0 0
    outer loop
      vertex 24 16.75 5.6906
      vertex 24 18.95 10.3094
      vertex 24 18.95 5.6906
    endloop
  endfacet
  facet normal -1 -0 0
    outer loop
      vertex 24 18.95 10.3094
      vertex 24 16.75 5.6906
      vertex 24 16.75 10.3094
    endloop
  endfacet
  facet normal 0 1 0
    outer loop
      vertex 20 16.75 12.6188
      vertex 20.2597 16.75 10.6372
      vertex 20 16.75 10.65
    endloop
  endfacet
  facet normal 0 1 0
    outer loop
      vertex 20 16.75 12.6188
      vertex 20.517 16.75 10.5991
      vertex 20.2597 16.75 10.6372
    endloop
  endfacet
  facet normal 0 1 0
    outer loop
      vertex 20 16.75 12.6188
      vertex 20.7693 16.75 10.5359
      vertex 20.517 16.75 10.5991
    endloop
  endfacet
  facet normal 0 1 0
    outer loop
      vertex 20 16.75 12.6188
      vertex 21.0141 16.75 10.4483
      vertex 20.7693 16.75 10.5359
    endloop
  endfacet
  facet normal 0 1 0
    outer loop
      vertex 20 16.75 12.6188
      vertex 21.2492 16.75 10.3371
      vertex 21.0141 16.75 10.4483
    endloop
  endfacet
  facet normal 0 1 0
    outer loop
      vertex 24 16.75 10.3094
      vertex 21.2492 16.75 10.3371
      vertex 20 16.75 12.6188
    endloop
  endfacet
  facet normal 0 1 0
    outer loop
      vertex 24 16.75 10.3094
      vertex 21.4723 16.75 10.2034
      vertex 21.2492 16.75 10.3371
    endloop
  endfacet
  facet normal 0 1 0
    outer loop
      vertex 24 16.75 10.3094
      vertex 21.6811 16.75 10.0485
      vertex 21.4723 16.75 10.2034
    endloop
  endfacet
  facet normal 0 1 0
    outer loop
      vertex 24 16.75 10.3094
      vertex 21.8738 16.75 9.87383
      vertex 21.6811 16.75 10.0485
    endloop
  endfacet
  facet normal 0 1 0
    outer loop
      vertex 24 16.75 10.3094
      vertex 22.0485 16.75 9.68114
      vertex 21.8738 16.75 9.87383
    endloop
  endfacet
  facet normal 0 1 0
    outer loop
      vertex 24 16.75 10.3094
      vertex 22.2034 16.75 9.47226
      vertex 22.0485 16.75 9.68114
    endloop
  endfacet
  facet normal 0 1 0
    outer loop
      vertex 24 16.75 10.3094
      vertex 22.3371 16.75 9.2492
      vertex 22.2034 16.75 9.47226
    endloop
  endfacet
  facet normal 0 1 0
    outer loop
      vertex 24 16.75 10.3094
      vertex 22.4483 16.75 9.01411
      vertex 22.3371 16.75 9.2492
    endloop
  endfacet
  facet normal 0 1 0
    outer loop
      vertex 24 16.75 10.3094
      vertex 22.5359 16.75 8.76925
      vertex 22.4483 16.75 9.01411
    endloop
  endfacet
  facet normal 0 1 0
    outer loop
      vertex 24 16.75 10.3094
      vertex 22.5991 16.75 8.51699
      vertex 22.5359 16.75 8.76925
    endloop
  endfacet
  facet normal 0 1 0
    outer loop
      vertex 24 16.75 10.3094
      vertex 22.6372 16.75 8.25974
      vertex 22.5991 16.75 8.51699
    endloop
  endfacet
  facet normal 0 1 0
    outer loop
      vertex 24 16.75 10.3094
      vertex 22.65 16.75 8
      vertex 22.6372 16.75 8.25974
    endloop
  endfacet
  facet normal 0 1 -0
    outer loop
      vertex 24 16.75 5.6906
      vertex 22.65 16.75 8
      vertex 24 16.75 10.3094
    endloop
  endfacet
  facet normal 0 1 0
    outer loop
      vertex 22.65 16.75 8
      vertex 24 16.75 5.6906
      vertex 22.6372 16.75 7.74026
    endloop
  endfacet
  facet normal 0 1 0
    outer loop
      vertex 22.6372 16.75 7.74026
      vertex 24 16.75 5.6906
      vertex 22.5991 16.75 7.48301
    endloop
  endfacet
  facet normal 0 1 0
    outer loop
      vertex 22.5991 16.75 7.48301
      vertex 24 16.75 5.6906
      vertex 22.5359 16.75 7.23075
    endloop
  endfacet
  facet normal 0 1 0
    outer loop
      vertex 22.5359 16.75 7.23075
      vertex 24 16.75 5.6906
      vertex 22.4483 16.75 6.98589
    endloop
  endfacet
  facet normal 0 1 0
    outer loop
      vertex 24 16.75 5.6906
      vertex 22.3371 16.75 6.7508
      vertex 22.4483 16.75 6.98589
    endloop
  endfacet
  facet normal 0 1 0
    outer loop
      vertex 24 16.75 5.6906
      vertex 22.2034 16.75 6.52774
      vertex 22.3371 16.75 6.7508
    endloop
  endfacet
  facet normal 0 1 0
    outer loop
      vertex 24 16.75 5.6906
      vertex 22.0485 16.75 6.31886
      vertex 22.2034 16.75 6.52774
    endloop
  endfacet
  facet normal 0 1 0
    outer loop
      vertex 24 16.75 5.6906
      vertex 21.8738 16.75 6.12617
      vertex 22.0485 16.75 6.31886
    endloop
  endfacet
  facet normal 0 1 0
    outer loop
      vertex 24 16.75 5.6906
      vertex 21.6811 16.75 5.95152
      vertex 21.8738 16.75 6.12617
    endloop
  endfacet
  facet normal 0 1 0
    outer loop
      vertex 24 16.75 5.6906
      vertex 21.4723 16.75 5.79661
      vertex 21.6811 16.75 5.95152
    endloop
  endfacet
  facet normal 0 1 0
    outer loop
      vertex 24 16.75 5.6906
      vertex 21.2492 16.75 5.66291
      vertex 21.4723 16.75 5.79661
    endloop
  endfacet
  facet normal 0 1 0
    outer loop
      vertex 20 16.75 3.3812
      vertex 21.2492 16.75 5.66291
      vertex 24 16.75 5.6906
    endloop
  endfacet
  facet normal 0 1 0
    outer loop
      vertex 21.2492 16.75 5.66291
      vertex 20 16.75 3.3812
      vertex 21.0141 16.75 5.55172
    endloop
  endfacet
  facet normal 0 1 0
    outer loop
      vertex 21.0141 16.75 5.55172
      vertex 20 16.75 3.3812
      vertex 20.7693 16.75 5.46411
    endloop
  endfacet
  facet normal 0 1 0
    outer loop
      vertex 20.7693 16.75 5.46411
      vertex 20 16.75 3.3812
      vertex 20.517 16.75 5.40092
    endloop
  endfacet
  facet normal 0 1 0
    outer loop
      vertex 20.2597 16.75 5.36276
      vertex 20 16.75 3.3812
      vertex 20 16.75 5.35
    endloop
  endfacet
  facet normal 0 1 0
    outer loop
      vertex 20.517 16.75 5.40092
      vertex 20 16.75 3.3812
      vertex 20.2597 16.75 5.36276
    endloop
  endfacet
  facet normal 0 1 0
    outer loop
      vertex 19.7403 16.75 10.6372
      vertex 20 16.75 12.6188
      vertex 20 16.75 10.65
    endloop
  endfacet
  facet normal 0 1 0
    outer loop
      vertex 19.483 16.75 10.5991
      vertex 20 16.75 12.6188
      vertex 19.7403 16.75 10.6372
    endloop
  endfacet
  facet normal 0 1 0
    outer loop
      vertex 19.2307 16.75 10.5359
      vertex 20 16.75 12.6188
      vertex 19.483 16.75 10.5991
    endloop
  endfacet
  facet normal 0 1 0
    outer loop
      vertex 18.9859 16.75 10.4483
      vertex 20 16.75 12.6188
      vertex 19.2307 16.75 10.5359
    endloop
  endfacet
  facet normal 0 1 0
    outer loop
      vertex 18.7508 16.75 10.3371
      vertex 20 16.75 12.6188
      vertex 18.9859 16.75 10.4483
    endloop
  endfacet
  facet normal 0 1 -0
    outer loop
      vertex 18.7508 16.75 10.3371
      vertex 16 16.75 10.3094
      vertex 20 16.75 12.6188
    endloop
  endfacet
  facet normal 0 1 -0
    outer loop
      vertex 18.5277 16.75 10.2034
      vertex 16 16.75 10.3094
      vertex 18.7508 16.75 10.3371
    endloop
  endfacet
  facet normal 0 1 -0
    outer loop
      vertex 18.3189 16.75 10.0485
      vertex 16 16.75 10.3094
      vertex 18.5277 16.75 10.2034
    endloop
  endfacet
  facet normal 0 1 -0
    outer loop
      vertex 18.1262 16.75 9.87383
      vertex 16 16.75 10.3094
      vertex 18.3189 16.75 10.0485
    endloop
  endfacet
  facet normal 0 1 -0
    outer loop
      vertex 17.9515 16.75 9.68114
      vertex 16 16.75 10.3094
      vertex 18.1262 16.75 9.87383
    endloop
  endfacet
  facet normal 0 1 -0
    outer loop
      vertex 17.7966 16.75 9.47226
      vertex 16 16.75 10.3094
      vertex 17.9515 16.75 9.68114
    endloop
  endfacet
  facet normal 0 1 -0
    outer loop
      vertex 17.6629 16.75 9.2492
      vertex 16 16.75 10.3094
      vertex 17.7966 16.75 9.47226
    endloop
  endfacet
  facet normal 0 1 -0
    outer loop
      vertex 17.5517 16.75 9.01411
      vertex 16 16.75 10.3094
      vertex 17.6629 16.75 9.2492
    endloop
  endfacet
  facet normal 0 1 -0
    outer loop
      vertex 17.4641 16.75 8.76925
      vertex 16 16.75 10.3094
      vertex 17.5517 16.75 9.01411
    endloop
  endfacet
  facet normal 0 1 -0
    outer loop
      vertex 17.4009 16.75 8.51699
      vertex 16 16.75 10.3094
      vertex 17.4641 16.75 8.76925
    endloop
  endfacet
  facet normal 0 1 -0
    outer loop
      vertex 17.3628 16.75 8.25974
      vertex 16 16.75 10.3094
      vertex 17.4009 16.75 8.51699
    endloop
  endfacet
  facet normal 0 1 -0
    outer loop
      vertex 17.35 16.75 8
      vertex 16 16.75 10.3094
      vertex 17.3628 16.75 8.25974
    endloop
  endfacet
  facet normal 0 1 0
    outer loop
      vertex 16 16.75 5.6906
      vertex 17.35 16.75 8
      vertex 17.3628 16.75 7.74026
    endloop
  endfacet
  facet normal 0 1 0
    outer loop
      vertex 16 16.75 5.6906
      vertex 17.3628 16.75 7.74026
      vertex 17.4009 16.75 7.48301
    endloop
  endfacet
  facet normal 0 1 0
    outer loop
      vertex 16 16.75 5.6906
      vertex 17.4009 16.75 7.48301
      vertex 17.4641 16.75 7.23075
    endloop
  endfacet
  facet normal 0 1 0
    outer loop
      vertex 16 16.75 5.6906
      vertex 17.4641 16.75 7.23075
      vertex 17.5517 16.75 6.98589
    endloop
  endfacet
  facet normal 0 1 0
    outer loop
      vertex 17.35 16.75 8
      vertex 16 16.75 5.6906
      vertex 16 16.75 10.3094
    endloop
  endfacet
  facet normal 0 1 0
    outer loop
      vertex 17.6629 16.75 6.7508
      vertex 16 16.75 5.6906
      vertex 17.5517 16.75 6.98589
    endloop
  endfacet
  facet normal 0 1 0
    outer loop
      vertex 17.7966 16.75 6.52774
      vertex 16 16.75 5.6906
      vertex 17.6629 16.75 6.7508
    endloop
  endfacet
  facet normal 0 1 0
    outer loop
      vertex 17.9515 16.75 6.31886
      vertex 16 16.75 5.6906
      vertex 17.7966 16.75 6.52774
    endloop
  endfacet
  facet normal 0 1 0
    outer loop
      vertex 18.1262 16.75 6.12617
      vertex 16 16.75 5.6906
      vertex 17.9515 16.75 6.31886
    endloop
  endfacet
  facet normal 0 1 0
    outer loop
      vertex 18.3189 16.75 5.95152
      vertex 16 16.75 5.6906
      vertex 18.1262 16.75 6.12617
    endloop
  endfacet
  facet normal 0 1 0
    outer loop
      vertex 18.5277 16.75 5.79661
      vertex 16 16.75 5.6906
      vertex 18.3189 16.75 5.95152
    endloop
  endfacet
  facet normal 0 1 0
    outer loop
      vertex 18.7508 16.75 5.66291
      vertex 16 16.75 5.6906
      vertex 18.5277 16.75 5.79661
    endloop
  endfacet
  facet normal 0 1 0
    outer loop
      vertex 20 16.75 3.3812
      vertex 18.7508 16.75 5.66291
      vertex 18.9859 16.75 5.55172
    endloop
  endfacet
  facet normal 0 1 0
    outer loop
      vertex 20 16.75 3.3812
      vertex 18.9859 16.75 5.55172
      vertex 19.2307 16.75 5.46411
    endloop
  endfacet
  facet normal 0 1 0
    outer loop
      vertex 20 16.75 3.3812
      vertex 19.2307 16.75 5.46411
      vertex 19.483 16.75 5.40092
    endloop
  endfacet
  facet normal 0 1 0
    outer loop
      vertex 20 16.75 3.3812
      vertex 19.483 16.75 5.40092
      vertex 19.7403 16.75 5.36276
    endloop
  endfacet
  facet normal 0 1 0
    outer loop
      vertex 18.7508 16.75 5.66291
      vertex 20 16.75 3.3812
      vertex 16 16.75 5.6906
    endloop
  endfacet
  facet normal 0 1 -0
    outer loop
      vertex 20 16.75 3.3812
      vertex 19.7403 16.75 5.36276
      vertex 20 16.75 5.35
    endloop
  endfacet
  facet normal 0.5 0 -0.866025
    outer loop
      vertex 16 16.75 10.3094
      vertex 20 18.95 12.6188
      vertex 20 16.75 12.6188
    endloop
  endfacet
  facet normal 0.5 0 -0.866025
    outer loop
      vertex 20 18.95 12.6188
      vertex 16 16.75 10.3094
      vertex 16 18.95 10.3094
    endloop
  endfacet
  facet normal 0.5 0 0.866025
    outer loop
      vertex 16 18.95 5.6906
      vertex 20 16.75 3.3812
      vertex 20 18.95 3.3812
    endloop
  endfacet
  facet normal 0.5 0 0.866025
    outer loop
      vertex 20 16.75 3.3812
      vertex 16 18.95 5.6906
      vertex 16 16.75 5.6906
    endloop
  endfacet
  facet normal 1 -0 0
    outer loop
      vertex 16 16.75 10.3094
      vertex 16 18.95 5.6906
      vertex 16 18.95 10.3094
    endloop
  endfacet
  facet normal 1 0 0
    outer loop
      vertex 16 18.95 5.6906
      vertex 16 16.75 10.3094
      vertex 16 16.75 5.6906
    endloop
  endfacet
  facet normal -1 0 0
    outer loop
      vertex 0 15.75 0
      vertex 0 11.125 7.49519
      vertex 0 15.75 16
    endloop
  endfacet
  facet normal -1 0 0
    outer loop
      vertex 0 15.75 0
      vertex 0 11.1094 7.17664
      vertex 0 11.125 7.49519
    endloop
  endfacet
  facet normal -1 0 0
    outer loop
      vertex 0 15.75 0
      vertex 0 11.0626 6.86115
      vertex 0 11.1094 7.17664
    endloop
  endfacet
  facet normal -1 0 0
    outer loop
      vertex 0 15.75 0
      vertex 0 10.9851 6.55177
      vertex 0 11.0626 6.86115
    endloop
  endfacet
  facet normal -1 0 0
    outer loop
      vertex 0 15.75 0
      vertex 0 10.8776 6.25147
      vertex 0 10.9851 6.55177
    endloop
  endfacet
  facet normal -1 0 0
    outer loop
      vertex 0 15.75 0
      vertex 0 10.7412 5.96315
      vertex 0 10.8776 6.25147
    endloop
  endfacet
  facet normal -1 0 0
    outer loop
      vertex 0 15.75 0
      vertex 0 10.5773 5.68959
      vertex 0 10.7412 5.96315
    endloop
  endfacet
  facet normal -1 0 0
    outer loop
      vertex 0 15.75 0
      vertex 0 10.3873 5.43341
      vertex 0 10.5773 5.68959
    endloop
  endfacet
  facet normal -1 0 0
    outer loop
      vertex 0 15.75 0
      vertex 0 10.1731 5.19709
      vertex 0 10.3873 5.43341
    endloop
  endfacet
  facet normal -1 0 0
    outer loop
      vertex 0 15.75 0
      vertex 0 9.93678 4.98291
      vertex 0 10.1731 5.19709
    endloop
  endfacet
  facet normal -1 0 0
    outer loop
      vertex 0 15.75 0
      vertex 0 9.6806 4.79291
      vertex 0 9.93678 4.98291
    endloop
  endfacet
  facet normal -1 0 0
    outer loop
      vertex 0 15.75 0
      vertex 0 9.40704 4.62895
      vertex 0 9.6806 4.79291
    endloop
  endfacet
  facet normal -1 0 0
    outer loop
      vertex 0 15.75 0
      vertex 0 9.11872 4.49258
      vertex 0 9.40704 4.62895
    endloop
  endfacet
  facet normal -1 0 0
    outer loop
      vertex 0 15.75 0
      vertex 0 8.81843 4.38513
      vertex 0 9.11872 4.49258
    endloop
  endfacet
  facet normal -1 0 0
    outer loop
      vertex 0 15.75 0
      vertex 0 8.50904 4.30764
      vertex 0 8.81843 4.38513
    endloop
  endfacet
  facet normal -1 0 0
    outer loop
      vertex 0 15.75 0
      vertex 0 8.19355 4.26084
      vertex 0 8.50904 4.30764
    endloop
  endfacet
  facet normal -1 0 0
    outer loop
      vertex 0 15.75 0
      vertex 0 7.99764 4.25122
      vertex 0 8.19355 4.26084
    endloop
  endfacet
  facet normal -1 0 0
    outer loop
      vertex 0 15.75 0
      vertex 0 7.875 4.24519
      vertex 0 7.99764 4.25122
    endloop
  endfacet
  facet normal -1 0 0
    outer loop
      vertex 0 0 0
      vertex 0 7.875 4.24519
      vertex 0 15.75 0
    endloop
  endfacet
  facet normal -1 -0 0
    outer loop
      vertex 0 7.875 4.24519
      vertex 0 0 0
      vertex 0 7.75236 4.25122
    endloop
  endfacet
  facet normal -1 -0 0
    outer loop
      vertex 0 7.75236 4.25122
      vertex 0 0 0
      vertex 0 7.55645 4.26084
    endloop
  endfacet
  facet normal -1 -0 0
    outer loop
      vertex 0 7.55645 4.26084
      vertex 0 0 0
      vertex 0 7.24096 4.30764
    endloop
  endfacet
  facet normal -1 -0 0
    outer loop
      vertex 0 7.24096 4.30764
      vertex 0 0 0
      vertex 0 6.93157 4.38513
    endloop
  endfacet
  facet normal -1 -0 0
    outer loop
      vertex 0 6.93157 4.38513
      vertex 0 0 0
      vertex 0 6.63128 4.49258
    endloop
  endfacet
  facet normal -1 -0 0
    outer loop
      vertex 0 6.63128 4.49258
      vertex 0 0 0
      vertex 0 6.34296 4.62895
    endloop
  endfacet
  facet normal -1 0 0
    outer loop
      vertex 0 0 0
      vertex 0 6.0694 4.79291
      vertex 0 6.34296 4.62895
    endloop
  endfacet
  facet normal -1 0 0
    outer loop
      vertex 0 0 0
      vertex 0 5.81322 4.98291
      vertex 0 6.0694 4.79291
    endloop
  endfacet
  facet normal -1 0 0
    outer loop
      vertex 0 0 0
      vertex 0 5.5769 5.19709
      vertex 0 5.81322 4.98291
    endloop
  endfacet
  facet normal -1 0 0
    outer loop
      vertex 0 0 0
      vertex 0 5.36272 5.43341
      vertex 0 5.5769 5.19709
    endloop
  endfacet
  facet normal -1 0 0
    outer loop
      vertex 0 0 0
      vertex 0 5.17272 5.68959
      vertex 0 5.36272 5.43341
    endloop
  endfacet
  facet normal -1 0 0
    outer loop
      vertex 0 0 0
      vertex 0 5.00876 5.96315
      vertex 0 5.17272 5.68959
    endloop
  endfacet
  facet normal -1 0 0
    outer loop
      vertex 0 0 0
      vertex 0 4.87239 6.25147
      vertex 0 5.00876 5.96315
    endloop
  endfacet
  facet normal -1 0 0
    outer loop
      vertex 0 0 0
      vertex 0 4.76494 6.55177
      vertex 0 4.87239 6.25147
    endloop
  endfacet
  facet normal -1 0 0
    outer loop
      vertex 0 0 0
      vertex 0 4.68745 6.86115
      vertex 0 4.76494 6.55177
    endloop
  endfacet
  facet normal -1 0 0
    outer loop
      vertex 0 0 0
      vertex 0 4.64065 7.17664
      vertex 0 4.68745 6.86115
    endloop
  endfacet
  facet normal -1 0 0
    outer loop
      vertex 0 0 0
      vertex 0 4.625 7.49519
      vertex 0 4.64065 7.17664
    endloop
  endfacet
  facet normal -1 0 0
    outer loop
      vertex 0 0 16
      vertex 0 4.625 7.49519
      vertex 0 0 0
    endloop
  endfacet
  facet normal -1 0 0
    outer loop
      vertex 0 4.625 7.49519
      vertex 0 0 16
      vertex 0 4.625 16
    endloop
  endfacet
  facet normal -1 -0 0
    outer loop
      vertex 0 15.75 16
      vertex 0 11.125 7.49519
      vertex 0 11.125 16
    endloop
  endfacet
  facet normal 0 0 1
    outer loop
      vertex 3.85 4.625 16
      vertex 0 4.625 16
      vertex 3.85 2.25 16
    endloop
  endfacet
  facet normal 0 0 1
    outer loop
      vertex 12 15.75 16
      vertex 8.15 13.5 16
      vertex 12 0 16
    endloop
  endfacet
  facet normal 0 0 1
    outer loop
      vertex 12 15.75 16
      vertex 3.85 13.5 16
      vertex 8.15 13.5 16
    endloop
  endfacet
  facet normal -0 0 1
    outer loop
      vertex 0 15.75 16
      vertex 3.85 13.5 16
      vertex 12 15.75 16
    endloop
  endfacet
  facet normal 0 0 1
    outer loop
      vertex 0 11.125 16
      vertex 3.85 13.5 16
      vertex 0 15.75 16
    endloop
  endfacet
  facet normal 0 0 1
    outer loop
      vertex 3.85 13.5 16
      vertex 0 11.125 16
      vertex 3.85 11.125 16
    endloop
  endfacet
  facet normal -0 0 1
    outer loop
      vertex 8.15 2.25 16
      vertex 12 0 16
      vertex 8.15 13.5 16
    endloop
  endfacet
  facet normal -0 0 1
    outer loop
      vertex 3.85 2.25 16
      vertex 12 0 16
      vertex 8.15 2.25 16
    endloop
  endfacet
  facet normal 0 0 1
    outer loop
      vertex 3.85 2.25 16
      vertex 0 0 16
      vertex 12 0 16
    endloop
  endfacet
  facet normal 0 0 1
    outer loop
      vertex 0 0 16
      vertex 3.85 2.25 16
      vertex 0 4.625 16
    endloop
  endfacet
  facet normal 1 0 0
    outer loop
      vertex 12 15.75 16
      vertex 12 12.8 8
      vertex 12 15.75 8
    endloop
  endfacet
  facet normal 1 0 0
    outer loop
      vertex 12 12.8 8
      vertex 12 9.35 8
      vertex 12 12.8 1.77636e-15
    endloop
  endfacet
  facet normal 1 0 0
    outer loop
      vertex 12 15.75 16
      vertex 12 9.35 8
      vertex 12 12.8 8
    endloop
  endfacet
  facet normal 1 0 0
    outer loop
      vertex 12 15.75 16
      vertex 12 6.4 8
      vertex 12 9.35 8
    endloop
  endfacet
  facet normal 1 0 0
    outer loop
      vertex 12 6.4 8
      vertex 12 2.95 8
      vertex 12 6.4 1.77636e-15
    endloop
  endfacet
  facet normal 1 -0 0
    outer loop
      vertex 12 0 16
      vertex 12 6.4 8
      vertex 12 15.75 16
    endloop
  endfacet
  facet normal 1 0 0
    outer loop
      vertex 12 6.4 8
      vertex 12 0 16
      vertex 12 2.95 8
    endloop
  endfacet
  facet normal 1 0 0
    outer loop
      vertex 12 0 0
      vertex 12 1.90735e-07 8
      vertex 12 0 16
    endloop
  endfacet
  facet normal 1 0 0
    outer loop
      vertex 12 2.95 8
      vertex 12 0 16
      vertex 12 1.90735e-07 8
    endloop
  endfacet
  facet normal 1 -0 0
    outer loop
      vertex 12 12.8 1.77636e-15
      vertex 12 15.75 0
      vertex 12 15.75 1.77636e-15
    endloop
  endfacet
  facet normal 1 0 0
    outer loop
      vertex 12 9.35 1.77636e-15
      vertex 12 12.8 1.77636e-15
      vertex 12 9.35 8
    endloop
  endfacet
  facet normal 1 -0 0
    outer loop
      vertex 12 9.35 1.77636e-15
      vertex 12 15.75 0
      vertex 12 12.8 1.77636e-15
    endloop
  endfacet
  facet normal 1 -0 0
    outer loop
      vertex 12 6.4 1.77636e-15
      vertex 12 15.75 0
      vertex 12 9.35 1.77636e-15
    endloop
  endfacet
  facet normal 1 0 0
    outer loop
      vertex 12 2.95 1.77636e-15
      vertex 12 6.4 1.77636e-15
      vertex 12 2.95 8
    endloop
  endfacet
  facet normal 1 -0 0
    outer loop
      vertex 12 2.95 1.77636e-15
      vertex 12 15.75 0
      vertex 12 6.4 1.77636e-15
    endloop
  endfacet
  facet normal 1 -0 0
    outer loop
      vertex 12 1.90735e-07 1.77636e-15
      vertex 12 15.75 0
      vertex 12 2.95 1.77636e-15
    endloop
  endfacet
  facet normal 1 0 0
    outer loop
      vertex 12 1.90735e-07 1.77636e-15
      vertex 12 0 0
      vertex 12 15.75 0
    endloop
  endfacet
  facet normal 1 0 0
    outer loop
      vertex 12 1.90735e-07 8
      vertex 12 0 0
      vertex 12 1.90735e-07 1.77636e-15
    endloop
  endfacet
  facet normal 0 1 -0
    outer loop
      vertex 12 15.75 8
      vertex 0 15.75 16
      vertex 12 15.75 16
    endloop
  endfacet
  facet normal 0 1 0
    outer loop
      vertex 0 15.75 0
      vertex 12 15.75 8
      vertex 12 15.75 1.77636e-15
    endloop
  endfacet
  facet normal 0 1 0
    outer loop
      vertex 0 15.75 0
      vertex 12 15.75 1.77636e-15
      vertex 12 15.75 0
    endloop
  endfacet
  facet normal 0 1 0
    outer loop
      vertex 12 15.75 8
      vertex 0 15.75 0
      vertex 0 15.75 16
    endloop
  endfacet
  facet normal 0 0 -1
    outer loop
      vertex 0 0 0
      vertex 12 15.75 0
      vertex 12 0 0
    endloop
  endfacet
  facet normal -0 0 -1
    outer loop
      vertex 12 15.75 0
      vertex 0 0 0
      vertex 0 15.75 0
    endloop
  endfacet
  facet normal 0 -1 0
    outer loop
      vertex 0 0 0
      vertex 12 0 16
      vertex 0 0 16
    endloop
  endfacet
  facet normal 0 -1 -0
    outer loop
      vertex 12 0 16
      vertex 0 0 0
      vertex 12 0 0
    endloop
  endfacet
endsolid OpenSCAD_Model
